"drug","task","model","repeat","fold","candidate","parameter","value","inner_score"
"sunitinib","regression","rf",1,1,1,"mtry","5",0.143228744621901
"sunitinib","regression","rf",1,1,1,"min.node.size","5",0.143228744621901
"sunitinib","regression","rf",1,1,1,"sample.fraction","0.55",0.143228744621901
"sunitinib","regression","rf",1,1,1,"max.depth","0",0.143228744621901
"sunitinib","regression","rf",1,1,1,"num.trees","500",0.143228744621901
"sunitinib","regression","rf",1,1,2,"mtry","35",0.144243426269006
"sunitinib","regression","rf",1,1,2,"min.node.size","5",0.144243426269006
"sunitinib","regression","rf",1,1,2,"sample.fraction","0.632",0.144243426269006
"sunitinib","regression","rf",1,1,2,"max.depth","0",0.144243426269006
"sunitinib","regression","rf",1,1,2,"num.trees","500",0.144243426269006
"sunitinib","regression","rf",1,1,3,"mtry","5",0.142273835435048
"sunitinib","regression","rf",1,1,3,"min.node.size","10",0.142273835435048
"sunitinib","regression","rf",1,1,3,"sample.fraction","0.75",0.142273835435048
"sunitinib","regression","rf",1,1,3,"max.depth","0",0.142273835435048
"sunitinib","regression","rf",1,1,3,"num.trees","500",0.142273835435048
"sunitinib","regression","rf",1,1,4,"mtry","35",0.142359213507684
"sunitinib","regression","rf",1,1,4,"min.node.size","10",0.142359213507684
"sunitinib","regression","rf",1,1,4,"sample.fraction","0.75",0.142359213507684
"sunitinib","regression","rf",1,1,4,"max.depth","0",0.142359213507684
"sunitinib","regression","rf",1,1,4,"num.trees","500",0.142359213507684
"sunitinib","regression","rf",1,1,5,"mtry","10",0.14411222851159
"sunitinib","regression","rf",1,1,5,"min.node.size","3",0.14411222851159
"sunitinib","regression","rf",1,1,5,"sample.fraction","0.632",0.14411222851159
"sunitinib","regression","rf",1,1,5,"max.depth","20",0.14411222851159
"sunitinib","regression","rf",1,1,5,"num.trees","500",0.14411222851159
"sunitinib","regression","rf",1,1,6,"mtry","50",0.143386256035872
"sunitinib","regression","rf",1,1,6,"min.node.size","5",0.143386256035872
"sunitinib","regression","rf",1,1,6,"sample.fraction","0.632",0.143386256035872
"sunitinib","regression","rf",1,1,6,"max.depth","20",0.143386256035872
"sunitinib","regression","rf",1,1,6,"num.trees","500",0.143386256035872
"sunitinib","regression","rf",1,1,7,"mtry","14",0.143053564069892
"sunitinib","regression","rf",1,1,7,"min.node.size","1",0.143053564069892
"sunitinib","regression","rf",1,1,7,"sample.fraction","0.55",0.143053564069892
"sunitinib","regression","rf",1,1,7,"max.depth","30",0.143053564069892
"sunitinib","regression","rf",1,1,7,"num.trees","500",0.143053564069892
"sunitinib","regression","rf",1,1,8,"mtry","20",0.143620396305065
"sunitinib","regression","rf",1,1,8,"min.node.size","5",0.143620396305065
"sunitinib","regression","rf",1,1,8,"sample.fraction","0.75",0.143620396305065
"sunitinib","regression","rf",1,1,8,"max.depth","30",0.143620396305065
"sunitinib","regression","rf",1,1,8,"num.trees","500",0.143620396305065
"sunitinib","regression","rf",1,1,9,"mtry","50",0.144074961120724
"sunitinib","regression","rf",1,1,9,"min.node.size","3",0.144074961120724
"sunitinib","regression","rf",1,1,9,"sample.fraction","0.55",0.144074961120724
"sunitinib","regression","rf",1,1,9,"max.depth","40",0.144074961120724
"sunitinib","regression","rf",1,1,9,"num.trees","500",0.144074961120724
"sunitinib","regression","rf",1,1,10,"mtry","14",0.143079874308784
"sunitinib","regression","rf",1,1,10,"min.node.size","5",0.143079874308784
"sunitinib","regression","rf",1,1,10,"sample.fraction","0.55",0.143079874308784
"sunitinib","regression","rf",1,1,10,"max.depth","40",0.143079874308784
"sunitinib","regression","rf",1,1,10,"num.trees","500",0.143079874308784
"sunitinib","regression","rf",1,1,11,"mtry","14",0.143456511749375
"sunitinib","regression","rf",1,1,11,"min.node.size","1",0.143456511749375
"sunitinib","regression","rf",1,1,11,"sample.fraction","0.632",0.143456511749375
"sunitinib","regression","rf",1,1,11,"max.depth","40",0.143456511749375
"sunitinib","regression","rf",1,1,11,"num.trees","500",0.143456511749375
"sunitinib","regression","rf",1,1,12,"mtry","5",0.142600800114019
"sunitinib","regression","rf",1,1,12,"min.node.size","10",0.142600800114019
"sunitinib","regression","rf",1,1,12,"sample.fraction","0.632",0.142600800114019
"sunitinib","regression","rf",1,1,12,"max.depth","40",0.142600800114019
"sunitinib","regression","rf",1,1,12,"num.trees","500",0.142600800114019
"sunitinib","regression","ridge",1,1,1,"alpha","0",0.145622788434887
"sunitinib","regression","ridge",1,1,1,"lambda","1.517979686",0.145622788434887
"sunitinib","regression","ridge",1,1,1,"measure","mse",0.145622788434887
"sunitinib","regression","lasso",1,1,1,"alpha","1",0.145941895646586
"sunitinib","regression","lasso",1,1,1,"lambda","0.02151696985",0.145941895646586
"sunitinib","regression","lasso",1,1,1,"measure","mse",0.145941895646586
"sunitinib","regression","enet",1,1,1,"alpha","0.1",0.146588056770559
"sunitinib","regression","enet",1,1,1,"lambda","0.1483081269",0.146588056770559
"sunitinib","regression","enet",1,1,1,"measure","mse",0.146588056770559
"sunitinib","regression","enet",1,1,2,"alpha","0.2",0.146414846693328
"sunitinib","regression","enet",1,1,2,"lambda","0.09357181535",0.146414846693328
"sunitinib","regression","enet",1,1,2,"measure","mse",0.146414846693328
"sunitinib","regression","enet",1,1,3,"alpha","0.3",0.146129341864003
"sunitinib","regression","enet",1,1,3,"lambda","0.07172323285",0.146129341864003
"sunitinib","regression","enet",1,1,3,"measure","mse",0.146129341864003
"sunitinib","regression","enet",1,1,4,"alpha","0.4",0.14599540398107
"sunitinib","regression","enet",1,1,4,"lambda","0.05379242464",0.14599540398107
"sunitinib","regression","enet",1,1,4,"measure","mse",0.14599540398107
"sunitinib","regression","enet",1,1,5,"alpha","0.5",0.145965232034223
"sunitinib","regression","enet",1,1,5,"lambda","0.04303393971",0.145965232034223
"sunitinib","regression","enet",1,1,5,"measure","mse",0.145965232034223
"sunitinib","regression","enet",1,1,6,"alpha","0.6",0.145944175227651
"sunitinib","regression","enet",1,1,6,"lambda","0.03586161642",0.145944175227651
"sunitinib","regression","enet",1,1,6,"measure","mse",0.145944175227651
"sunitinib","regression","enet",1,1,7,"alpha","0.7",0.145926310932399
"sunitinib","regression","enet",1,1,7,"lambda","0.03073852836",0.145926310932399
"sunitinib","regression","enet",1,1,7,"measure","mse",0.145926310932399
"sunitinib","regression","enet",1,1,8,"alpha","0.8",0.14592040268814
"sunitinib","regression","enet",1,1,8,"lambda","0.02689621232",0.14592040268814
"sunitinib","regression","enet",1,1,8,"measure","mse",0.14592040268814
"sunitinib","regression","enet",1,1,9,"alpha","0.9",0.145929459117116
"sunitinib","regression","enet",1,1,9,"lambda","0.02390774428",0.145929459117116
"sunitinib","regression","enet",1,1,9,"measure","mse",0.145929459117116
"sunitinib","regression","svm_linear",1,1,1,"cost","0.01",0.151994752560303
"sunitinib","regression","svm_linear",1,1,1,"epsilon","0.05",0.151994752560303
"sunitinib","regression","svm_linear",1,1,2,"cost","0.1",0.18825049325419
"sunitinib","regression","svm_linear",1,1,2,"epsilon","0.05",0.18825049325419
"sunitinib","regression","svm_linear",1,1,3,"cost","1",0.256212795944844
"sunitinib","regression","svm_linear",1,1,3,"epsilon","0.05",0.256212795944844
"sunitinib","regression","svm_linear",1,1,4,"cost","10",0.256212795944844
"sunitinib","regression","svm_linear",1,1,4,"epsilon","0.05",0.256212795944844
"sunitinib","regression","svm_linear",1,1,5,"cost","0.01",0.151474425096869
"sunitinib","regression","svm_linear",1,1,5,"epsilon","0.1",0.151474425096869
"sunitinib","regression","svm_linear",1,1,6,"cost","0.1",0.185772626500309
"sunitinib","regression","svm_linear",1,1,6,"epsilon","0.1",0.185772626500309
"sunitinib","regression","svm_linear",1,1,7,"cost","1",0.243580855331853
"sunitinib","regression","svm_linear",1,1,7,"epsilon","0.1",0.243580855331853
"sunitinib","regression","svm_linear",1,1,8,"cost","10",0.243580855331853
"sunitinib","regression","svm_linear",1,1,8,"epsilon","0.1",0.243580855331853
"sunitinib","regression","svm_linear",1,1,9,"cost","0.01",0.151126216507988
"sunitinib","regression","svm_linear",1,1,9,"epsilon","0.2",0.151126216507988
"sunitinib","regression","svm_linear",1,1,10,"cost","0.1",0.180004853012831
"sunitinib","regression","svm_linear",1,1,10,"epsilon","0.2",0.180004853012831
"sunitinib","regression","svm_linear",1,1,11,"cost","1",0.223066103584034
"sunitinib","regression","svm_linear",1,1,11,"epsilon","0.2",0.223066103584034
"sunitinib","regression","svm_linear",1,1,12,"cost","10",0.223066103584034
"sunitinib","regression","svm_linear",1,1,12,"epsilon","0.2",0.223066103584034
"sunitinib","regression","rf",1,2,1,"mtry","5",0.139023942579788
"sunitinib","regression","rf",1,2,1,"min.node.size","10",0.139023942579788
"sunitinib","regression","rf",1,2,1,"sample.fraction","0.55",0.139023942579788
"sunitinib","regression","rf",1,2,1,"max.depth","0",0.139023942579788
"sunitinib","regression","rf",1,2,1,"num.trees","500",0.139023942579788
"sunitinib","regression","rf",1,2,2,"mtry","14",0.13808252412995
"sunitinib","regression","rf",1,2,2,"min.node.size","5",0.13808252412995
"sunitinib","regression","rf",1,2,2,"sample.fraction","0.75",0.13808252412995
"sunitinib","regression","rf",1,2,2,"max.depth","0",0.13808252412995
"sunitinib","regression","rf",1,2,2,"num.trees","500",0.13808252412995
"sunitinib","regression","rf",1,2,3,"mtry","5",0.137904519547014
"sunitinib","regression","rf",1,2,3,"min.node.size","1",0.137904519547014
"sunitinib","regression","rf",1,2,3,"sample.fraction","0.55",0.137904519547014
"sunitinib","regression","rf",1,2,3,"max.depth","20",0.137904519547014
"sunitinib","regression","rf",1,2,3,"num.trees","500",0.137904519547014
"sunitinib","regression","rf",1,2,4,"mtry","50",0.138104497144301
"sunitinib","regression","rf",1,2,4,"min.node.size","10",0.138104497144301
"sunitinib","regression","rf",1,2,4,"sample.fraction","0.632",0.138104497144301
"sunitinib","regression","rf",1,2,4,"max.depth","20",0.138104497144301
"sunitinib","regression","rf",1,2,4,"num.trees","500",0.138104497144301
"sunitinib","regression","rf",1,2,5,"mtry","14",0.137464018692398
"sunitinib","regression","rf",1,2,5,"min.node.size","1",0.137464018692398
"sunitinib","regression","rf",1,2,5,"sample.fraction","0.75",0.137464018692398
"sunitinib","regression","rf",1,2,5,"max.depth","20",0.137464018692398
"sunitinib","regression","rf",1,2,5,"num.trees","500",0.137464018692398
"sunitinib","regression","rf",1,2,6,"mtry","20",0.137594153182878
"sunitinib","regression","rf",1,2,6,"min.node.size","5",0.137594153182878
"sunitinib","regression","rf",1,2,6,"sample.fraction","0.75",0.137594153182878
"sunitinib","regression","rf",1,2,6,"max.depth","20",0.137594153182878
"sunitinib","regression","rf",1,2,6,"num.trees","500",0.137594153182878
"sunitinib","regression","rf",1,2,7,"mtry","14",0.138896036772902
"sunitinib","regression","rf",1,2,7,"min.node.size","5",0.138896036772902
"sunitinib","regression","rf",1,2,7,"sample.fraction","0.55",0.138896036772902
"sunitinib","regression","rf",1,2,7,"max.depth","30",0.138896036772902
"sunitinib","regression","rf",1,2,7,"num.trees","500",0.138896036772902
"sunitinib","regression","rf",1,2,8,"mtry","50",0.136655296554849
"sunitinib","regression","rf",1,2,8,"min.node.size","1",0.136655296554849
"sunitinib","regression","rf",1,2,8,"sample.fraction","0.632",0.136655296554849
"sunitinib","regression","rf",1,2,8,"max.depth","30",0.136655296554849
"sunitinib","regression","rf",1,2,8,"num.trees","500",0.136655296554849
"sunitinib","regression","rf",1,2,9,"mtry","20",0.137036792990189
"sunitinib","regression","rf",1,2,9,"min.node.size","3",0.137036792990189
"sunitinib","regression","rf",1,2,9,"sample.fraction","0.75",0.137036792990189
"sunitinib","regression","rf",1,2,9,"max.depth","30",0.137036792990189
"sunitinib","regression","rf",1,2,9,"num.trees","500",0.137036792990189
"sunitinib","regression","rf",1,2,10,"mtry","5",0.137904555913868
"sunitinib","regression","rf",1,2,10,"min.node.size","1",0.137904555913868
"sunitinib","regression","rf",1,2,10,"sample.fraction","0.55",0.137904555913868
"sunitinib","regression","rf",1,2,10,"max.depth","40",0.137904555913868
"sunitinib","regression","rf",1,2,10,"num.trees","500",0.137904555913868
"sunitinib","regression","rf",1,2,11,"mtry","5",0.136725027681983
"sunitinib","regression","rf",1,2,11,"min.node.size","1",0.136725027681983
"sunitinib","regression","rf",1,2,11,"sample.fraction","0.632",0.136725027681983
"sunitinib","regression","rf",1,2,11,"max.depth","40",0.136725027681983
"sunitinib","regression","rf",1,2,11,"num.trees","500",0.136725027681983
"sunitinib","regression","rf",1,2,12,"mtry","20",0.136766746790412
"sunitinib","regression","rf",1,2,12,"min.node.size","1",0.136766746790412
"sunitinib","regression","rf",1,2,12,"sample.fraction","0.75",0.136766746790412
"sunitinib","regression","rf",1,2,12,"max.depth","40",0.136766746790412
"sunitinib","regression","rf",1,2,12,"num.trees","500",0.136766746790412
"sunitinib","regression","ridge",1,2,1,"alpha","0",0.139582666875181
"sunitinib","regression","ridge",1,2,1,"lambda","0.6154805771",0.139582666875181
"sunitinib","regression","ridge",1,2,1,"measure","mse",0.139582666875181
"sunitinib","regression","lasso",1,2,1,"alpha","1",0.144076208907064
"sunitinib","regression","lasso",1,2,1,"lambda","0.005739992461",0.144076208907064
"sunitinib","regression","lasso",1,2,1,"measure","mse",0.144076208907064
"sunitinib","regression","enet",1,2,1,"alpha","0.1",0.141531480374106
"sunitinib","regression","enet",1,2,1,"lambda","0.07243048996",0.141531480374106
"sunitinib","regression","enet",1,2,1,"measure","mse",0.141531480374106
"sunitinib","regression","enet",1,2,2,"alpha","0.2",0.142472891113354
"sunitinib","regression","enet",1,2,2,"lambda","0.04163873126",0.142472891113354
"sunitinib","regression","enet",1,2,2,"measure","mse",0.142472891113354
"sunitinib","regression","enet",1,2,3,"alpha","0.3",0.14302207202229
"sunitinib","regression","enet",1,2,3,"lambda","0.02775915417",0.14302207202229
"sunitinib","regression","enet",1,2,3,"measure","mse",0.14302207202229
"sunitinib","regression","enet",1,2,4,"alpha","0.4",0.143403574772937
"sunitinib","regression","enet",1,2,4,"lambda","0.02883245572",0.143403574772937
"sunitinib","regression","enet",1,2,4,"measure","mse",0.143403574772937
"sunitinib","regression","enet",1,2,5,"alpha","0.5",0.143691215965085
"sunitinib","regression","enet",1,2,5,"lambda","0.02306596458",0.143691215965085
"sunitinib","regression","enet",1,2,5,"measure","mse",0.143691215965085
"sunitinib","regression","enet",1,2,6,"alpha","0.6",0.143892778897778
"sunitinib","regression","enet",1,2,6,"lambda","0.02013688987",0.143892778897778
"sunitinib","regression","enet",1,2,6,"measure","mse",0.143892778897778
"sunitinib","regression","enet",1,2,7,"alpha","0.7",0.144001869348146
"sunitinib","regression","enet",1,2,7,"lambda","0.009876916058",0.144001869348146
"sunitinib","regression","enet",1,2,7,"measure","mse",0.144001869348146
"sunitinib","regression","enet",1,2,8,"alpha","0.8",0.144050551510903
"sunitinib","regression","enet",1,2,8,"lambda","0.006537584189",0.144050551510903
"sunitinib","regression","enet",1,2,8,"measure","mse",0.144050551510903
"sunitinib","regression","enet",1,2,9,"alpha","0.9",0.144065580589185
"sunitinib","regression","enet",1,2,9,"lambda","0.006087889939",0.144065580589185
"sunitinib","regression","enet",1,2,9,"measure","mse",0.144065580589185
"sunitinib","regression","svm_linear",1,2,1,"cost","0.01",0.147167703701265
"sunitinib","regression","svm_linear",1,2,1,"epsilon","0.05",0.147167703701265
"sunitinib","regression","svm_linear",1,2,2,"cost","0.1",0.174650061808315
"sunitinib","regression","svm_linear",1,2,2,"epsilon","0.05",0.174650061808315
"sunitinib","regression","svm_linear",1,2,3,"cost","1",0.218071180412734
"sunitinib","regression","svm_linear",1,2,3,"epsilon","0.05",0.218071180412734
"sunitinib","regression","svm_linear",1,2,4,"cost","10",0.218071180412734
"sunitinib","regression","svm_linear",1,2,4,"epsilon","0.05",0.218071180412734
"sunitinib","regression","svm_linear",1,2,5,"cost","0.01",0.146104830246316
"sunitinib","regression","svm_linear",1,2,5,"epsilon","0.1",0.146104830246316
"sunitinib","regression","svm_linear",1,2,6,"cost","0.1",0.171215138034576
"sunitinib","regression","svm_linear",1,2,6,"epsilon","0.1",0.171215138034576
"sunitinib","regression","svm_linear",1,2,7,"cost","1",0.20852447211589
"sunitinib","regression","svm_linear",1,2,7,"epsilon","0.1",0.20852447211589
"sunitinib","regression","svm_linear",1,2,8,"cost","10",0.20852447211589
"sunitinib","regression","svm_linear",1,2,8,"epsilon","0.1",0.20852447211589
"sunitinib","regression","svm_linear",1,2,9,"cost","0.01",0.144481770948818
"sunitinib","regression","svm_linear",1,2,9,"epsilon","0.2",0.144481770948818
"sunitinib","regression","svm_linear",1,2,10,"cost","0.1",0.166814814429244
"sunitinib","regression","svm_linear",1,2,10,"epsilon","0.2",0.166814814429244
"sunitinib","regression","svm_linear",1,2,11,"cost","1",0.193379645534669
"sunitinib","regression","svm_linear",1,2,11,"epsilon","0.2",0.193379645534669
"sunitinib","regression","svm_linear",1,2,12,"cost","10",0.193379645534669
"sunitinib","regression","svm_linear",1,2,12,"epsilon","0.2",0.193379645534669
"sunitinib","regression","rf",1,3,1,"mtry","35",0.148342947644302
"sunitinib","regression","rf",1,3,1,"min.node.size","1",0.148342947644302
"sunitinib","regression","rf",1,3,1,"sample.fraction","0.55",0.148342947644302
"sunitinib","regression","rf",1,3,1,"max.depth","0",0.148342947644302
"sunitinib","regression","rf",1,3,1,"num.trees","500",0.148342947644302
"sunitinib","regression","rf",1,3,2,"mtry","50",0.149738565455483
"sunitinib","regression","rf",1,3,2,"min.node.size","3",0.149738565455483
"sunitinib","regression","rf",1,3,2,"sample.fraction","0.55",0.149738565455483
"sunitinib","regression","rf",1,3,2,"max.depth","0",0.149738565455483
"sunitinib","regression","rf",1,3,2,"num.trees","500",0.149738565455483
"sunitinib","regression","rf",1,3,3,"mtry","14",0.149356773842963
"sunitinib","regression","rf",1,3,3,"min.node.size","5",0.149356773842963
"sunitinib","regression","rf",1,3,3,"sample.fraction","0.55",0.149356773842963
"sunitinib","regression","rf",1,3,3,"max.depth","0",0.149356773842963
"sunitinib","regression","rf",1,3,3,"num.trees","500",0.149356773842963
"sunitinib","regression","rf",1,3,4,"mtry","10",0.147671121859104
"sunitinib","regression","rf",1,3,4,"min.node.size","3",0.147671121859104
"sunitinib","regression","rf",1,3,4,"sample.fraction","0.55",0.147671121859104
"sunitinib","regression","rf",1,3,4,"max.depth","20",0.147671121859104
"sunitinib","regression","rf",1,3,4,"num.trees","500",0.147671121859104
"sunitinib","regression","rf",1,3,5,"mtry","50",0.150672175230203
"sunitinib","regression","rf",1,3,5,"min.node.size","5",0.150672175230203
"sunitinib","regression","rf",1,3,5,"sample.fraction","0.632",0.150672175230203
"sunitinib","regression","rf",1,3,5,"max.depth","20",0.150672175230203
"sunitinib","regression","rf",1,3,5,"num.trees","500",0.150672175230203
"sunitinib","regression","rf",1,3,6,"mtry","14",0.149199570525782
"sunitinib","regression","rf",1,3,6,"min.node.size","1",0.149199570525782
"sunitinib","regression","rf",1,3,6,"sample.fraction","0.75",0.149199570525782
"sunitinib","regression","rf",1,3,6,"max.depth","20",0.149199570525782
"sunitinib","regression","rf",1,3,6,"num.trees","500",0.149199570525782
"sunitinib","regression","rf",1,3,7,"mtry","10",0.14923562819637
"sunitinib","regression","rf",1,3,7,"min.node.size","5",0.14923562819637
"sunitinib","regression","rf",1,3,7,"sample.fraction","0.75",0.14923562819637
"sunitinib","regression","rf",1,3,7,"max.depth","20",0.14923562819637
"sunitinib","regression","rf",1,3,7,"num.trees","500",0.14923562819637
"sunitinib","regression","rf",1,3,8,"mtry","50",0.15037350706904
"sunitinib","regression","rf",1,3,8,"min.node.size","5",0.15037350706904
"sunitinib","regression","rf",1,3,8,"sample.fraction","0.55",0.15037350706904
"sunitinib","regression","rf",1,3,8,"max.depth","30",0.15037350706904
"sunitinib","regression","rf",1,3,8,"num.trees","500",0.15037350706904
"sunitinib","regression","rf",1,3,9,"mtry","10",0.148064034158687
"sunitinib","regression","rf",1,3,9,"min.node.size","1",0.148064034158687
"sunitinib","regression","rf",1,3,9,"sample.fraction","0.632",0.148064034158687
"sunitinib","regression","rf",1,3,9,"max.depth","30",0.148064034158687
"sunitinib","regression","rf",1,3,9,"num.trees","500",0.148064034158687
"sunitinib","regression","rf",1,3,10,"mtry","10",0.147671196404981
"sunitinib","regression","rf",1,3,10,"min.node.size","3",0.147671196404981
"sunitinib","regression","rf",1,3,10,"sample.fraction","0.55",0.147671196404981
"sunitinib","regression","rf",1,3,10,"max.depth","40",0.147671196404981
"sunitinib","regression","rf",1,3,10,"num.trees","500",0.147671196404981
"sunitinib","regression","rf",1,3,11,"mtry","10",0.149009596191086
"sunitinib","regression","rf",1,3,11,"min.node.size","10",0.149009596191086
"sunitinib","regression","rf",1,3,11,"sample.fraction","0.55",0.149009596191086
"sunitinib","regression","rf",1,3,11,"max.depth","40",0.149009596191086
"sunitinib","regression","rf",1,3,11,"num.trees","500",0.149009596191086
"sunitinib","regression","rf",1,3,12,"mtry","14",0.14919918753398
"sunitinib","regression","rf",1,3,12,"min.node.size","1",0.14919918753398
"sunitinib","regression","rf",1,3,12,"sample.fraction","0.75",0.14919918753398
"sunitinib","regression","rf",1,3,12,"max.depth","40",0.14919918753398
"sunitinib","regression","rf",1,3,12,"num.trees","500",0.14919918753398
"sunitinib","regression","ridge",1,3,1,"alpha","0",0.149146972938927
"sunitinib","regression","ridge",1,3,1,"lambda","0.7665960024",0.149146972938927
"sunitinib","regression","ridge",1,3,1,"measure","mse",0.149146972938927
"sunitinib","regression","lasso",1,3,1,"alpha","1",0.153276725500243
"sunitinib","regression","lasso",1,3,1,"lambda","0.008219957659",0.153276725500243
"sunitinib","regression","lasso",1,3,1,"measure","mse",0.153276725500243
"sunitinib","regression","enet",1,3,1,"alpha","0.1",0.149436731599911
"sunitinib","regression","enet",1,3,1,"lambda","0.08219957659",0.149436731599911
"sunitinib","regression","enet",1,3,1,"measure","mse",0.149436731599911
"sunitinib","regression","enet",1,3,2,"alpha","0.2",0.150588970451901
"sunitinib","regression","enet",1,3,2,"lambda","0.0495048405",0.150588970451901
"sunitinib","regression","enet",1,3,2,"measure","mse",0.150588970451901
"sunitinib","regression","enet",1,3,3,"alpha","0.3",0.151288703290209
"sunitinib","regression","enet",1,3,3,"lambda","0.02496573092",0.151288703290209
"sunitinib","regression","enet",1,3,3,"measure","mse",0.151288703290209
"sunitinib","regression","enet",1,3,4,"alpha","0.4",0.15180347619952
"sunitinib","regression","enet",1,3,4,"lambda","0.02054989415",0.15180347619952
"sunitinib","regression","enet",1,3,4,"measure","mse",0.15180347619952
"sunitinib","regression","enet",1,3,5,"alpha","0.5",0.152191199690882
"sunitinib","regression","enet",1,3,5,"lambda","0.01643991532",0.152191199690882
"sunitinib","regression","enet",1,3,5,"measure","mse",0.152191199690882
"sunitinib","regression","enet",1,3,6,"alpha","0.6",0.152511470856793
"sunitinib","regression","enet",1,3,6,"lambda","0.01369992943",0.152511470856793
"sunitinib","regression","enet",1,3,6,"measure","mse",0.152511470856793
"sunitinib","regression","enet",1,3,7,"alpha","0.7",0.152784434097907
"sunitinib","regression","enet",1,3,7,"lambda","0.01174279666",0.152784434097907
"sunitinib","regression","enet",1,3,7,"measure","mse",0.152784434097907
"sunitinib","regression","enet",1,3,8,"alpha","0.8",0.153005090905011
"sunitinib","regression","enet",1,3,8,"lambda","0.01076419641",0.153005090905011
"sunitinib","regression","enet",1,3,8,"measure","mse",0.153005090905011
"sunitinib","regression","enet",1,3,9,"alpha","0.9",0.153159519672846
"sunitinib","regression","enet",1,3,9,"lambda","0.009133286287",0.153159519672846
"sunitinib","regression","enet",1,3,9,"measure","mse",0.153159519672846
"sunitinib","regression","svm_linear",1,3,1,"cost","0.01",0.153825527337988
"sunitinib","regression","svm_linear",1,3,1,"epsilon","0.05",0.153825527337988
"sunitinib","regression","svm_linear",1,3,2,"cost","0.1",0.176513082202331
"sunitinib","regression","svm_linear",1,3,2,"epsilon","0.05",0.176513082202331
"sunitinib","regression","svm_linear",1,3,3,"cost","1",0.242532800082229
"sunitinib","regression","svm_linear",1,3,3,"epsilon","0.05",0.242532800082229
"sunitinib","regression","svm_linear",1,3,4,"cost","10",0.242532800082229
"sunitinib","regression","svm_linear",1,3,4,"epsilon","0.05",0.242532800082229
"sunitinib","regression","svm_linear",1,3,5,"cost","0.01",0.154279163217467
"sunitinib","regression","svm_linear",1,3,5,"epsilon","0.1",0.154279163217467
"sunitinib","regression","svm_linear",1,3,6,"cost","0.1",0.177090448692232
"sunitinib","regression","svm_linear",1,3,6,"epsilon","0.1",0.177090448692232
"sunitinib","regression","svm_linear",1,3,7,"cost","1",0.23047906148957
"sunitinib","regression","svm_linear",1,3,7,"epsilon","0.1",0.23047906148957
"sunitinib","regression","svm_linear",1,3,8,"cost","10",0.23047906148957
"sunitinib","regression","svm_linear",1,3,8,"epsilon","0.1",0.23047906148957
"sunitinib","regression","svm_linear",1,3,9,"cost","0.01",0.155734087989066
"sunitinib","regression","svm_linear",1,3,9,"epsilon","0.2",0.155734087989066
"sunitinib","regression","svm_linear",1,3,10,"cost","0.1",0.180611816316735
"sunitinib","regression","svm_linear",1,3,10,"epsilon","0.2",0.180611816316735
"sunitinib","regression","svm_linear",1,3,11,"cost","1",0.215135501118842
"sunitinib","regression","svm_linear",1,3,11,"epsilon","0.2",0.215135501118842
"sunitinib","regression","svm_linear",1,3,12,"cost","10",0.215135501118842
"sunitinib","regression","svm_linear",1,3,12,"epsilon","0.2",0.215135501118842
"sunitinib","regression","rf",1,4,1,"mtry","35",0.143170567364374
"sunitinib","regression","rf",1,4,1,"min.node.size","1",0.143170567364374
"sunitinib","regression","rf",1,4,1,"sample.fraction","0.55",0.143170567364374
"sunitinib","regression","rf",1,4,1,"max.depth","0",0.143170567364374
"sunitinib","regression","rf",1,4,1,"num.trees","500",0.143170567364374
"sunitinib","regression","rf",1,4,2,"mtry","14",0.141301951343049
"sunitinib","regression","rf",1,4,2,"min.node.size","10",0.141301951343049
"sunitinib","regression","rf",1,4,2,"sample.fraction","0.55",0.141301951343049
"sunitinib","regression","rf",1,4,2,"max.depth","0",0.141301951343049
"sunitinib","regression","rf",1,4,2,"num.trees","500",0.141301951343049
"sunitinib","regression","rf",1,4,3,"mtry","5",0.14068804216497
"sunitinib","regression","rf",1,4,3,"min.node.size","10",0.14068804216497
"sunitinib","regression","rf",1,4,3,"sample.fraction","0.632",0.14068804216497
"sunitinib","regression","rf",1,4,3,"max.depth","0",0.14068804216497
"sunitinib","regression","rf",1,4,3,"num.trees","500",0.14068804216497
"sunitinib","regression","rf",1,4,4,"mtry","5",0.141894789781498
"sunitinib","regression","rf",1,4,4,"min.node.size","3",0.141894789781498
"sunitinib","regression","rf",1,4,4,"sample.fraction","0.75",0.141894789781498
"sunitinib","regression","rf",1,4,4,"max.depth","0",0.141894789781498
"sunitinib","regression","rf",1,4,4,"num.trees","500",0.141894789781498
"sunitinib","regression","rf",1,4,5,"mtry","5",0.141758839400182
"sunitinib","regression","rf",1,4,5,"min.node.size","5",0.141758839400182
"sunitinib","regression","rf",1,4,5,"sample.fraction","0.75",0.141758839400182
"sunitinib","regression","rf",1,4,5,"max.depth","0",0.141758839400182
"sunitinib","regression","rf",1,4,5,"num.trees","500",0.141758839400182
"sunitinib","regression","rf",1,4,6,"mtry","20",0.1427190904452
"sunitinib","regression","rf",1,4,6,"min.node.size","10",0.1427190904452
"sunitinib","regression","rf",1,4,6,"sample.fraction","0.55",0.1427190904452
"sunitinib","regression","rf",1,4,6,"max.depth","20",0.1427190904452
"sunitinib","regression","rf",1,4,6,"num.trees","500",0.1427190904452
"sunitinib","regression","rf",1,4,7,"mtry","20",0.144722421702119
"sunitinib","regression","rf",1,4,7,"min.node.size","1",0.144722421702119
"sunitinib","regression","rf",1,4,7,"sample.fraction","0.632",0.144722421702119
"sunitinib","regression","rf",1,4,7,"max.depth","20",0.144722421702119
"sunitinib","regression","rf",1,4,7,"num.trees","500",0.144722421702119
"sunitinib","regression","rf",1,4,8,"mtry","35",0.14417256859356
"sunitinib","regression","rf",1,4,8,"min.node.size","10",0.14417256859356
"sunitinib","regression","rf",1,4,8,"sample.fraction","0.632",0.14417256859356
"sunitinib","regression","rf",1,4,8,"max.depth","20",0.14417256859356
"sunitinib","regression","rf",1,4,8,"num.trees","500",0.14417256859356
"sunitinib","regression","rf",1,4,9,"mtry","20",0.144273086139513
"sunitinib","regression","rf",1,4,9,"min.node.size","10",0.144273086139513
"sunitinib","regression","rf",1,4,9,"sample.fraction","0.75",0.144273086139513
"sunitinib","regression","rf",1,4,9,"max.depth","20",0.144273086139513
"sunitinib","regression","rf",1,4,9,"num.trees","500",0.144273086139513
"sunitinib","regression","rf",1,4,10,"mtry","14",0.141301951343049
"sunitinib","regression","rf",1,4,10,"min.node.size","10",0.141301951343049
"sunitinib","regression","rf",1,4,10,"sample.fraction","0.55",0.141301951343049
"sunitinib","regression","rf",1,4,10,"max.depth","30",0.141301951343049
"sunitinib","regression","rf",1,4,10,"num.trees","500",0.141301951343049
"sunitinib","regression","rf",1,4,11,"mtry","10",0.144301156310175
"sunitinib","regression","rf",1,4,11,"min.node.size","3",0.144301156310175
"sunitinib","regression","rf",1,4,11,"sample.fraction","0.75",0.144301156310175
"sunitinib","regression","rf",1,4,11,"max.depth","30",0.144301156310175
"sunitinib","regression","rf",1,4,11,"num.trees","500",0.144301156310175
"sunitinib","regression","rf",1,4,12,"mtry","5",0.140454413917659
"sunitinib","regression","rf",1,4,12,"min.node.size","10",0.140454413917659
"sunitinib","regression","rf",1,4,12,"sample.fraction","0.75",0.140454413917659
"sunitinib","regression","rf",1,4,12,"max.depth","40",0.140454413917659
"sunitinib","regression","rf",1,4,12,"num.trees","500",0.140454413917659
"sunitinib","regression","ridge",1,4,1,"alpha","0",0.140772352552296
"sunitinib","regression","ridge",1,4,1,"lambda","1.537004665",0.140772352552296
"sunitinib","regression","ridge",1,4,1,"measure","mse",0.140772352552296
"sunitinib","regression","lasso",1,4,1,"alpha","1",0.141732288489373
"sunitinib","regression","lasso",1,4,1,"lambda","0.01246711871",0.141732288489373
"sunitinib","regression","lasso",1,4,1,"measure","mse",0.141732288489373
"sunitinib","regression","enet",1,4,1,"alpha","0.1",0.140357640080343
"sunitinib","regression","enet",1,4,1,"lambda","0.1084326407",0.140357640080343
"sunitinib","regression","enet",1,4,1,"measure","mse",0.140357640080343
"sunitinib","regression","enet",1,4,2,"alpha","0.2",0.140350823250474
"sunitinib","regression","enet",1,4,2,"lambda","0.05421632033",0.140350823250474
"sunitinib","regression","enet",1,4,2,"measure","mse",0.140350823250474
"sunitinib","regression","enet",1,4,3,"alpha","0.3",0.140557363300737
"sunitinib","regression","enet",1,4,3,"lambda","0.03786524749",0.140557363300737
"sunitinib","regression","enet",1,4,3,"measure","mse",0.140557363300737
"sunitinib","regression","enet",1,4,4,"alpha","0.4",0.140803724465357
"sunitinib","regression","enet",1,4,4,"lambda","0.02839893562",0.140803724465357
"sunitinib","regression","enet",1,4,4,"measure","mse",0.140803724465357
"sunitinib","regression","enet",1,4,5,"alpha","0.5",0.141077707332167
"sunitinib","regression","enet",1,4,5,"lambda","0.02271914849",0.141077707332167
"sunitinib","regression","enet",1,4,5,"measure","mse",0.141077707332167
"sunitinib","regression","enet",1,4,6,"alpha","0.6",0.141283972458277
"sunitinib","regression","enet",1,4,6,"lambda","0.01893262374",0.141283972458277
"sunitinib","regression","enet",1,4,6,"measure","mse",0.141283972458277
"sunitinib","regression","enet",1,4,7,"alpha","0.7",0.141448296654538
"sunitinib","regression","enet",1,4,7,"lambda","0.01622796321",0.141448296654538
"sunitinib","regression","enet",1,4,7,"measure","mse",0.141448296654538
"sunitinib","regression","enet",1,4,8,"alpha","0.8",0.141566125420341
"sunitinib","regression","enet",1,4,8,"lambda","0.01419946781",0.141566125420341
"sunitinib","regression","enet",1,4,8,"measure","mse",0.141566125420341
"sunitinib","regression","enet",1,4,9,"alpha","0.9",0.14165825548242
"sunitinib","regression","enet",1,4,9,"lambda","0.01262174916",0.14165825548242
"sunitinib","regression","enet",1,4,9,"measure","mse",0.14165825548242
"sunitinib","regression","svm_linear",1,4,1,"cost","0.01",0.149373475773265
"sunitinib","regression","svm_linear",1,4,1,"epsilon","0.05",0.149373475773265
"sunitinib","regression","svm_linear",1,4,2,"cost","0.1",0.209851576600077
"sunitinib","regression","svm_linear",1,4,2,"epsilon","0.05",0.209851576600077
"sunitinib","regression","svm_linear",1,4,3,"cost","1",0.298388490212325
"sunitinib","regression","svm_linear",1,4,3,"epsilon","0.05",0.298388490212325
"sunitinib","regression","svm_linear",1,4,4,"cost","10",0.298388490212325
"sunitinib","regression","svm_linear",1,4,4,"epsilon","0.05",0.298388490212325
"sunitinib","regression","svm_linear",1,4,5,"cost","0.01",0.14905136345513
"sunitinib","regression","svm_linear",1,4,5,"epsilon","0.1",0.14905136345513
"sunitinib","regression","svm_linear",1,4,6,"cost","0.1",0.206378372548259
"sunitinib","regression","svm_linear",1,4,6,"epsilon","0.1",0.206378372548259
"sunitinib","regression","svm_linear",1,4,7,"cost","1",0.283451350991874
"sunitinib","regression","svm_linear",1,4,7,"epsilon","0.1",0.283451350991874
"sunitinib","regression","svm_linear",1,4,8,"cost","10",0.283451350991874
"sunitinib","regression","svm_linear",1,4,8,"epsilon","0.1",0.283451350991874
"sunitinib","regression","svm_linear",1,4,9,"cost","0.01",0.148791953292833
"sunitinib","regression","svm_linear",1,4,9,"epsilon","0.2",0.148791953292833
"sunitinib","regression","svm_linear",1,4,10,"cost","0.1",0.199270922163034
"sunitinib","regression","svm_linear",1,4,10,"epsilon","0.2",0.199270922163034
"sunitinib","regression","svm_linear",1,4,11,"cost","1",0.258042476090968
"sunitinib","regression","svm_linear",1,4,11,"epsilon","0.2",0.258042476090968
"sunitinib","regression","svm_linear",1,4,12,"cost","10",0.258042476090968
"sunitinib","regression","svm_linear",1,4,12,"epsilon","0.2",0.258042476090968
"sunitinib","regression","rf",1,5,1,"mtry","10",0.134681867473028
"sunitinib","regression","rf",1,5,1,"min.node.size","3",0.134681867473028
"sunitinib","regression","rf",1,5,1,"sample.fraction","0.632",0.134681867473028
"sunitinib","regression","rf",1,5,1,"max.depth","0",0.134681867473028
"sunitinib","regression","rf",1,5,1,"num.trees","500",0.134681867473028
"sunitinib","regression","rf",1,5,2,"mtry","14",0.136401786276985
"sunitinib","regression","rf",1,5,2,"min.node.size","1",0.136401786276985
"sunitinib","regression","rf",1,5,2,"sample.fraction","0.75",0.136401786276985
"sunitinib","regression","rf",1,5,2,"max.depth","0",0.136401786276985
"sunitinib","regression","rf",1,5,2,"num.trees","500",0.136401786276985
"sunitinib","regression","rf",1,5,3,"mtry","35",0.139200966217537
"sunitinib","regression","rf",1,5,3,"min.node.size","3",0.139200966217537
"sunitinib","regression","rf",1,5,3,"sample.fraction","0.75",0.139200966217537
"sunitinib","regression","rf",1,5,3,"max.depth","0",0.139200966217537
"sunitinib","regression","rf",1,5,3,"num.trees","500",0.139200966217537
"sunitinib","regression","rf",1,5,4,"mtry","5",0.133020012459354
"sunitinib","regression","rf",1,5,4,"min.node.size","5",0.133020012459354
"sunitinib","regression","rf",1,5,4,"sample.fraction","0.55",0.133020012459354
"sunitinib","regression","rf",1,5,4,"max.depth","20",0.133020012459354
"sunitinib","regression","rf",1,5,4,"num.trees","500",0.133020012459354
"sunitinib","regression","rf",1,5,5,"mtry","35",0.135607065471671
"sunitinib","regression","rf",1,5,5,"min.node.size","3",0.135607065471671
"sunitinib","regression","rf",1,5,5,"sample.fraction","0.55",0.135607065471671
"sunitinib","regression","rf",1,5,5,"max.depth","30",0.135607065471671
"sunitinib","regression","rf",1,5,5,"num.trees","500",0.135607065471671
"sunitinib","regression","rf",1,5,6,"mtry","50",0.136503813785906
"sunitinib","regression","rf",1,5,6,"min.node.size","5",0.136503813785906
"sunitinib","regression","rf",1,5,6,"sample.fraction","0.55",0.136503813785906
"sunitinib","regression","rf",1,5,6,"max.depth","30",0.136503813785906
"sunitinib","regression","rf",1,5,6,"num.trees","500",0.136503813785906
"sunitinib","regression","rf",1,5,7,"mtry","5",0.132925448977858
"sunitinib","regression","rf",1,5,7,"min.node.size","1",0.132925448977858
"sunitinib","regression","rf",1,5,7,"sample.fraction","0.75",0.132925448977858
"sunitinib","regression","rf",1,5,7,"max.depth","30",0.132925448977858
"sunitinib","regression","rf",1,5,7,"num.trees","500",0.132925448977858
"sunitinib","regression","rf",1,5,8,"mtry","20",0.137520137716379
"sunitinib","regression","rf",1,5,8,"min.node.size","3",0.137520137716379
"sunitinib","regression","rf",1,5,8,"sample.fraction","0.75",0.137520137716379
"sunitinib","regression","rf",1,5,8,"max.depth","30",0.137520137716379
"sunitinib","regression","rf",1,5,8,"num.trees","500",0.137520137716379
"sunitinib","regression","rf",1,5,9,"mtry","10",0.133982113098447
"sunitinib","regression","rf",1,5,9,"min.node.size","1",0.133982113098447
"sunitinib","regression","rf",1,5,9,"sample.fraction","0.55",0.133982113098447
"sunitinib","regression","rf",1,5,9,"max.depth","40",0.133982113098447
"sunitinib","regression","rf",1,5,9,"num.trees","500",0.133982113098447
"sunitinib","regression","rf",1,5,10,"mtry","5",0.132779088545257
"sunitinib","regression","rf",1,5,10,"min.node.size","3",0.132779088545257
"sunitinib","regression","rf",1,5,10,"sample.fraction","0.632",0.132779088545257
"sunitinib","regression","rf",1,5,10,"max.depth","40",0.132779088545257
"sunitinib","regression","rf",1,5,10,"num.trees","500",0.132779088545257
"sunitinib","regression","rf",1,5,11,"mtry","35",0.136398232146281
"sunitinib","regression","rf",1,5,11,"min.node.size","10",0.136398232146281
"sunitinib","regression","rf",1,5,11,"sample.fraction","0.632",0.136398232146281
"sunitinib","regression","rf",1,5,11,"max.depth","40",0.136398232146281
"sunitinib","regression","rf",1,5,11,"num.trees","500",0.136398232146281
"sunitinib","regression","rf",1,5,12,"mtry","10",0.135675770151023
"sunitinib","regression","rf",1,5,12,"min.node.size","1",0.135675770151023
"sunitinib","regression","rf",1,5,12,"sample.fraction","0.75",0.135675770151023
"sunitinib","regression","rf",1,5,12,"max.depth","40",0.135675770151023
"sunitinib","regression","rf",1,5,12,"num.trees","500",0.135675770151023
"sunitinib","regression","ridge",1,5,1,"alpha","0",0.134551866150295
"sunitinib","regression","ridge",1,5,1,"lambda","0.5852694022",0.134551866150295
"sunitinib","regression","ridge",1,5,1,"measure","mse",0.134551866150295
"sunitinib","regression","lasso",1,5,1,"alpha","1",0.134096951957619
"sunitinib","regression","lasso",1,5,1,"lambda","0.009538432967",0.134096951957619
"sunitinib","regression","lasso",1,5,1,"measure","mse",0.134096951957619
"sunitinib","regression","enet",1,5,1,"alpha","0.1",0.133138142853193
"sunitinib","regression","enet",1,5,1,"lambda","0.08691064871",0.133138142853193
"sunitinib","regression","enet",1,5,1,"measure","mse",0.133138142853193
"sunitinib","regression","enet",1,5,2,"alpha","0.2",0.133292693458575
"sunitinib","regression","enet",1,5,2,"lambda","0.04552448234",0.133292693458575
"sunitinib","regression","enet",1,5,2,"measure","mse",0.133292693458575
"sunitinib","regression","enet",1,5,3,"alpha","0.3",0.133470447811435
"sunitinib","regression","enet",1,5,3,"lambda","0.03179477656",0.133470447811435
"sunitinib","regression","enet",1,5,3,"measure","mse",0.133470447811435
"sunitinib","regression","enet",1,5,4,"alpha","0.4",0.133608053810959
"sunitinib","regression","enet",1,5,4,"lambda","0.02384608242",0.133608053810959
"sunitinib","regression","enet",1,5,4,"measure","mse",0.133608053810959
"sunitinib","regression","enet",1,5,5,"alpha","0.5",0.133736995697904
"sunitinib","regression","enet",1,5,5,"lambda","0.01907686593",0.133736995697904
"sunitinib","regression","enet",1,5,5,"measure","mse",0.133736995697904
"sunitinib","regression","enet",1,5,6,"alpha","0.6",0.133845395635986
"sunitinib","regression","enet",1,5,6,"lambda","0.01589738828",0.133845395635986
"sunitinib","regression","enet",1,5,6,"measure","mse",0.133845395635986
"sunitinib","regression","enet",1,5,7,"alpha","0.7",0.133931993772207
"sunitinib","regression","enet",1,5,7,"lambda","0.01362633281",0.133931993772207
"sunitinib","regression","enet",1,5,7,"measure","mse",0.133931993772207
"sunitinib","regression","enet",1,5,8,"alpha","0.8",0.134001787944696
"sunitinib","regression","enet",1,5,8,"lambda","0.01192304121",0.134001787944696
"sunitinib","regression","enet",1,5,8,"measure","mse",0.134001787944696
"sunitinib","regression","enet",1,5,9,"alpha","0.9",0.134051404618365
"sunitinib","regression","enet",1,5,9,"lambda","0.01059825885",0.134051404618365
"sunitinib","regression","enet",1,5,9,"measure","mse",0.134051404618365
"sunitinib","regression","svm_linear",1,5,1,"cost","0.01",0.137966865242944
"sunitinib","regression","svm_linear",1,5,1,"epsilon","0.05",0.137966865242944
"sunitinib","regression","svm_linear",1,5,2,"cost","0.1",0.173692049653571
"sunitinib","regression","svm_linear",1,5,2,"epsilon","0.05",0.173692049653571
"sunitinib","regression","svm_linear",1,5,3,"cost","1",0.237034190598341
"sunitinib","regression","svm_linear",1,5,3,"epsilon","0.05",0.237034190598341
"sunitinib","regression","svm_linear",1,5,4,"cost","10",0.237034190598341
"sunitinib","regression","svm_linear",1,5,4,"epsilon","0.05",0.237034190598341
"sunitinib","regression","svm_linear",1,5,5,"cost","0.01",0.137400457852559
"sunitinib","regression","svm_linear",1,5,5,"epsilon","0.1",0.137400457852559
"sunitinib","regression","svm_linear",1,5,6,"cost","0.1",0.172167481398397
"sunitinib","regression","svm_linear",1,5,6,"epsilon","0.1",0.172167481398397
"sunitinib","regression","svm_linear",1,5,7,"cost","1",0.225623322480669
"sunitinib","regression","svm_linear",1,5,7,"epsilon","0.1",0.225623322480669
"sunitinib","regression","svm_linear",1,5,8,"cost","10",0.225623322480669
"sunitinib","regression","svm_linear",1,5,8,"epsilon","0.1",0.225623322480669
"sunitinib","regression","svm_linear",1,5,9,"cost","0.01",0.137298785043945
"sunitinib","regression","svm_linear",1,5,9,"epsilon","0.2",0.137298785043945
"sunitinib","regression","svm_linear",1,5,10,"cost","0.1",0.168110762775301
"sunitinib","regression","svm_linear",1,5,10,"epsilon","0.2",0.168110762775301
"sunitinib","regression","svm_linear",1,5,11,"cost","1",0.206154207705458
"sunitinib","regression","svm_linear",1,5,11,"epsilon","0.2",0.206154207705458
"sunitinib","regression","svm_linear",1,5,12,"cost","10",0.206154207705458
"sunitinib","regression","svm_linear",1,5,12,"epsilon","0.2",0.206154207705458
"sunitinib","regression","rf",2,1,1,"mtry","5",0.144034419150956
"sunitinib","regression","rf",2,1,1,"min.node.size","5",0.144034419150956
"sunitinib","regression","rf",2,1,1,"sample.fraction","0.55",0.144034419150956
"sunitinib","regression","rf",2,1,1,"max.depth","0",0.144034419150956
"sunitinib","regression","rf",2,1,1,"num.trees","500",0.144034419150956
"sunitinib","regression","rf",2,1,2,"mtry","5",0.143531996177441
"sunitinib","regression","rf",2,1,2,"min.node.size","10",0.143531996177441
"sunitinib","regression","rf",2,1,2,"sample.fraction","0.75",0.143531996177441
"sunitinib","regression","rf",2,1,2,"max.depth","0",0.143531996177441
"sunitinib","regression","rf",2,1,2,"num.trees","500",0.143531996177441
"sunitinib","regression","rf",2,1,3,"mtry","10",0.143118959317946
"sunitinib","regression","rf",2,1,3,"min.node.size","1",0.143118959317946
"sunitinib","regression","rf",2,1,3,"sample.fraction","0.55",0.143118959317946
"sunitinib","regression","rf",2,1,3,"max.depth","20",0.143118959317946
"sunitinib","regression","rf",2,1,3,"num.trees","500",0.143118959317946
"sunitinib","regression","rf",2,1,4,"mtry","14",0.142051283191727
"sunitinib","regression","rf",2,1,4,"min.node.size","1",0.142051283191727
"sunitinib","regression","rf",2,1,4,"sample.fraction","0.55",0.142051283191727
"sunitinib","regression","rf",2,1,4,"max.depth","20",0.142051283191727
"sunitinib","regression","rf",2,1,4,"num.trees","500",0.142051283191727
"sunitinib","regression","rf",2,1,5,"mtry","35",0.140001657702607
"sunitinib","regression","rf",2,1,5,"min.node.size","1",0.140001657702607
"sunitinib","regression","rf",2,1,5,"sample.fraction","0.632",0.140001657702607
"sunitinib","regression","rf",2,1,5,"max.depth","20",0.140001657702607
"sunitinib","regression","rf",2,1,5,"num.trees","500",0.140001657702607
"sunitinib","regression","rf",2,1,6,"mtry","10",0.142382898087703
"sunitinib","regression","rf",2,1,6,"min.node.size","5",0.142382898087703
"sunitinib","regression","rf",2,1,6,"sample.fraction","0.632",0.142382898087703
"sunitinib","regression","rf",2,1,6,"max.depth","20",0.142382898087703
"sunitinib","regression","rf",2,1,6,"num.trees","500",0.142382898087703
"sunitinib","regression","rf",2,1,7,"mtry","14",0.141535072241057
"sunitinib","regression","rf",2,1,7,"min.node.size","3",0.141535072241057
"sunitinib","regression","rf",2,1,7,"sample.fraction","0.75",0.141535072241057
"sunitinib","regression","rf",2,1,7,"max.depth","20",0.141535072241057
"sunitinib","regression","rf",2,1,7,"num.trees","500",0.141535072241057
"sunitinib","regression","rf",2,1,8,"mtry","35",0.139528700875287
"sunitinib","regression","rf",2,1,8,"min.node.size","5",0.139528700875287
"sunitinib","regression","rf",2,1,8,"sample.fraction","0.75",0.139528700875287
"sunitinib","regression","rf",2,1,8,"max.depth","20",0.139528700875287
"sunitinib","regression","rf",2,1,8,"num.trees","500",0.139528700875287
"sunitinib","regression","rf",2,1,9,"mtry","10",0.143813475972185
"sunitinib","regression","rf",2,1,9,"min.node.size","10",0.143813475972185
"sunitinib","regression","rf",2,1,9,"sample.fraction","0.55",0.143813475972185
"sunitinib","regression","rf",2,1,9,"max.depth","30",0.143813475972185
"sunitinib","regression","rf",2,1,9,"num.trees","500",0.143813475972185
"sunitinib","regression","rf",2,1,10,"mtry","5",0.143317553974542
"sunitinib","regression","rf",2,1,10,"min.node.size","3",0.143317553974542
"sunitinib","regression","rf",2,1,10,"sample.fraction","0.632",0.143317553974542
"sunitinib","regression","rf",2,1,10,"max.depth","40",0.143317553974542
"sunitinib","regression","rf",2,1,10,"num.trees","500",0.143317553974542
"sunitinib","regression","rf",2,1,11,"mtry","10",0.141414674734694
"sunitinib","regression","rf",2,1,11,"min.node.size","3",0.141414674734694
"sunitinib","regression","rf",2,1,11,"sample.fraction","0.632",0.141414674734694
"sunitinib","regression","rf",2,1,11,"max.depth","40",0.141414674734694
"sunitinib","regression","rf",2,1,11,"num.trees","500",0.141414674734694
"sunitinib","regression","rf",2,1,12,"mtry","10",0.140931737309426
"sunitinib","regression","rf",2,1,12,"min.node.size","1",0.140931737309426
"sunitinib","regression","rf",2,1,12,"sample.fraction","0.75",0.140931737309426
"sunitinib","regression","rf",2,1,12,"max.depth","40",0.140931737309426
"sunitinib","regression","rf",2,1,12,"num.trees","500",0.140931737309426
"sunitinib","regression","ridge",2,1,1,"alpha","0",0.143737071969185
"sunitinib","regression","ridge",2,1,1,"lambda","0.771438956",0.143737071969185
"sunitinib","regression","ridge",2,1,1,"measure","mse",0.143737071969185
"sunitinib","regression","lasso",2,1,1,"alpha","1",0.144670358706126
"sunitinib","regression","lasso",2,1,1,"lambda","0.006555329034",0.144670358706126
"sunitinib","regression","lasso",2,1,1,"measure","mse",0.144670358706126
"sunitinib","regression","enet",2,1,1,"alpha","0.1",0.141758008264156
"sunitinib","regression","enet",2,1,1,"lambda","0.06257379213",0.141758008264156
"sunitinib","regression","enet",2,1,1,"measure","mse",0.141758008264156
"sunitinib","regression","enet",2,1,2,"alpha","0.2",0.142367182665029
"sunitinib","regression","enet",2,1,2,"lambda","0.03277664517",0.142367182665029
"sunitinib","regression","enet",2,1,2,"measure","mse",0.142367182665029
"sunitinib","regression","enet",2,1,3,"alpha","0.3",0.142856506519911
"sunitinib","regression","enet",2,1,3,"lambda","0.02185109678",0.142856506519911
"sunitinib","regression","enet",2,1,3,"measure","mse",0.142856506519911
"sunitinib","regression","enet",2,1,4,"alpha","0.4",0.143268896956481
"sunitinib","regression","enet",2,1,4,"lambda","0.01564344803",0.143268896956481
"sunitinib","regression","enet",2,1,4,"measure","mse",0.143268896956481
"sunitinib","regression","enet",2,1,5,"alpha","0.5",0.143629236027223
"sunitinib","regression","enet",2,1,5,"lambda","0.01251475843",0.143629236027223
"sunitinib","regression","enet",2,1,5,"measure","mse",0.143629236027223
"sunitinib","regression","enet",2,1,6,"alpha","0.6",0.143936487711943
"sunitinib","regression","enet",2,1,6,"lambda","0.01092554839",0.143936487711943
"sunitinib","regression","enet",2,1,6,"measure","mse",0.143936487711943
"sunitinib","regression","enet",2,1,7,"alpha","0.7",0.144163778555482
"sunitinib","regression","enet",2,1,7,"lambda","0.009364755763",0.144163778555482
"sunitinib","regression","enet",2,1,7,"measure","mse",0.144163778555482
"sunitinib","regression","enet",2,1,8,"alpha","0.8",0.144357770124849
"sunitinib","regression","enet",2,1,8,"lambda","0.008194161293",0.144357770124849
"sunitinib","regression","enet",2,1,8,"measure","mse",0.144357770124849
"sunitinib","regression","enet",2,1,9,"alpha","0.9",0.144531438301993
"sunitinib","regression","enet",2,1,9,"lambda","0.007283698927",0.144531438301993
"sunitinib","regression","enet",2,1,9,"measure","mse",0.144531438301993
"sunitinib","regression","svm_linear",2,1,1,"cost","0.01",0.155198626392328
"sunitinib","regression","svm_linear",2,1,1,"epsilon","0.05",0.155198626392328
"sunitinib","regression","svm_linear",2,1,2,"cost","0.1",0.192259183087345
"sunitinib","regression","svm_linear",2,1,2,"epsilon","0.05",0.192259183087345
"sunitinib","regression","svm_linear",2,1,3,"cost","1",0.252148798125743
"sunitinib","regression","svm_linear",2,1,3,"epsilon","0.05",0.252148798125743
"sunitinib","regression","svm_linear",2,1,4,"cost","10",0.252148798125743
"sunitinib","regression","svm_linear",2,1,4,"epsilon","0.05",0.252148798125743
"sunitinib","regression","svm_linear",2,1,5,"cost","0.01",0.154037994472435
"sunitinib","regression","svm_linear",2,1,5,"epsilon","0.1",0.154037994472435
"sunitinib","regression","svm_linear",2,1,6,"cost","0.1",0.188462694210702
"sunitinib","regression","svm_linear",2,1,6,"epsilon","0.1",0.188462694210702
"sunitinib","regression","svm_linear",2,1,7,"cost","1",0.241016616318393
"sunitinib","regression","svm_linear",2,1,7,"epsilon","0.1",0.241016616318393
"sunitinib","regression","svm_linear",2,1,8,"cost","10",0.241016616318393
"sunitinib","regression","svm_linear",2,1,8,"epsilon","0.1",0.241016616318393
"sunitinib","regression","svm_linear",2,1,9,"cost","0.01",0.153300754668372
"sunitinib","regression","svm_linear",2,1,9,"epsilon","0.2",0.153300754668372
"sunitinib","regression","svm_linear",2,1,10,"cost","0.1",0.181476578512081
"sunitinib","regression","svm_linear",2,1,10,"epsilon","0.2",0.181476578512081
"sunitinib","regression","svm_linear",2,1,11,"cost","1",0.220856608176508
"sunitinib","regression","svm_linear",2,1,11,"epsilon","0.2",0.220856608176508
"sunitinib","regression","svm_linear",2,1,12,"cost","10",0.220856608176508
"sunitinib","regression","svm_linear",2,1,12,"epsilon","0.2",0.220856608176508
"sunitinib","regression","rf",2,2,1,"mtry","10",0.140130608994277
"sunitinib","regression","rf",2,2,1,"min.node.size","3",0.140130608994277
"sunitinib","regression","rf",2,2,1,"sample.fraction","0.55",0.140130608994277
"sunitinib","regression","rf",2,2,1,"max.depth","0",0.140130608994277
"sunitinib","regression","rf",2,2,1,"num.trees","500",0.140130608994277
"sunitinib","regression","rf",2,2,2,"mtry","10",0.139352990002938
"sunitinib","regression","rf",2,2,2,"min.node.size","1",0.139352990002938
"sunitinib","regression","rf",2,2,2,"sample.fraction","0.632",0.139352990002938
"sunitinib","regression","rf",2,2,2,"max.depth","0",0.139352990002938
"sunitinib","regression","rf",2,2,2,"num.trees","500",0.139352990002938
"sunitinib","regression","rf",2,2,3,"mtry","20",0.140768136018886
"sunitinib","regression","rf",2,2,3,"min.node.size","3",0.140768136018886
"sunitinib","regression","rf",2,2,3,"sample.fraction","0.632",0.140768136018886
"sunitinib","regression","rf",2,2,3,"max.depth","0",0.140768136018886
"sunitinib","regression","rf",2,2,3,"num.trees","500",0.140768136018886
"sunitinib","regression","rf",2,2,4,"mtry","35",0.142952832231125
"sunitinib","regression","rf",2,2,4,"min.node.size","3",0.142952832231125
"sunitinib","regression","rf",2,2,4,"sample.fraction","0.75",0.142952832231125
"sunitinib","regression","rf",2,2,4,"max.depth","0",0.142952832231125
"sunitinib","regression","rf",2,2,4,"num.trees","500",0.142952832231125
"sunitinib","regression","rf",2,2,5,"mtry","50",0.140820264206382
"sunitinib","regression","rf",2,2,5,"min.node.size","1",0.140820264206382
"sunitinib","regression","rf",2,2,5,"sample.fraction","0.55",0.140820264206382
"sunitinib","regression","rf",2,2,5,"max.depth","20",0.140820264206382
"sunitinib","regression","rf",2,2,5,"num.trees","500",0.140820264206382
"sunitinib","regression","rf",2,2,6,"mtry","10",0.139883263633329
"sunitinib","regression","rf",2,2,6,"min.node.size","5",0.139883263633329
"sunitinib","regression","rf",2,2,6,"sample.fraction","0.55",0.139883263633329
"sunitinib","regression","rf",2,2,6,"max.depth","20",0.139883263633329
"sunitinib","regression","rf",2,2,6,"num.trees","500",0.139883263633329
"sunitinib","regression","rf",2,2,7,"mtry","14",0.14118888661711
"sunitinib","regression","rf",2,2,7,"min.node.size","3",0.14118888661711
"sunitinib","regression","rf",2,2,7,"sample.fraction","0.632",0.14118888661711
"sunitinib","regression","rf",2,2,7,"max.depth","20",0.14118888661711
"sunitinib","regression","rf",2,2,7,"num.trees","500",0.14118888661711
"sunitinib","regression","rf",2,2,8,"mtry","20",0.140768136018886
"sunitinib","regression","rf",2,2,8,"min.node.size","3",0.140768136018886
"sunitinib","regression","rf",2,2,8,"sample.fraction","0.632",0.140768136018886
"sunitinib","regression","rf",2,2,8,"max.depth","30",0.140768136018886
"sunitinib","regression","rf",2,2,8,"num.trees","500",0.140768136018886
"sunitinib","regression","rf",2,2,9,"mtry","5",0.139298524851963
"sunitinib","regression","rf",2,2,9,"min.node.size","3",0.139298524851963
"sunitinib","regression","rf",2,2,9,"sample.fraction","0.75",0.139298524851963
"sunitinib","regression","rf",2,2,9,"max.depth","30",0.139298524851963
"sunitinib","regression","rf",2,2,9,"num.trees","500",0.139298524851963
"sunitinib","regression","rf",2,2,10,"mtry","10",0.139557897920763
"sunitinib","regression","rf",2,2,10,"min.node.size","10",0.139557897920763
"sunitinib","regression","rf",2,2,10,"sample.fraction","0.75",0.139557897920763
"sunitinib","regression","rf",2,2,10,"max.depth","30",0.139557897920763
"sunitinib","regression","rf",2,2,10,"num.trees","500",0.139557897920763
"sunitinib","regression","rf",2,2,11,"mtry","35",0.141334575194021
"sunitinib","regression","rf",2,2,11,"min.node.size","1",0.141334575194021
"sunitinib","regression","rf",2,2,11,"sample.fraction","0.632",0.141334575194021
"sunitinib","regression","rf",2,2,11,"max.depth","40",0.141334575194021
"sunitinib","regression","rf",2,2,11,"num.trees","500",0.141334575194021
"sunitinib","regression","rf",2,2,12,"mtry","35",0.142952832231125
"sunitinib","regression","rf",2,2,12,"min.node.size","3",0.142952832231125
"sunitinib","regression","rf",2,2,12,"sample.fraction","0.75",0.142952832231125
"sunitinib","regression","rf",2,2,12,"max.depth","40",0.142952832231125
"sunitinib","regression","rf",2,2,12,"num.trees","500",0.142952832231125
"sunitinib","regression","ridge",2,2,1,"alpha","0",0.139393616269311
"sunitinib","regression","ridge",2,2,1,"lambda","1.261028632",0.139393616269311
"sunitinib","regression","ridge",2,2,1,"measure","mse",0.139393616269311
"sunitinib","regression","lasso",2,2,1,"alpha","1",0.140917592914754
"sunitinib","regression","lasso",2,2,1,"lambda","0.02255538268",0.140917592914754
"sunitinib","regression","lasso",2,2,1,"measure","mse",0.140917592914754
"sunitinib","regression","enet",2,2,1,"alpha","0.1",0.140499476034182
"sunitinib","regression","enet",2,2,1,"lambda","0.1022859202",0.140499476034182
"sunitinib","regression","enet",2,2,1,"measure","mse",0.140499476034182
"sunitinib","regression","enet",2,2,2,"alpha","0.2",0.14100126581578
"sunitinib","regression","enet",2,2,2,"lambda","0.08143405534",0.14100126581578
"sunitinib","regression","enet",2,2,2,"measure","mse",0.14100126581578
"sunitinib","regression","enet",2,2,3,"alpha","0.3",0.141042440102462
"sunitinib","regression","enet",2,2,3,"lambda","0.0595825168",0.141042440102462
"sunitinib","regression","enet",2,2,3,"measure","mse",0.141042440102462
"sunitinib","regression","enet",2,2,4,"alpha","0.4",0.141065991599094
"sunitinib","regression","enet",2,2,4,"lambda","0.04904380398",0.141065991599094
"sunitinib","regression","enet",2,2,4,"measure","mse",0.141065991599094
"sunitinib","regression","enet",2,2,5,"alpha","0.5",0.141057993597285
"sunitinib","regression","enet",2,2,5,"lambda","0.0411032493",0.141057993597285
"sunitinib","regression","enet",2,2,5,"measure","mse",0.141057993597285
"sunitinib","regression","enet",2,2,6,"alpha","0.6",0.141047940452878
"sunitinib","regression","enet",2,2,6,"lambda","0.03425270775",0.141047940452878
"sunitinib","regression","enet",2,2,6,"measure","mse",0.141047940452878
"sunitinib","regression","enet",2,2,7,"alpha","0.7",0.141022331440811
"sunitinib","regression","enet",2,2,7,"lambda","0.03222197526",0.141022331440811
"sunitinib","regression","enet",2,2,7,"measure","mse",0.141022331440811
"sunitinib","regression","enet",2,2,8,"alpha","0.8",0.14099577542465
"sunitinib","regression","enet",2,2,8,"lambda","0.02819422835",0.14099577542465
"sunitinib","regression","enet",2,2,8,"measure","mse",0.14099577542465
"sunitinib","regression","enet",2,2,9,"alpha","0.9",0.140963885528776
"sunitinib","regression","enet",2,2,9,"lambda","0.02506153631",0.140963885528776
"sunitinib","regression","enet",2,2,9,"measure","mse",0.140963885528776
"sunitinib","regression","svm_linear",2,2,1,"cost","0.01",0.147784178521845
"sunitinib","regression","svm_linear",2,2,1,"epsilon","0.05",0.147784178521845
"sunitinib","regression","svm_linear",2,2,2,"cost","0.1",0.18239187199128
"sunitinib","regression","svm_linear",2,2,2,"epsilon","0.05",0.18239187199128
"sunitinib","regression","svm_linear",2,2,3,"cost","1",0.313517965325645
"sunitinib","regression","svm_linear",2,2,3,"epsilon","0.05",0.313517965325645
"sunitinib","regression","svm_linear",2,2,4,"cost","10",0.313517965325645
"sunitinib","regression","svm_linear",2,2,4,"epsilon","0.05",0.313517965325645
"sunitinib","regression","svm_linear",2,2,5,"cost","0.01",0.147321495590062
"sunitinib","regression","svm_linear",2,2,5,"epsilon","0.1",0.147321495590062
"sunitinib","regression","svm_linear",2,2,6,"cost","0.1",0.181731690717247
"sunitinib","regression","svm_linear",2,2,6,"epsilon","0.1",0.181731690717247
"sunitinib","regression","svm_linear",2,2,7,"cost","1",0.296132819109008
"sunitinib","regression","svm_linear",2,2,7,"epsilon","0.1",0.296132819109008
"sunitinib","regression","svm_linear",2,2,8,"cost","10",0.296132819109008
"sunitinib","regression","svm_linear",2,2,8,"epsilon","0.1",0.296132819109008
"sunitinib","regression","svm_linear",2,2,9,"cost","0.01",0.14811654753209
"sunitinib","regression","svm_linear",2,2,9,"epsilon","0.2",0.14811654753209
"sunitinib","regression","svm_linear",2,2,10,"cost","0.1",0.18312697235537
"sunitinib","regression","svm_linear",2,2,10,"epsilon","0.2",0.18312697235537
"sunitinib","regression","svm_linear",2,2,11,"cost","1",0.265551511394021
"sunitinib","regression","svm_linear",2,2,11,"epsilon","0.2",0.265551511394021
"sunitinib","regression","svm_linear",2,2,12,"cost","10",0.265551511394021
"sunitinib","regression","svm_linear",2,2,12,"epsilon","0.2",0.265551511394021
"sunitinib","regression","rf",2,3,1,"mtry","20",0.135263139524954
"sunitinib","regression","rf",2,3,1,"min.node.size","5",0.135263139524954
"sunitinib","regression","rf",2,3,1,"sample.fraction","0.632",0.135263139524954
"sunitinib","regression","rf",2,3,1,"max.depth","0",0.135263139524954
"sunitinib","regression","rf",2,3,1,"num.trees","500",0.135263139524954
"sunitinib","regression","rf",2,3,2,"mtry","14",0.13422809457409
"sunitinib","regression","rf",2,3,2,"min.node.size","10",0.13422809457409
"sunitinib","regression","rf",2,3,2,"sample.fraction","0.632",0.13422809457409
"sunitinib","regression","rf",2,3,2,"max.depth","0",0.13422809457409
"sunitinib","regression","rf",2,3,2,"num.trees","500",0.13422809457409
"sunitinib","regression","rf",2,3,3,"mtry","20",0.135263199118075
"sunitinib","regression","rf",2,3,3,"min.node.size","5",0.135263199118075
"sunitinib","regression","rf",2,3,3,"sample.fraction","0.632",0.135263199118075
"sunitinib","regression","rf",2,3,3,"max.depth","20",0.135263199118075
"sunitinib","regression","rf",2,3,3,"num.trees","500",0.135263199118075
"sunitinib","regression","rf",2,3,4,"mtry","50",0.13975804145164
"sunitinib","regression","rf",2,3,4,"min.node.size","1",0.13975804145164
"sunitinib","regression","rf",2,3,4,"sample.fraction","0.75",0.13975804145164
"sunitinib","regression","rf",2,3,4,"max.depth","20",0.13975804145164
"sunitinib","regression","rf",2,3,4,"num.trees","500",0.13975804145164
"sunitinib","regression","rf",2,3,5,"mtry","14",0.13522236947942
"sunitinib","regression","rf",2,3,5,"min.node.size","5",0.13522236947942
"sunitinib","regression","rf",2,3,5,"sample.fraction","0.75",0.13522236947942
"sunitinib","regression","rf",2,3,5,"max.depth","20",0.13522236947942
"sunitinib","regression","rf",2,3,5,"num.trees","500",0.13522236947942
"sunitinib","regression","rf",2,3,6,"mtry","50",0.139290632397535
"sunitinib","regression","rf",2,3,6,"min.node.size","5",0.139290632397535
"sunitinib","regression","rf",2,3,6,"sample.fraction","0.75",0.139290632397535
"sunitinib","regression","rf",2,3,6,"max.depth","20",0.139290632397535
"sunitinib","regression","rf",2,3,6,"num.trees","500",0.139290632397535
"sunitinib","regression","rf",2,3,7,"mtry","5",0.133455428052518
"sunitinib","regression","rf",2,3,7,"min.node.size","3",0.133455428052518
"sunitinib","regression","rf",2,3,7,"sample.fraction","0.75",0.133455428052518
"sunitinib","regression","rf",2,3,7,"max.depth","30",0.133455428052518
"sunitinib","regression","rf",2,3,7,"num.trees","500",0.133455428052518
"sunitinib","regression","rf",2,3,8,"mtry","14",0.135222609144509
"sunitinib","regression","rf",2,3,8,"min.node.size","5",0.135222609144509
"sunitinib","regression","rf",2,3,8,"sample.fraction","0.75",0.135222609144509
"sunitinib","regression","rf",2,3,8,"max.depth","30",0.135222609144509
"sunitinib","regression","rf",2,3,8,"num.trees","500",0.135222609144509
"sunitinib","regression","rf",2,3,9,"mtry","14",0.134172153871435
"sunitinib","regression","rf",2,3,9,"min.node.size","1",0.134172153871435
"sunitinib","regression","rf",2,3,9,"sample.fraction","0.55",0.134172153871435
"sunitinib","regression","rf",2,3,9,"max.depth","40",0.134172153871435
"sunitinib","regression","rf",2,3,9,"num.trees","500",0.134172153871435
"sunitinib","regression","rf",2,3,10,"mtry","10",0.133783945411229
"sunitinib","regression","rf",2,3,10,"min.node.size","5",0.133783945411229
"sunitinib","regression","rf",2,3,10,"sample.fraction","0.55",0.133783945411229
"sunitinib","regression","rf",2,3,10,"max.depth","40",0.133783945411229
"sunitinib","regression","rf",2,3,10,"num.trees","500",0.133783945411229
"sunitinib","regression","rf",2,3,11,"mtry","10",0.1343116182386
"sunitinib","regression","rf",2,3,11,"min.node.size","3",0.1343116182386
"sunitinib","regression","rf",2,3,11,"sample.fraction","0.632",0.1343116182386
"sunitinib","regression","rf",2,3,11,"max.depth","40",0.1343116182386
"sunitinib","regression","rf",2,3,11,"num.trees","500",0.1343116182386
"sunitinib","regression","rf",2,3,12,"mtry","5",0.133666548304757
"sunitinib","regression","rf",2,3,12,"min.node.size","5",0.133666548304757
"sunitinib","regression","rf",2,3,12,"sample.fraction","0.75",0.133666548304757
"sunitinib","regression","rf",2,3,12,"max.depth","40",0.133666548304757
"sunitinib","regression","rf",2,3,12,"num.trees","500",0.133666548304757
"sunitinib","regression","ridge",2,3,1,"alpha","0",0.135841822926176
"sunitinib","regression","ridge",2,3,1,"lambda","0.5522290045",0.135841822926176
"sunitinib","regression","ridge",2,3,1,"measure","mse",0.135841822926176
"sunitinib","regression","lasso",2,3,1,"alpha","1",0.13806137573641
"sunitinib","regression","lasso",2,3,1,"lambda","0.009428496529",0.13806137573641
"sunitinib","regression","lasso",2,3,1,"measure","mse",0.13806137573641
"sunitinib","regression","enet",2,3,1,"alpha","0.1",0.13621014370908
"sunitinib","regression","enet",2,3,1,"lambda","0.08200425452",0.13621014370908
"sunitinib","regression","enet",2,3,1,"measure","mse",0.13621014370908
"sunitinib","regression","enet",2,3,2,"alpha","0.2",0.136668236808073
"sunitinib","regression","enet",2,3,2,"lambda","0.04295447442",0.136668236808073
"sunitinib","regression","enet",2,3,2,"measure","mse",0.136668236808073
"sunitinib","regression","enet",2,3,3,"alpha","0.3",0.137049406623136
"sunitinib","regression","enet",2,3,3,"lambda","0.02999985604",0.137049406623136
"sunitinib","regression","enet",2,3,3,"measure","mse",0.137049406623136
"sunitinib","regression","enet",2,3,4,"alpha","0.4",0.137307524438783
"sunitinib","regression","enet",2,3,4,"lambda","0.02249989203",0.137307524438783
"sunitinib","regression","enet",2,3,4,"measure","mse",0.137307524438783
"sunitinib","regression","enet",2,3,5,"alpha","0.5",0.137502297244076
"sunitinib","regression","enet",2,3,5,"lambda","0.01885699306",0.137502297244076
"sunitinib","regression","enet",2,3,5,"measure","mse",0.137502297244076
"sunitinib","regression","enet",2,3,6,"alpha","0.6",0.137652787146718
"sunitinib","regression","enet",2,3,6,"lambda","0.01571416088",0.137652787146718
"sunitinib","regression","enet",2,3,6,"measure","mse",0.137652787146718
"sunitinib","regression","enet",2,3,7,"alpha","0.7",0.137781519480649
"sunitinib","regression","enet",2,3,7,"lambda","0.01346928076",0.137781519480649
"sunitinib","regression","enet",2,3,7,"measure","mse",0.137781519480649
"sunitinib","regression","enet",2,3,8,"alpha","0.8",0.137893078456386
"sunitinib","regression","enet",2,3,8,"lambda","0.01178562066",0.137893078456386
"sunitinib","regression","enet",2,3,8,"measure","mse",0.137893078456386
"sunitinib","regression","enet",2,3,9,"alpha","0.9",0.137987928511488
"sunitinib","regression","enet",2,3,9,"lambda","0.01047610725",0.137987928511488
"sunitinib","regression","enet",2,3,9,"measure","mse",0.137987928511488
"sunitinib","regression","svm_linear",2,3,1,"cost","0.01",0.140556669336261
"sunitinib","regression","svm_linear",2,3,1,"epsilon","0.05",0.140556669336261
"sunitinib","regression","svm_linear",2,3,2,"cost","0.1",0.189461153787866
"sunitinib","regression","svm_linear",2,3,2,"epsilon","0.05",0.189461153787866
"sunitinib","regression","svm_linear",2,3,3,"cost","1",0.280391225874565
"sunitinib","regression","svm_linear",2,3,3,"epsilon","0.05",0.280391225874565
"sunitinib","regression","svm_linear",2,3,4,"cost","10",0.280391225874565
"sunitinib","regression","svm_linear",2,3,4,"epsilon","0.05",0.280391225874565
"sunitinib","regression","svm_linear",2,3,5,"cost","0.01",0.139458919876719
"sunitinib","regression","svm_linear",2,3,5,"epsilon","0.1",0.139458919876719
"sunitinib","regression","svm_linear",2,3,6,"cost","0.1",0.185724350397853
"sunitinib","regression","svm_linear",2,3,6,"epsilon","0.1",0.185724350397853
"sunitinib","regression","svm_linear",2,3,7,"cost","1",0.267626609664311
"sunitinib","regression","svm_linear",2,3,7,"epsilon","0.1",0.267626609664311
"sunitinib","regression","svm_linear",2,3,8,"cost","10",0.267626609664311
"sunitinib","regression","svm_linear",2,3,8,"epsilon","0.1",0.267626609664311
"sunitinib","regression","svm_linear",2,3,9,"cost","0.01",0.138095913073013
"sunitinib","regression","svm_linear",2,3,9,"epsilon","0.2",0.138095913073013
"sunitinib","regression","svm_linear",2,3,10,"cost","0.1",0.179732388292897
"sunitinib","regression","svm_linear",2,3,10,"epsilon","0.2",0.179732388292897
"sunitinib","regression","svm_linear",2,3,11,"cost","1",0.243018423946924
"sunitinib","regression","svm_linear",2,3,11,"epsilon","0.2",0.243018423946924
"sunitinib","regression","svm_linear",2,3,12,"cost","10",0.243018423946924
"sunitinib","regression","svm_linear",2,3,12,"epsilon","0.2",0.243018423946924
"sunitinib","regression","rf",2,4,1,"mtry","20",0.13689606039084
"sunitinib","regression","rf",2,4,1,"min.node.size","5",0.13689606039084
"sunitinib","regression","rf",2,4,1,"sample.fraction","0.55",0.13689606039084
"sunitinib","regression","rf",2,4,1,"max.depth","0",0.13689606039084
"sunitinib","regression","rf",2,4,1,"num.trees","500",0.13689606039084
"sunitinib","regression","rf",2,4,2,"mtry","35",0.13580178910453
"sunitinib","regression","rf",2,4,2,"min.node.size","5",0.13580178910453
"sunitinib","regression","rf",2,4,2,"sample.fraction","0.55",0.13580178910453
"sunitinib","regression","rf",2,4,2,"max.depth","0",0.13580178910453
"sunitinib","regression","rf",2,4,2,"num.trees","500",0.13580178910453
"sunitinib","regression","rf",2,4,3,"mtry","35",0.136886892857004
"sunitinib","regression","rf",2,4,3,"min.node.size","10",0.136886892857004
"sunitinib","regression","rf",2,4,3,"sample.fraction","0.632",0.136886892857004
"sunitinib","regression","rf",2,4,3,"max.depth","0",0.136886892857004
"sunitinib","regression","rf",2,4,3,"num.trees","500",0.136886892857004
"sunitinib","regression","rf",2,4,4,"mtry","5",0.137647760340238
"sunitinib","regression","rf",2,4,4,"min.node.size","3",0.137647760340238
"sunitinib","regression","rf",2,4,4,"sample.fraction","0.75",0.137647760340238
"sunitinib","regression","rf",2,4,4,"max.depth","0",0.137647760340238
"sunitinib","regression","rf",2,4,4,"num.trees","500",0.137647760340238
"sunitinib","regression","rf",2,4,5,"mtry","14",0.13849374523757
"sunitinib","regression","rf",2,4,5,"min.node.size","5",0.13849374523757
"sunitinib","regression","rf",2,4,5,"sample.fraction","0.75",0.13849374523757
"sunitinib","regression","rf",2,4,5,"max.depth","0",0.13849374523757
"sunitinib","regression","rf",2,4,5,"num.trees","500",0.13849374523757
"sunitinib","regression","rf",2,4,6,"mtry","20",0.137273997804482
"sunitinib","regression","rf",2,4,6,"min.node.size","10",0.137273997804482
"sunitinib","regression","rf",2,4,6,"sample.fraction","0.55",0.137273997804482
"sunitinib","regression","rf",2,4,6,"max.depth","20",0.137273997804482
"sunitinib","regression","rf",2,4,6,"num.trees","500",0.137273997804482
"sunitinib","regression","rf",2,4,7,"mtry","10",0.139068084169865
"sunitinib","regression","rf",2,4,7,"min.node.size","10",0.139068084169865
"sunitinib","regression","rf",2,4,7,"sample.fraction","0.632",0.139068084169865
"sunitinib","regression","rf",2,4,7,"max.depth","20",0.139068084169865
"sunitinib","regression","rf",2,4,7,"num.trees","500",0.139068084169865
"sunitinib","regression","rf",2,4,8,"mtry","20",0.135929082270218
"sunitinib","regression","rf",2,4,8,"min.node.size","1",0.135929082270218
"sunitinib","regression","rf",2,4,8,"sample.fraction","0.55",0.135929082270218
"sunitinib","regression","rf",2,4,8,"max.depth","30",0.135929082270218
"sunitinib","regression","rf",2,4,8,"num.trees","500",0.135929082270218
"sunitinib","regression","rf",2,4,9,"mtry","35",0.136113157105231
"sunitinib","regression","rf",2,4,9,"min.node.size","10",0.136113157105231
"sunitinib","regression","rf",2,4,9,"sample.fraction","0.55",0.136113157105231
"sunitinib","regression","rf",2,4,9,"max.depth","30",0.136113157105231
"sunitinib","regression","rf",2,4,9,"num.trees","500",0.136113157105231
"sunitinib","regression","rf",2,4,10,"mtry","50",0.134584547735183
"sunitinib","regression","rf",2,4,10,"min.node.size","1",0.134584547735183
"sunitinib","regression","rf",2,4,10,"sample.fraction","0.632",0.134584547735183
"sunitinib","regression","rf",2,4,10,"max.depth","30",0.134584547735183
"sunitinib","regression","rf",2,4,10,"num.trees","500",0.134584547735183
"sunitinib","regression","rf",2,4,11,"mtry","50",0.133199176266517
"sunitinib","regression","rf",2,4,11,"min.node.size","1",0.133199176266517
"sunitinib","regression","rf",2,4,11,"sample.fraction","0.75",0.133199176266517
"sunitinib","regression","rf",2,4,11,"max.depth","30",0.133199176266517
"sunitinib","regression","rf",2,4,11,"num.trees","500",0.133199176266517
"sunitinib","regression","rf",2,4,12,"mtry","35",0.134234910383464
"sunitinib","regression","rf",2,4,12,"min.node.size","1",0.134234910383464
"sunitinib","regression","rf",2,4,12,"sample.fraction","0.632",0.134234910383464
"sunitinib","regression","rf",2,4,12,"max.depth","40",0.134234910383464
"sunitinib","regression","rf",2,4,12,"num.trees","500",0.134234910383464
"sunitinib","regression","ridge",2,4,1,"alpha","0",0.143393641375263
"sunitinib","regression","ridge",2,4,1,"lambda","0.7164471241",0.143393641375263
"sunitinib","regression","ridge",2,4,1,"measure","mse",0.143393641375263
"sunitinib","regression","lasso",2,4,1,"alpha","1",0.143998227737148
"sunitinib","regression","lasso",2,4,1,"lambda","0.008048022729",0.143998227737148
"sunitinib","regression","lasso",2,4,1,"measure","mse",0.143998227737148
"sunitinib","regression","enet",2,4,1,"alpha","0.1",0.14267452042002
"sunitinib","regression","enet",2,4,1,"lambda","0.06088034054",0.14267452042002
"sunitinib","regression","enet",2,4,1,"measure","mse",0.14267452042002
"sunitinib","regression","enet",2,4,2,"alpha","0.2",0.142796341123049
"sunitinib","regression","enet",2,4,2,"lambda","0.03499879871",0.142796341123049
"sunitinib","regression","enet",2,4,2,"measure","mse",0.142796341123049
"sunitinib","regression","enet",2,4,3,"alpha","0.3",0.14303469330587
"sunitinib","regression","enet",2,4,3,"lambda","0.02444352857",0.14303469330587
"sunitinib","regression","enet",2,4,3,"measure","mse",0.14303469330587
"sunitinib","regression","enet",2,4,4,"alpha","0.4",0.143247483008793
"sunitinib","regression","enet",2,4,4,"lambda","0.01833264643",0.143247483008793
"sunitinib","regression","enet",2,4,4,"measure","mse",0.143247483008793
"sunitinib","regression","enet",2,4,5,"alpha","0.5",0.143439232762986
"sunitinib","regression","enet",2,4,5,"lambda","0.01536445535",0.143439232762986
"sunitinib","regression","enet",2,4,5,"measure","mse",0.143439232762986
"sunitinib","regression","enet",2,4,6,"alpha","0.6",0.143624313574825
"sunitinib","regression","enet",2,4,6,"lambda","0.01341337121",0.143624313574825
"sunitinib","regression","enet",2,4,6,"measure","mse",0.143624313574825
"sunitinib","regression","enet",2,4,7,"alpha","0.7",0.143744787757908
"sunitinib","regression","enet",2,4,7,"lambda","0.01149717533",0.143744787757908
"sunitinib","regression","enet",2,4,7,"measure","mse",0.143744787757908
"sunitinib","regression","enet",2,4,8,"alpha","0.8",0.143847292216858
"sunitinib","regression","enet",2,4,8,"lambda","0.01006002841",0.143847292216858
"sunitinib","regression","enet",2,4,8,"measure","mse",0.143847292216858
"sunitinib","regression","enet",2,4,9,"alpha","0.9",0.143930534377158
"sunitinib","regression","enet",2,4,9,"lambda","0.008942247477",0.143930534377158
"sunitinib","regression","enet",2,4,9,"measure","mse",0.143930534377158
"sunitinib","regression","svm_linear",2,4,1,"cost","0.01",0.151210219569607
"sunitinib","regression","svm_linear",2,4,1,"epsilon","0.05",0.151210219569607
"sunitinib","regression","svm_linear",2,4,2,"cost","0.1",0.181410298618157
"sunitinib","regression","svm_linear",2,4,2,"epsilon","0.05",0.181410298618157
"sunitinib","regression","svm_linear",2,4,3,"cost","1",0.24197351102351
"sunitinib","regression","svm_linear",2,4,3,"epsilon","0.05",0.24197351102351
"sunitinib","regression","svm_linear",2,4,4,"cost","10",0.24197351102351
"sunitinib","regression","svm_linear",2,4,4,"epsilon","0.05",0.24197351102351
"sunitinib","regression","svm_linear",2,4,5,"cost","0.01",0.149660999274704
"sunitinib","regression","svm_linear",2,4,5,"epsilon","0.1",0.149660999274704
"sunitinib","regression","svm_linear",2,4,6,"cost","0.1",0.17959889266838
"sunitinib","regression","svm_linear",2,4,6,"epsilon","0.1",0.17959889266838
"sunitinib","regression","svm_linear",2,4,7,"cost","1",0.226684801283001
"sunitinib","regression","svm_linear",2,4,7,"epsilon","0.1",0.226684801283001
"sunitinib","regression","svm_linear",2,4,8,"cost","10",0.226684801283001
"sunitinib","regression","svm_linear",2,4,8,"epsilon","0.1",0.226684801283001
"sunitinib","regression","svm_linear",2,4,9,"cost","0.01",0.14739162216361
"sunitinib","regression","svm_linear",2,4,9,"epsilon","0.2",0.14739162216361
"sunitinib","regression","svm_linear",2,4,10,"cost","0.1",0.175869283416604
"sunitinib","regression","svm_linear",2,4,10,"epsilon","0.2",0.175869283416604
"sunitinib","regression","svm_linear",2,4,11,"cost","1",0.203377210352995
"sunitinib","regression","svm_linear",2,4,11,"epsilon","0.2",0.203377210352995
"sunitinib","regression","svm_linear",2,4,12,"cost","10",0.203377210352995
"sunitinib","regression","svm_linear",2,4,12,"epsilon","0.2",0.203377210352995
"sunitinib","regression","rf",2,5,1,"mtry","10",0.145309799376022
"sunitinib","regression","rf",2,5,1,"min.node.size","5",0.145309799376022
"sunitinib","regression","rf",2,5,1,"sample.fraction","0.55",0.145309799376022
"sunitinib","regression","rf",2,5,1,"max.depth","0",0.145309799376022
"sunitinib","regression","rf",2,5,1,"num.trees","500",0.145309799376022
"sunitinib","regression","rf",2,5,2,"mtry","14",0.144495158809844
"sunitinib","regression","rf",2,5,2,"min.node.size","5",0.144495158809844
"sunitinib","regression","rf",2,5,2,"sample.fraction","0.632",0.144495158809844
"sunitinib","regression","rf",2,5,2,"max.depth","0",0.144495158809844
"sunitinib","regression","rf",2,5,2,"num.trees","500",0.144495158809844
"sunitinib","regression","rf",2,5,3,"mtry","10",0.144820273812888
"sunitinib","regression","rf",2,5,3,"min.node.size","1",0.144820273812888
"sunitinib","regression","rf",2,5,3,"sample.fraction","0.75",0.144820273812888
"sunitinib","regression","rf",2,5,3,"max.depth","0",0.144820273812888
"sunitinib","regression","rf",2,5,3,"num.trees","500",0.144820273812888
"sunitinib","regression","rf",2,5,4,"mtry","5",0.143261033238199
"sunitinib","regression","rf",2,5,4,"min.node.size","5",0.143261033238199
"sunitinib","regression","rf",2,5,4,"sample.fraction","0.55",0.143261033238199
"sunitinib","regression","rf",2,5,4,"max.depth","20",0.143261033238199
"sunitinib","regression","rf",2,5,4,"num.trees","500",0.143261033238199
"sunitinib","regression","rf",2,5,5,"mtry","35",0.146745291793998
"sunitinib","regression","rf",2,5,5,"min.node.size","5",0.146745291793998
"sunitinib","regression","rf",2,5,5,"sample.fraction","0.632",0.146745291793998
"sunitinib","regression","rf",2,5,5,"max.depth","20",0.146745291793998
"sunitinib","regression","rf",2,5,5,"num.trees","500",0.146745291793998
"sunitinib","regression","rf",2,5,6,"mtry","14",0.145512350409763
"sunitinib","regression","rf",2,5,6,"min.node.size","5",0.145512350409763
"sunitinib","regression","rf",2,5,6,"sample.fraction","0.75",0.145512350409763
"sunitinib","regression","rf",2,5,6,"max.depth","20",0.145512350409763
"sunitinib","regression","rf",2,5,6,"num.trees","500",0.145512350409763
"sunitinib","regression","rf",2,5,7,"mtry","50",0.147010330188118
"sunitinib","regression","rf",2,5,7,"min.node.size","1",0.147010330188118
"sunitinib","regression","rf",2,5,7,"sample.fraction","0.632",0.147010330188118
"sunitinib","regression","rf",2,5,7,"max.depth","30",0.147010330188118
"sunitinib","regression","rf",2,5,7,"num.trees","500",0.147010330188118
"sunitinib","regression","rf",2,5,8,"mtry","5",0.14518072053649
"sunitinib","regression","rf",2,5,8,"min.node.size","1",0.14518072053649
"sunitinib","regression","rf",2,5,8,"sample.fraction","0.75",0.14518072053649
"sunitinib","regression","rf",2,5,8,"max.depth","30",0.14518072053649
"sunitinib","regression","rf",2,5,8,"num.trees","500",0.14518072053649
"sunitinib","regression","rf",2,5,9,"mtry","14",0.146129343153033
"sunitinib","regression","rf",2,5,9,"min.node.size","1",0.146129343153033
"sunitinib","regression","rf",2,5,9,"sample.fraction","0.75",0.146129343153033
"sunitinib","regression","rf",2,5,9,"max.depth","30",0.146129343153033
"sunitinib","regression","rf",2,5,9,"num.trees","500",0.146129343153033
"sunitinib","regression","rf",2,5,10,"mtry","20",0.145964175602703
"sunitinib","regression","rf",2,5,10,"min.node.size","3",0.145964175602703
"sunitinib","regression","rf",2,5,10,"sample.fraction","0.55",0.145964175602703
"sunitinib","regression","rf",2,5,10,"max.depth","40",0.145964175602703
"sunitinib","regression","rf",2,5,10,"num.trees","500",0.145964175602703
"sunitinib","regression","rf",2,5,11,"mtry","35",0.14648354702247
"sunitinib","regression","rf",2,5,11,"min.node.size","3",0.14648354702247
"sunitinib","regression","rf",2,5,11,"sample.fraction","0.632",0.14648354702247
"sunitinib","regression","rf",2,5,11,"max.depth","40",0.14648354702247
"sunitinib","regression","rf",2,5,11,"num.trees","500",0.14648354702247
"sunitinib","regression","rf",2,5,12,"mtry","20",0.145414072251554
"sunitinib","regression","rf",2,5,12,"min.node.size","5",0.145414072251554
"sunitinib","regression","rf",2,5,12,"sample.fraction","0.75",0.145414072251554
"sunitinib","regression","rf",2,5,12,"max.depth","40",0.145414072251554
"sunitinib","regression","rf",2,5,12,"num.trees","500",0.145414072251554
"sunitinib","regression","ridge",2,5,1,"alpha","0",0.148271046279831
"sunitinib","regression","ridge",2,5,1,"lambda","1.513077285",0.148271046279831
"sunitinib","regression","ridge",2,5,1,"measure","mse",0.148271046279831
"sunitinib","regression","lasso",2,5,1,"alpha","1",0.148697543500643
"sunitinib","regression","lasso",2,5,1,"lambda","0.01067446113",0.148697543500643
"sunitinib","regression","lasso",2,5,1,"measure","mse",0.148697543500643
"sunitinib","regression","enet",2,5,1,"alpha","0.1",0.147855189020596
"sunitinib","regression","enet",2,5,1,"lambda","0.1018929039",0.147855189020596
"sunitinib","regression","enet",2,5,1,"measure","mse",0.147855189020596
"sunitinib","regression","enet",2,5,2,"alpha","0.2",0.148076071970968
"sunitinib","regression","enet",2,5,2,"lambda","0.05337230563",0.148076071970968
"sunitinib","regression","enet",2,5,2,"measure","mse",0.148076071970968
"sunitinib","regression","enet",2,5,3,"alpha","0.3",0.148270304052536
"sunitinib","regression","enet",2,5,3,"lambda","0.03558153708",0.148270304052536
"sunitinib","regression","enet",2,5,3,"measure","mse",0.148270304052536
"sunitinib","regression","enet",2,5,4,"alpha","0.4",0.148374126163823
"sunitinib","regression","enet",2,5,4,"lambda","0.02668615281",0.148374126163823
"sunitinib","regression","enet",2,5,4,"measure","mse",0.148374126163823
"sunitinib","regression","enet",2,5,5,"alpha","0.5",0.148488308280618
"sunitinib","regression","enet",2,5,5,"lambda","0.02134892225",0.148488308280618
"sunitinib","regression","enet",2,5,5,"measure","mse",0.148488308280618
"sunitinib","regression","enet",2,5,6,"alpha","0.6",0.148535751050106
"sunitinib","regression","enet",2,5,6,"lambda","0.01779076854",0.148535751050106
"sunitinib","regression","enet",2,5,6,"measure","mse",0.148535751050106
"sunitinib","regression","enet",2,5,7,"alpha","0.7",0.148575449854766
"sunitinib","regression","enet",2,5,7,"lambda","0.01524923018",0.148575449854766
"sunitinib","regression","enet",2,5,7,"measure","mse",0.148575449854766
"sunitinib","regression","enet",2,5,8,"alpha","0.8",0.148619260326474
"sunitinib","regression","enet",2,5,8,"lambda","0.01334307641",0.148619260326474
"sunitinib","regression","enet",2,5,8,"measure","mse",0.148619260326474
"sunitinib","regression","enet",2,5,9,"alpha","0.9",0.148657904725405
"sunitinib","regression","enet",2,5,9,"lambda","0.01186051236",0.148657904725405
"sunitinib","regression","enet",2,5,9,"measure","mse",0.148657904725405
"sunitinib","regression","svm_linear",2,5,1,"cost","0.01",0.145587514345171
"sunitinib","regression","svm_linear",2,5,1,"epsilon","0.05",0.145587514345171
"sunitinib","regression","svm_linear",2,5,2,"cost","0.1",0.180358830861337
"sunitinib","regression","svm_linear",2,5,2,"epsilon","0.05",0.180358830861337
"sunitinib","regression","svm_linear",2,5,3,"cost","1",0.241701513408217
"sunitinib","regression","svm_linear",2,5,3,"epsilon","0.05",0.241701513408217
"sunitinib","regression","svm_linear",2,5,4,"cost","10",0.241701513408217
"sunitinib","regression","svm_linear",2,5,4,"epsilon","0.05",0.241701513408217
"sunitinib","regression","svm_linear",2,5,5,"cost","0.01",0.144280740315445
"sunitinib","regression","svm_linear",2,5,5,"epsilon","0.1",0.144280740315445
"sunitinib","regression","svm_linear",2,5,6,"cost","0.1",0.179205747069075
"sunitinib","regression","svm_linear",2,5,6,"epsilon","0.1",0.179205747069075
"sunitinib","regression","svm_linear",2,5,7,"cost","1",0.230386260590243
"sunitinib","regression","svm_linear",2,5,7,"epsilon","0.1",0.230386260590243
"sunitinib","regression","svm_linear",2,5,8,"cost","10",0.230386260590243
"sunitinib","regression","svm_linear",2,5,8,"epsilon","0.1",0.230386260590243
"sunitinib","regression","svm_linear",2,5,9,"cost","0.01",0.143612244853354
"sunitinib","regression","svm_linear",2,5,9,"epsilon","0.2",0.143612244853354
"sunitinib","regression","svm_linear",2,5,10,"cost","0.1",0.176323850536264
"sunitinib","regression","svm_linear",2,5,10,"epsilon","0.2",0.176323850536264
"sunitinib","regression","svm_linear",2,5,11,"cost","1",0.212824215279052
"sunitinib","regression","svm_linear",2,5,11,"epsilon","0.2",0.212824215279052
"sunitinib","regression","svm_linear",2,5,12,"cost","10",0.212824215279052
"sunitinib","regression","svm_linear",2,5,12,"epsilon","0.2",0.212824215279052
"sunitinib","regression","rf",3,1,1,"mtry","20",0.151146413764497
"sunitinib","regression","rf",3,1,1,"min.node.size","1",0.151146413764497
"sunitinib","regression","rf",3,1,1,"sample.fraction","0.75",0.151146413764497
"sunitinib","regression","rf",3,1,1,"max.depth","0",0.151146413764497
"sunitinib","regression","rf",3,1,1,"num.trees","500",0.151146413764497
"sunitinib","regression","rf",3,1,2,"mtry","35",0.151752582700257
"sunitinib","regression","rf",3,1,2,"min.node.size","5",0.151752582700257
"sunitinib","regression","rf",3,1,2,"sample.fraction","0.75",0.151752582700257
"sunitinib","regression","rf",3,1,2,"max.depth","0",0.151752582700257
"sunitinib","regression","rf",3,1,2,"num.trees","500",0.151752582700257
"sunitinib","regression","rf",3,1,3,"mtry","10",0.149617823395349
"sunitinib","regression","rf",3,1,3,"min.node.size","1",0.149617823395349
"sunitinib","regression","rf",3,1,3,"sample.fraction","0.55",0.149617823395349
"sunitinib","regression","rf",3,1,3,"max.depth","20",0.149617823395349
"sunitinib","regression","rf",3,1,3,"num.trees","500",0.149617823395349
"sunitinib","regression","rf",3,1,4,"mtry","20",0.149496380646257
"sunitinib","regression","rf",3,1,4,"min.node.size","10",0.149496380646257
"sunitinib","regression","rf",3,1,4,"sample.fraction","0.632",0.149496380646257
"sunitinib","regression","rf",3,1,4,"max.depth","20",0.149496380646257
"sunitinib","regression","rf",3,1,4,"num.trees","500",0.149496380646257
"sunitinib","regression","rf",3,1,5,"mtry","50",0.150510742929812
"sunitinib","regression","rf",3,1,5,"min.node.size","1",0.150510742929812
"sunitinib","regression","rf",3,1,5,"sample.fraction","0.55",0.150510742929812
"sunitinib","regression","rf",3,1,5,"max.depth","30",0.150510742929812
"sunitinib","regression","rf",3,1,5,"num.trees","500",0.150510742929812
"sunitinib","regression","rf",3,1,6,"mtry","20",0.149530640407258
"sunitinib","regression","rf",3,1,6,"min.node.size","10",0.149530640407258
"sunitinib","regression","rf",3,1,6,"sample.fraction","0.55",0.149530640407258
"sunitinib","regression","rf",3,1,6,"max.depth","30",0.149530640407258
"sunitinib","regression","rf",3,1,6,"num.trees","500",0.149530640407258
"sunitinib","regression","rf",3,1,7,"mtry","10",0.150956835528223
"sunitinib","regression","rf",3,1,7,"min.node.size","1",0.150956835528223
"sunitinib","regression","rf",3,1,7,"sample.fraction","0.632",0.150956835528223
"sunitinib","regression","rf",3,1,7,"max.depth","30",0.150956835528223
"sunitinib","regression","rf",3,1,7,"num.trees","500",0.150956835528223
"sunitinib","regression","rf",3,1,8,"mtry","14",0.15094868789836
"sunitinib","regression","rf",3,1,8,"min.node.size","5",0.15094868789836
"sunitinib","regression","rf",3,1,8,"sample.fraction","0.632",0.15094868789836
"sunitinib","regression","rf",3,1,8,"max.depth","30",0.15094868789836
"sunitinib","regression","rf",3,1,8,"num.trees","500",0.15094868789836
"sunitinib","regression","rf",3,1,9,"mtry","35",0.152192667205315
"sunitinib","regression","rf",3,1,9,"min.node.size","1",0.152192667205315
"sunitinib","regression","rf",3,1,9,"sample.fraction","0.75",0.152192667205315
"sunitinib","regression","rf",3,1,9,"max.depth","30",0.152192667205315
"sunitinib","regression","rf",3,1,9,"num.trees","500",0.152192667205315
"sunitinib","regression","rf",3,1,10,"mtry","10",0.149617877415539
"sunitinib","regression","rf",3,1,10,"min.node.size","1",0.149617877415539
"sunitinib","regression","rf",3,1,10,"sample.fraction","0.55",0.149617877415539
"sunitinib","regression","rf",3,1,10,"max.depth","40",0.149617877415539
"sunitinib","regression","rf",3,1,10,"num.trees","500",0.149617877415539
"sunitinib","regression","rf",3,1,11,"mtry","10",0.151490754002199
"sunitinib","regression","rf",3,1,11,"min.node.size","5",0.151490754002199
"sunitinib","regression","rf",3,1,11,"sample.fraction","0.632",0.151490754002199
"sunitinib","regression","rf",3,1,11,"max.depth","40",0.151490754002199
"sunitinib","regression","rf",3,1,11,"num.trees","500",0.151490754002199
"sunitinib","regression","rf",3,1,12,"mtry","14",0.15094868789836
"sunitinib","regression","rf",3,1,12,"min.node.size","5",0.15094868789836
"sunitinib","regression","rf",3,1,12,"sample.fraction","0.632",0.15094868789836
"sunitinib","regression","rf",3,1,12,"max.depth","40",0.15094868789836
"sunitinib","regression","rf",3,1,12,"num.trees","500",0.15094868789836
"sunitinib","regression","ridge",3,1,1,"alpha","0",0.151745800741423
"sunitinib","regression","ridge",3,1,1,"lambda","1.566803862",0.151745800741423
"sunitinib","regression","ridge",3,1,1,"measure","mse",0.151745800741423
"sunitinib","regression","lasso",3,1,1,"alpha","1",0.152312240817559
"sunitinib","regression","lasso",3,1,1,"lambda","0.01843833511",0.152312240817559
"sunitinib","regression","lasso",3,1,1,"measure","mse",0.152312240817559
"sunitinib","regression","enet",3,1,1,"alpha","0.1",0.152185341909829
"sunitinib","regression","enet",3,1,1,"lambda","0.1530782974",0.152185341909829
"sunitinib","regression","enet",3,1,1,"measure","mse",0.152185341909829
"sunitinib","regression","enet",3,1,2,"alpha","0.2",0.152198168005144
"sunitinib","regression","enet",3,1,2,"lambda","0.0840016212",0.152198168005144
"sunitinib","regression","enet",3,1,2,"measure","mse",0.152198168005144
"sunitinib","regression","enet",3,1,3,"alpha","0.3",0.152213725811828
"sunitinib","regression","enet",3,1,3,"lambda","0.06146111705",0.152213725811828
"sunitinib","regression","enet",3,1,3,"measure","mse",0.152213725811828
"sunitinib","regression","enet",3,1,4,"alpha","0.4",0.152232535415479
"sunitinib","regression","enet",3,1,4,"lambda","0.04609583778",0.152232535415479
"sunitinib","regression","enet",3,1,4,"measure","mse",0.152232535415479
"sunitinib","regression","enet",3,1,5,"alpha","0.5",0.152266801580745
"sunitinib","regression","enet",3,1,5,"lambda","0.03687667023",0.152266801580745
"sunitinib","regression","enet",3,1,5,"measure","mse",0.152266801580745
"sunitinib","regression","enet",3,1,6,"alpha","0.6",0.1522884309827
"sunitinib","regression","enet",3,1,6,"lambda","0.03073055852",0.1522884309827
"sunitinib","regression","enet",3,1,6,"measure","mse",0.1522884309827
"sunitinib","regression","enet",3,1,7,"alpha","0.7",0.15228682165134
"sunitinib","regression","enet",3,1,7,"lambda","0.02634047873",0.15228682165134
"sunitinib","regression","enet",3,1,7,"measure","mse",0.15228682165134
"sunitinib","regression","enet",3,1,8,"alpha","0.8",0.15227754097777
"sunitinib","regression","enet",3,1,8,"lambda","0.02304791889",0.15227754097777
"sunitinib","regression","enet",3,1,8,"measure","mse",0.15227754097777
"sunitinib","regression","enet",3,1,9,"alpha","0.9",0.152292866757077
"sunitinib","regression","enet",3,1,9,"lambda","0.02048703902",0.152292866757077
"sunitinib","regression","enet",3,1,9,"measure","mse",0.152292866757077
"sunitinib","regression","svm_linear",3,1,1,"cost","0.01",0.162073019100151
"sunitinib","regression","svm_linear",3,1,1,"epsilon","0.05",0.162073019100151
"sunitinib","regression","svm_linear",3,1,2,"cost","0.1",0.20679996063913
"sunitinib","regression","svm_linear",3,1,2,"epsilon","0.05",0.20679996063913
"sunitinib","regression","svm_linear",3,1,3,"cost","1",0.269275767880338
"sunitinib","regression","svm_linear",3,1,3,"epsilon","0.05",0.269275767880338
"sunitinib","regression","svm_linear",3,1,4,"cost","10",0.269275767880338
"sunitinib","regression","svm_linear",3,1,4,"epsilon","0.05",0.269275767880338
"sunitinib","regression","svm_linear",3,1,5,"cost","0.01",0.160396830566197
"sunitinib","regression","svm_linear",3,1,5,"epsilon","0.1",0.160396830566197
"sunitinib","regression","svm_linear",3,1,6,"cost","0.1",0.204441535595925
"sunitinib","regression","svm_linear",3,1,6,"epsilon","0.1",0.204441535595925
"sunitinib","regression","svm_linear",3,1,7,"cost","1",0.254467144272187
"sunitinib","regression","svm_linear",3,1,7,"epsilon","0.1",0.254467144272187
"sunitinib","regression","svm_linear",3,1,8,"cost","10",0.254467144272187
"sunitinib","regression","svm_linear",3,1,8,"epsilon","0.1",0.254467144272187
"sunitinib","regression","svm_linear",3,1,9,"cost","0.01",0.15869615695199
"sunitinib","regression","svm_linear",3,1,9,"epsilon","0.2",0.15869615695199
"sunitinib","regression","svm_linear",3,1,10,"cost","0.1",0.202500746244737
"sunitinib","regression","svm_linear",3,1,10,"epsilon","0.2",0.202500746244737
"sunitinib","regression","svm_linear",3,1,11,"cost","1",0.235153075801531
"sunitinib","regression","svm_linear",3,1,11,"epsilon","0.2",0.235153075801531
"sunitinib","regression","svm_linear",3,1,12,"cost","10",0.235153075801531
"sunitinib","regression","svm_linear",3,1,12,"epsilon","0.2",0.235153075801531
"sunitinib","regression","rf",3,2,1,"mtry","5",0.146136673665966
"sunitinib","regression","rf",3,2,1,"min.node.size","1",0.146136673665966
"sunitinib","regression","rf",3,2,1,"sample.fraction","0.55",0.146136673665966
"sunitinib","regression","rf",3,2,1,"max.depth","0",0.146136673665966
"sunitinib","regression","rf",3,2,1,"num.trees","500",0.146136673665966
"sunitinib","regression","rf",3,2,2,"mtry","14",0.146272487829844
"sunitinib","regression","rf",3,2,2,"min.node.size","10",0.146272487829844
"sunitinib","regression","rf",3,2,2,"sample.fraction","0.55",0.146272487829844
"sunitinib","regression","rf",3,2,2,"max.depth","0",0.146272487829844
"sunitinib","regression","rf",3,2,2,"num.trees","500",0.146272487829844
"sunitinib","regression","rf",3,2,3,"mtry","14",0.147328730799279
"sunitinib","regression","rf",3,2,3,"min.node.size","5",0.147328730799279
"sunitinib","regression","rf",3,2,3,"sample.fraction","0.632",0.147328730799279
"sunitinib","regression","rf",3,2,3,"max.depth","0",0.147328730799279
"sunitinib","regression","rf",3,2,3,"num.trees","500",0.147328730799279
"sunitinib","regression","rf",3,2,4,"mtry","35",0.148949405516867
"sunitinib","regression","rf",3,2,4,"min.node.size","5",0.148949405516867
"sunitinib","regression","rf",3,2,4,"sample.fraction","0.632",0.148949405516867
"sunitinib","regression","rf",3,2,4,"max.depth","0",0.148949405516867
"sunitinib","regression","rf",3,2,4,"num.trees","500",0.148949405516867
"sunitinib","regression","rf",3,2,5,"mtry","20",0.149547865213633
"sunitinib","regression","rf",3,2,5,"min.node.size","1",0.149547865213633
"sunitinib","regression","rf",3,2,5,"sample.fraction","0.75",0.149547865213633
"sunitinib","regression","rf",3,2,5,"max.depth","0",0.149547865213633
"sunitinib","regression","rf",3,2,5,"num.trees","500",0.149547865213633
"sunitinib","regression","rf",3,2,6,"mtry","35",0.148973519165333
"sunitinib","regression","rf",3,2,6,"min.node.size","10",0.148973519165333
"sunitinib","regression","rf",3,2,6,"sample.fraction","0.75",0.148973519165333
"sunitinib","regression","rf",3,2,6,"max.depth","0",0.148973519165333
"sunitinib","regression","rf",3,2,6,"num.trees","500",0.148973519165333
"sunitinib","regression","rf",3,2,7,"mtry","14",0.147328710929422
"sunitinib","regression","rf",3,2,7,"min.node.size","5",0.147328710929422
"sunitinib","regression","rf",3,2,7,"sample.fraction","0.632",0.147328710929422
"sunitinib","regression","rf",3,2,7,"max.depth","20",0.147328710929422
"sunitinib","regression","rf",3,2,7,"num.trees","500",0.147328710929422
"sunitinib","regression","rf",3,2,8,"mtry","50",0.150027794926803
"sunitinib","regression","rf",3,2,8,"min.node.size","1",0.150027794926803
"sunitinib","regression","rf",3,2,8,"sample.fraction","0.75",0.150027794926803
"sunitinib","regression","rf",3,2,8,"max.depth","30",0.150027794926803
"sunitinib","regression","rf",3,2,8,"num.trees","500",0.150027794926803
"sunitinib","regression","rf",3,2,9,"mtry","50",0.150686179278557
"sunitinib","regression","rf",3,2,9,"min.node.size","5",0.150686179278557
"sunitinib","regression","rf",3,2,9,"sample.fraction","0.75",0.150686179278557
"sunitinib","regression","rf",3,2,9,"max.depth","30",0.150686179278557
"sunitinib","regression","rf",3,2,9,"num.trees","500",0.150686179278557
"sunitinib","regression","rf",3,2,10,"mtry","50",0.148309805081701
"sunitinib","regression","rf",3,2,10,"min.node.size","3",0.148309805081701
"sunitinib","regression","rf",3,2,10,"sample.fraction","0.55",0.148309805081701
"sunitinib","regression","rf",3,2,10,"max.depth","40",0.148309805081701
"sunitinib","regression","rf",3,2,10,"num.trees","500",0.148309805081701
"sunitinib","regression","rf",3,2,11,"mtry","35",0.149667899668665
"sunitinib","regression","rf",3,2,11,"min.node.size","1",0.149667899668665
"sunitinib","regression","rf",3,2,11,"sample.fraction","0.75",0.149667899668665
"sunitinib","regression","rf",3,2,11,"max.depth","40",0.149667899668665
"sunitinib","regression","rf",3,2,11,"num.trees","500",0.149667899668665
"sunitinib","regression","rf",3,2,12,"mtry","10",0.148814726457135
"sunitinib","regression","rf",3,2,12,"min.node.size","3",0.148814726457135
"sunitinib","regression","rf",3,2,12,"sample.fraction","0.75",0.148814726457135
"sunitinib","regression","rf",3,2,12,"max.depth","40",0.148814726457135
"sunitinib","regression","rf",3,2,12,"num.trees","500",0.148814726457135
"sunitinib","regression","ridge",3,2,1,"alpha","0",0.149184752727319
"sunitinib","regression","ridge",3,2,1,"lambda","1.431412887",0.149184752727319
"sunitinib","regression","ridge",3,2,1,"measure","mse",0.149184752727319
"sunitinib","regression","lasso",3,2,1,"alpha","1",0.14965084072302
"sunitinib","regression","lasso",3,2,1,"lambda","0.01465095495",0.14965084072302
"sunitinib","regression","lasso",3,2,1,"measure","mse",0.14965084072302
"sunitinib","regression","enet",3,2,1,"alpha","0.1",0.148378091260286
"sunitinib","regression","enet",3,2,1,"lambda","0.1161063125",0.148378091260286
"sunitinib","regression","enet",3,2,1,"measure","mse",0.148378091260286
"sunitinib","regression","enet",3,2,2,"alpha","0.2",0.14844748267788
"sunitinib","regression","enet",3,2,2,"lambda","0.07674285602",0.14844748267788
"sunitinib","regression","enet",3,2,2,"measure","mse",0.14844748267788
"sunitinib","regression","enet",3,2,3,"alpha","0.3",0.148645859731641
"sunitinib","regression","enet",3,2,3,"lambda","0.05116190401",0.148645859731641
"sunitinib","regression","enet",3,2,3,"measure","mse",0.148645859731641
"sunitinib","regression","enet",3,2,4,"alpha","0.4",0.148796467272042
"sunitinib","regression","enet",3,2,4,"lambda","0.04019851244",0.148796467272042
"sunitinib","regression","enet",3,2,4,"measure","mse",0.148796467272042
"sunitinib","regression","enet",3,2,5,"alpha","0.5",0.149000612773702
"sunitinib","regression","enet",3,2,5,"lambda","0.03215880995",0.149000612773702
"sunitinib","regression","enet",3,2,5,"measure","mse",0.149000612773702
"sunitinib","regression","enet",3,2,6,"alpha","0.6",0.149204009311503
"sunitinib","regression","enet",3,2,6,"lambda","0.02558095201",0.149204009311503
"sunitinib","regression","enet",3,2,6,"measure","mse",0.149204009311503
"sunitinib","regression","enet",3,2,7,"alpha","0.7",0.149383796029974
"sunitinib","regression","enet",3,2,7,"lambda","0.02192653029",0.149383796029974
"sunitinib","regression","enet",3,2,7,"measure","mse",0.149383796029974
"sunitinib","regression","enet",3,2,8,"alpha","0.8",0.149528593824486
"sunitinib","regression","enet",3,2,8,"lambda","0.019185714",0.149528593824486
"sunitinib","regression","enet",3,2,8,"measure","mse",0.149528593824486
"sunitinib","regression","enet",3,2,9,"alpha","0.9",0.149596262028101
"sunitinib","regression","enet",3,2,9,"lambda","0.01627883884",0.149596262028101
"sunitinib","regression","enet",3,2,9,"measure","mse",0.149596262028101
"sunitinib","regression","svm_linear",3,2,1,"cost","0.01",0.159609755050934
"sunitinib","regression","svm_linear",3,2,1,"epsilon","0.05",0.159609755050934
"sunitinib","regression","svm_linear",3,2,2,"cost","0.1",0.208400215953283
"sunitinib","regression","svm_linear",3,2,2,"epsilon","0.05",0.208400215953283
"sunitinib","regression","svm_linear",3,2,3,"cost","1",0.234858044649722
"sunitinib","regression","svm_linear",3,2,3,"epsilon","0.05",0.234858044649722
"sunitinib","regression","svm_linear",3,2,4,"cost","10",0.234858044649722
"sunitinib","regression","svm_linear",3,2,4,"epsilon","0.05",0.234858044649722
"sunitinib","regression","svm_linear",3,2,5,"cost","0.01",0.159105030214944
"sunitinib","regression","svm_linear",3,2,5,"epsilon","0.1",0.159105030214944
"sunitinib","regression","svm_linear",3,2,6,"cost","0.1",0.20453653596177
"sunitinib","regression","svm_linear",3,2,6,"epsilon","0.1",0.20453653596177
"sunitinib","regression","svm_linear",3,2,7,"cost","1",0.225855700929115
"sunitinib","regression","svm_linear",3,2,7,"epsilon","0.1",0.225855700929115
"sunitinib","regression","svm_linear",3,2,8,"cost","10",0.225855700929115
"sunitinib","regression","svm_linear",3,2,8,"epsilon","0.1",0.225855700929115
"sunitinib","regression","svm_linear",3,2,9,"cost","0.01",0.15880133927609
"sunitinib","regression","svm_linear",3,2,9,"epsilon","0.2",0.15880133927609
"sunitinib","regression","svm_linear",3,2,10,"cost","0.1",0.200863191753487
"sunitinib","regression","svm_linear",3,2,10,"epsilon","0.2",0.200863191753487
"sunitinib","regression","svm_linear",3,2,11,"cost","1",0.216501706331624
"sunitinib","regression","svm_linear",3,2,11,"epsilon","0.2",0.216501706331624
"sunitinib","regression","svm_linear",3,2,12,"cost","10",0.216501706331624
"sunitinib","regression","svm_linear",3,2,12,"epsilon","0.2",0.216501706331624
"sunitinib","regression","rf",3,3,1,"mtry","50",0.136941091915714
"sunitinib","regression","rf",3,3,1,"min.node.size","10",0.136941091915714
"sunitinib","regression","rf",3,3,1,"sample.fraction","0.55",0.136941091915714
"sunitinib","regression","rf",3,3,1,"max.depth","0",0.136941091915714
"sunitinib","regression","rf",3,3,1,"num.trees","500",0.136941091915714
"sunitinib","regression","rf",3,3,2,"mtry","5",0.13496857101571
"sunitinib","regression","rf",3,3,2,"min.node.size","5",0.13496857101571
"sunitinib","regression","rf",3,3,2,"sample.fraction","0.632",0.13496857101571
"sunitinib","regression","rf",3,3,2,"max.depth","0",0.13496857101571
"sunitinib","regression","rf",3,3,2,"num.trees","500",0.13496857101571
"sunitinib","regression","rf",3,3,3,"mtry","50",0.137954265309407
"sunitinib","regression","rf",3,3,3,"min.node.size","10",0.137954265309407
"sunitinib","regression","rf",3,3,3,"sample.fraction","0.632",0.137954265309407
"sunitinib","regression","rf",3,3,3,"max.depth","0",0.137954265309407
"sunitinib","regression","rf",3,3,3,"num.trees","500",0.137954265309407
"sunitinib","regression","rf",3,3,4,"mtry","10",0.136069514520804
"sunitinib","regression","rf",3,3,4,"min.node.size","3",0.136069514520804
"sunitinib","regression","rf",3,3,4,"sample.fraction","0.55",0.136069514520804
"sunitinib","regression","rf",3,3,4,"max.depth","20",0.136069514520804
"sunitinib","regression","rf",3,3,4,"num.trees","500",0.136069514520804
"sunitinib","regression","rf",3,3,5,"mtry","10",0.135581464854376
"sunitinib","regression","rf",3,3,5,"min.node.size","10",0.135581464854376
"sunitinib","regression","rf",3,3,5,"sample.fraction","0.55",0.135581464854376
"sunitinib","regression","rf",3,3,5,"max.depth","20",0.135581464854376
"sunitinib","regression","rf",3,3,5,"num.trees","500",0.135581464854376
"sunitinib","regression","rf",3,3,6,"mtry","14",0.138287913770377
"sunitinib","regression","rf",3,3,6,"min.node.size","1",0.138287913770377
"sunitinib","regression","rf",3,3,6,"sample.fraction","0.632",0.138287913770377
"sunitinib","regression","rf",3,3,6,"max.depth","20",0.138287913770377
"sunitinib","regression","rf",3,3,6,"num.trees","500",0.138287913770377
"sunitinib","regression","rf",3,3,7,"mtry","50",0.139007459475321
"sunitinib","regression","rf",3,3,7,"min.node.size","3",0.139007459475321
"sunitinib","regression","rf",3,3,7,"sample.fraction","0.632",0.139007459475321
"sunitinib","regression","rf",3,3,7,"max.depth","20",0.139007459475321
"sunitinib","regression","rf",3,3,7,"num.trees","500",0.139007459475321
"sunitinib","regression","rf",3,3,8,"mtry","5",0.135557055901395
"sunitinib","regression","rf",3,3,8,"min.node.size","5",0.135557055901395
"sunitinib","regression","rf",3,3,8,"sample.fraction","0.75",0.135557055901395
"sunitinib","regression","rf",3,3,8,"max.depth","20",0.135557055901395
"sunitinib","regression","rf",3,3,8,"num.trees","500",0.135557055901395
"sunitinib","regression","rf",3,3,9,"mtry","50",0.138303759480253
"sunitinib","regression","rf",3,3,9,"min.node.size","1",0.138303759480253
"sunitinib","regression","rf",3,3,9,"sample.fraction","0.55",0.138303759480253
"sunitinib","regression","rf",3,3,9,"max.depth","30",0.138303759480253
"sunitinib","regression","rf",3,3,9,"num.trees","500",0.138303759480253
"sunitinib","regression","rf",3,3,10,"mtry","10",0.135250195539067
"sunitinib","regression","rf",3,3,10,"min.node.size","10",0.135250195539067
"sunitinib","regression","rf",3,3,10,"sample.fraction","0.632",0.135250195539067
"sunitinib","regression","rf",3,3,10,"max.depth","30",0.135250195539067
"sunitinib","regression","rf",3,3,10,"num.trees","500",0.135250195539067
"sunitinib","regression","rf",3,3,11,"mtry","20",0.137741662434456
"sunitinib","regression","rf",3,3,11,"min.node.size","3",0.137741662434456
"sunitinib","regression","rf",3,3,11,"sample.fraction","0.632",0.137741662434456
"sunitinib","regression","rf",3,3,11,"max.depth","40",0.137741662434456
"sunitinib","regression","rf",3,3,11,"num.trees","500",0.137741662434456
"sunitinib","regression","rf",3,3,12,"mtry","50",0.139619570231202
"sunitinib","regression","rf",3,3,12,"min.node.size","1",0.139619570231202
"sunitinib","regression","rf",3,3,12,"sample.fraction","0.75",0.139619570231202
"sunitinib","regression","rf",3,3,12,"max.depth","40",0.139619570231202
"sunitinib","regression","rf",3,3,12,"num.trees","500",0.139619570231202
"sunitinib","regression","ridge",3,3,1,"alpha","0",0.135554573756319
"sunitinib","regression","ridge",3,3,1,"lambda","1.386123035",0.135554573756319
"sunitinib","regression","ridge",3,3,1,"measure","mse",0.135554573756319
"sunitinib","regression","lasso",3,3,1,"alpha","1",0.13798813262888
"sunitinib","regression","lasso",3,3,1,"lambda","0.02366600834",0.13798813262888
"sunitinib","regression","lasso",3,3,1,"measure","mse",0.13798813262888
"sunitinib","regression","enet",3,3,1,"alpha","0.1",0.13660344050711
"sunitinib","regression","enet",3,3,1,"lambda","0.1233947636",0.13660344050711
"sunitinib","regression","enet",3,3,1,"measure","mse",0.13660344050711
"sunitinib","regression","enet",3,3,2,"alpha","0.2",0.137163187665893
"sunitinib","regression","enet",3,3,2,"lambda","0.0937745344",0.137163187665893
"sunitinib","regression","enet",3,3,2,"measure","mse",0.137163187665893
"sunitinib","regression","enet",3,3,3,"alpha","0.3",0.137438860757459
"sunitinib","regression","enet",3,3,3,"lambda","0.06861162383",0.137438860757459
"sunitinib","regression","enet",3,3,3,"measure","mse",0.137438860757459
"sunitinib","regression","enet",3,3,4,"alpha","0.4",0.137572071876253
"sunitinib","regression","enet",3,3,4,"lambda","0.05390896346",0.137572071876253
"sunitinib","regression","enet",3,3,4,"measure","mse",0.137572071876253
"sunitinib","regression","enet",3,3,5,"alpha","0.5",0.137694227100332
"sunitinib","regression","enet",3,3,5,"lambda","0.04312717077",0.137694227100332
"sunitinib","regression","enet",3,3,5,"measure","mse",0.137694227100332
"sunitinib","regression","enet",3,3,6,"alpha","0.6",0.137788806821147
"sunitinib","regression","enet",3,3,6,"lambda","0.03765058622",0.137788806821147
"sunitinib","regression","enet",3,3,6,"measure","mse",0.137788806821147
"sunitinib","regression","enet",3,3,7,"alpha","0.7",0.137885674934921
"sunitinib","regression","enet",3,3,7,"lambda","0.03227193105",0.137885674934921
"sunitinib","regression","enet",3,3,7,"measure","mse",0.137885674934921
"sunitinib","regression","enet",3,3,8,"alpha","0.8",0.137936814120254
"sunitinib","regression","enet",3,3,8,"lambda","0.02823793967",0.137936814120254
"sunitinib","regression","enet",3,3,8,"measure","mse",0.137936814120254
"sunitinib","regression","enet",3,3,9,"alpha","0.9",0.13796813460012
"sunitinib","regression","enet",3,3,9,"lambda","0.02629556482",0.13796813460012
"sunitinib","regression","enet",3,3,9,"measure","mse",0.13796813460012
"sunitinib","regression","svm_linear",3,3,1,"cost","0.01",0.141051695748514
"sunitinib","regression","svm_linear",3,3,1,"epsilon","0.05",0.141051695748514
"sunitinib","regression","svm_linear",3,3,2,"cost","0.1",0.187774372758016
"sunitinib","regression","svm_linear",3,3,2,"epsilon","0.05",0.187774372758016
"sunitinib","regression","svm_linear",3,3,3,"cost","1",0.319372805444556
"sunitinib","regression","svm_linear",3,3,3,"epsilon","0.05",0.319372805444556
"sunitinib","regression","svm_linear",3,3,4,"cost","10",0.319372805444556
"sunitinib","regression","svm_linear",3,3,4,"epsilon","0.05",0.319372805444556
"sunitinib","regression","svm_linear",3,3,5,"cost","0.01",0.14015228668324
"sunitinib","regression","svm_linear",3,3,5,"epsilon","0.1",0.14015228668324
"sunitinib","regression","svm_linear",3,3,6,"cost","0.1",0.185721034923224
"sunitinib","regression","svm_linear",3,3,6,"epsilon","0.1",0.185721034923224
"sunitinib","regression","svm_linear",3,3,7,"cost","1",0.300899105992107
"sunitinib","regression","svm_linear",3,3,7,"epsilon","0.1",0.300899105992107
"sunitinib","regression","svm_linear",3,3,8,"cost","10",0.300899105992107
"sunitinib","regression","svm_linear",3,3,8,"epsilon","0.1",0.300899105992107
"sunitinib","regression","svm_linear",3,3,9,"cost","0.01",0.139321760441901
"sunitinib","regression","svm_linear",3,3,9,"epsilon","0.2",0.139321760441901
"sunitinib","regression","svm_linear",3,3,10,"cost","0.1",0.184523012703752
"sunitinib","regression","svm_linear",3,3,10,"epsilon","0.2",0.184523012703752
"sunitinib","regression","svm_linear",3,3,11,"cost","1",0.268677762573646
"sunitinib","regression","svm_linear",3,3,11,"epsilon","0.2",0.268677762573646
"sunitinib","regression","svm_linear",3,3,12,"cost","10",0.268677762573646
"sunitinib","regression","svm_linear",3,3,12,"epsilon","0.2",0.268677762573646
"sunitinib","regression","rf",3,4,1,"mtry","50",0.137573977928169
"sunitinib","regression","rf",3,4,1,"min.node.size","3",0.137573977928169
"sunitinib","regression","rf",3,4,1,"sample.fraction","0.632",0.137573977928169
"sunitinib","regression","rf",3,4,1,"max.depth","0",0.137573977928169
"sunitinib","regression","rf",3,4,1,"num.trees","500",0.137573977928169
"sunitinib","regression","rf",3,4,2,"mtry","20",0.135427154304937
"sunitinib","regression","rf",3,4,2,"min.node.size","1",0.135427154304937
"sunitinib","regression","rf",3,4,2,"sample.fraction","0.55",0.135427154304937
"sunitinib","regression","rf",3,4,2,"max.depth","20",0.135427154304937
"sunitinib","regression","rf",3,4,2,"num.trees","500",0.135427154304937
"sunitinib","regression","rf",3,4,3,"mtry","14",0.136405441209209
"sunitinib","regression","rf",3,4,3,"min.node.size","1",0.136405441209209
"sunitinib","regression","rf",3,4,3,"sample.fraction","0.632",0.136405441209209
"sunitinib","regression","rf",3,4,3,"max.depth","20",0.136405441209209
"sunitinib","regression","rf",3,4,3,"num.trees","500",0.136405441209209
"sunitinib","regression","rf",3,4,4,"mtry","35",0.137912218125539
"sunitinib","regression","rf",3,4,4,"min.node.size","3",0.137912218125539
"sunitinib","regression","rf",3,4,4,"sample.fraction","0.632",0.137912218125539
"sunitinib","regression","rf",3,4,4,"max.depth","20",0.137912218125539
"sunitinib","regression","rf",3,4,4,"num.trees","500",0.137912218125539
"sunitinib","regression","rf",3,4,5,"mtry","5",0.134575174722395
"sunitinib","regression","rf",3,4,5,"min.node.size","1",0.134575174722395
"sunitinib","regression","rf",3,4,5,"sample.fraction","0.75",0.134575174722395
"sunitinib","regression","rf",3,4,5,"max.depth","20",0.134575174722395
"sunitinib","regression","rf",3,4,5,"num.trees","500",0.134575174722395
"sunitinib","regression","rf",3,4,6,"mtry","14",0.13648429798299
"sunitinib","regression","rf",3,4,6,"min.node.size","5",0.13648429798299
"sunitinib","regression","rf",3,4,6,"sample.fraction","0.75",0.13648429798299
"sunitinib","regression","rf",3,4,6,"max.depth","20",0.13648429798299
"sunitinib","regression","rf",3,4,6,"num.trees","500",0.13648429798299
"sunitinib","regression","rf",3,4,7,"mtry","35",0.136905183603495
"sunitinib","regression","rf",3,4,7,"min.node.size","10",0.136905183603495
"sunitinib","regression","rf",3,4,7,"sample.fraction","0.75",0.136905183603495
"sunitinib","regression","rf",3,4,7,"max.depth","20",0.136905183603495
"sunitinib","regression","rf",3,4,7,"num.trees","500",0.136905183603495
"sunitinib","regression","rf",3,4,8,"mtry","35",0.135605345170103
"sunitinib","regression","rf",3,4,8,"min.node.size","5",0.135605345170103
"sunitinib","regression","rf",3,4,8,"sample.fraction","0.55",0.135605345170103
"sunitinib","regression","rf",3,4,8,"max.depth","30",0.135605345170103
"sunitinib","regression","rf",3,4,8,"num.trees","500",0.135605345170103
"sunitinib","regression","rf",3,4,9,"mtry","50",0.136897839138414
"sunitinib","regression","rf",3,4,9,"min.node.size","1",0.136897839138414
"sunitinib","regression","rf",3,4,9,"sample.fraction","0.632",0.136897839138414
"sunitinib","regression","rf",3,4,9,"max.depth","30",0.136897839138414
"sunitinib","regression","rf",3,4,9,"num.trees","500",0.136897839138414
"sunitinib","regression","rf",3,4,10,"mtry","50",0.136089108741455
"sunitinib","regression","rf",3,4,10,"min.node.size","10",0.136089108741455
"sunitinib","regression","rf",3,4,10,"sample.fraction","0.632",0.136089108741455
"sunitinib","regression","rf",3,4,10,"max.depth","30",0.136089108741455
"sunitinib","regression","rf",3,4,10,"num.trees","500",0.136089108741455
"sunitinib","regression","rf",3,4,11,"mtry","14",0.136891748855317
"sunitinib","regression","rf",3,4,11,"min.node.size","1",0.136891748855317
"sunitinib","regression","rf",3,4,11,"sample.fraction","0.75",0.136891748855317
"sunitinib","regression","rf",3,4,11,"max.depth","30",0.136891748855317
"sunitinib","regression","rf",3,4,11,"num.trees","500",0.136891748855317
"sunitinib","regression","rf",3,4,12,"mtry","5",0.13363444412072
"sunitinib","regression","rf",3,4,12,"min.node.size","5",0.13363444412072
"sunitinib","regression","rf",3,4,12,"sample.fraction","0.75",0.13363444412072
"sunitinib","regression","rf",3,4,12,"max.depth","30",0.13363444412072
"sunitinib","regression","rf",3,4,12,"num.trees","500",0.13363444412072
"sunitinib","regression","ridge",3,4,1,"alpha","0",0.135020873139231
"sunitinib","regression","ridge",3,4,1,"lambda","1.128993724",0.135020873139231
"sunitinib","regression","ridge",3,4,1,"measure","mse",0.135020873139231
"sunitinib","regression","lasso",3,4,1,"alpha","1",0.134597641762074
"sunitinib","regression","lasso",3,4,1,"lambda","0.011555601",0.134597641762074
"sunitinib","regression","lasso",3,4,1,"measure","mse",0.134597641762074
"sunitinib","regression","enet",3,4,1,"alpha","0.1",0.133595666623648
"sunitinib","regression","enet",3,4,1,"lambda","0.1005047244",0.133595666623648
"sunitinib","regression","enet",3,4,1,"measure","mse",0.133595666623648
"sunitinib","regression","enet",3,4,2,"alpha","0.2",0.133930589483129
"sunitinib","regression","enet",3,4,2,"lambda","0.05264516628",0.133930589483129
"sunitinib","regression","enet",3,4,2,"measure","mse",0.133930589483129
"sunitinib","regression","enet",3,4,3,"alpha","0.3",0.134141368892823
"sunitinib","regression","enet",3,4,3,"lambda","0.036767937",0.134141368892823
"sunitinib","regression","enet",3,4,3,"measure","mse",0.134141368892823
"sunitinib","regression","enet",3,4,4,"alpha","0.4",0.13428766468222
"sunitinib","regression","enet",3,4,4,"lambda","0.02757595275",0.13428766468222
"sunitinib","regression","enet",3,4,4,"measure","mse",0.13428766468222
"sunitinib","regression","enet",3,4,5,"alpha","0.5",0.134385684097642
"sunitinib","regression","enet",3,4,5,"lambda","0.0220607622",0.134385684097642
"sunitinib","regression","enet",3,4,5,"measure","mse",0.134385684097642
"sunitinib","regression","enet",3,4,6,"alpha","0.6",0.134450015186503
"sunitinib","regression","enet",3,4,6,"lambda","0.0183839685",0.134450015186503
"sunitinib","regression","enet",3,4,6,"measure","mse",0.134450015186503
"sunitinib","regression","enet",3,4,7,"alpha","0.7",0.134497460912965
"sunitinib","regression","enet",3,4,7,"lambda","0.01650800143",0.134497460912965
"sunitinib","regression","enet",3,4,7,"measure","mse",0.134497460912965
"sunitinib","regression","enet",3,4,8,"alpha","0.8",0.134532606442147
"sunitinib","regression","enet",3,4,8,"lambda","0.01444450125",0.134532606442147
"sunitinib","regression","enet",3,4,8,"measure","mse",0.134532606442147
"sunitinib","regression","enet",3,4,9,"alpha","0.9",0.134560500050772
"sunitinib","regression","enet",3,4,9,"lambda","0.01283955667",0.134560500050772
"sunitinib","regression","enet",3,4,9,"measure","mse",0.134560500050772
"sunitinib","regression","svm_linear",3,4,1,"cost","0.01",0.14497056960457
"sunitinib","regression","svm_linear",3,4,1,"epsilon","0.05",0.14497056960457
"sunitinib","regression","svm_linear",3,4,2,"cost","0.1",0.179923308000035
"sunitinib","regression","svm_linear",3,4,2,"epsilon","0.05",0.179923308000035
"sunitinib","regression","svm_linear",3,4,3,"cost","1",0.276227667816854
"sunitinib","regression","svm_linear",3,4,3,"epsilon","0.05",0.276227667816854
"sunitinib","regression","svm_linear",3,4,4,"cost","10",0.276227667816854
"sunitinib","regression","svm_linear",3,4,4,"epsilon","0.05",0.276227667816854
"sunitinib","regression","svm_linear",3,4,5,"cost","0.01",0.143915684375851
"sunitinib","regression","svm_linear",3,4,5,"epsilon","0.1",0.143915684375851
"sunitinib","regression","svm_linear",3,4,6,"cost","0.1",0.176559897763243
"sunitinib","regression","svm_linear",3,4,6,"epsilon","0.1",0.176559897763243
"sunitinib","regression","svm_linear",3,4,7,"cost","1",0.262376557586187
"sunitinib","regression","svm_linear",3,4,7,"epsilon","0.1",0.262376557586187
"sunitinib","regression","svm_linear",3,4,8,"cost","10",0.262376557586187
"sunitinib","regression","svm_linear",3,4,8,"epsilon","0.1",0.262376557586187
"sunitinib","regression","svm_linear",3,4,9,"cost","0.01",0.142211386191928
"sunitinib","regression","svm_linear",3,4,9,"epsilon","0.2",0.142211386191928
"sunitinib","regression","svm_linear",3,4,10,"cost","0.1",0.172274095400447
"sunitinib","regression","svm_linear",3,4,10,"epsilon","0.2",0.172274095400447
"sunitinib","regression","svm_linear",3,4,11,"cost","1",0.239164310141103
"sunitinib","regression","svm_linear",3,4,11,"epsilon","0.2",0.239164310141103
"sunitinib","regression","svm_linear",3,4,12,"cost","10",0.239164310141103
"sunitinib","regression","svm_linear",3,4,12,"epsilon","0.2",0.239164310141103
"sunitinib","regression","rf",3,5,1,"mtry","5",0.138906611046612
"sunitinib","regression","rf",3,5,1,"min.node.size","10",0.138906611046612
"sunitinib","regression","rf",3,5,1,"sample.fraction","0.55",0.138906611046612
"sunitinib","regression","rf",3,5,1,"max.depth","0",0.138906611046612
"sunitinib","regression","rf",3,5,1,"num.trees","500",0.138906611046612
"sunitinib","regression","rf",3,5,2,"mtry","20",0.134412770391213
"sunitinib","regression","rf",3,5,2,"min.node.size","3",0.134412770391213
"sunitinib","regression","rf",3,5,2,"sample.fraction","0.632",0.134412770391213
"sunitinib","regression","rf",3,5,2,"max.depth","0",0.134412770391213
"sunitinib","regression","rf",3,5,2,"num.trees","500",0.134412770391213
"sunitinib","regression","rf",3,5,3,"mtry","14",0.136019813639962
"sunitinib","regression","rf",3,5,3,"min.node.size","5",0.136019813639962
"sunitinib","regression","rf",3,5,3,"sample.fraction","0.632",0.136019813639962
"sunitinib","regression","rf",3,5,3,"max.depth","0",0.136019813639962
"sunitinib","regression","rf",3,5,3,"num.trees","500",0.136019813639962
"sunitinib","regression","rf",3,5,4,"mtry","5",0.137324454419988
"sunitinib","regression","rf",3,5,4,"min.node.size","1",0.137324454419988
"sunitinib","regression","rf",3,5,4,"sample.fraction","0.55",0.137324454419988
"sunitinib","regression","rf",3,5,4,"max.depth","20",0.137324454419988
"sunitinib","regression","rf",3,5,4,"num.trees","500",0.137324454419988
"sunitinib","regression","rf",3,5,5,"mtry","10",0.135413365929902
"sunitinib","regression","rf",3,5,5,"min.node.size","3",0.135413365929902
"sunitinib","regression","rf",3,5,5,"sample.fraction","0.55",0.135413365929902
"sunitinib","regression","rf",3,5,5,"max.depth","20",0.135413365929902
"sunitinib","regression","rf",3,5,5,"num.trees","500",0.135413365929902
"sunitinib","regression","rf",3,5,6,"mtry","20",0.135777625185314
"sunitinib","regression","rf",3,5,6,"min.node.size","10",0.135777625185314
"sunitinib","regression","rf",3,5,6,"sample.fraction","0.55",0.135777625185314
"sunitinib","regression","rf",3,5,6,"max.depth","20",0.135777625185314
"sunitinib","regression","rf",3,5,6,"num.trees","500",0.135777625185314
"sunitinib","regression","rf",3,5,7,"mtry","35",0.133676383895178
"sunitinib","regression","rf",3,5,7,"min.node.size","3",0.133676383895178
"sunitinib","regression","rf",3,5,7,"sample.fraction","0.632",0.133676383895178
"sunitinib","regression","rf",3,5,7,"max.depth","20",0.133676383895178
"sunitinib","regression","rf",3,5,7,"num.trees","500",0.133676383895178
"sunitinib","regression","rf",3,5,8,"mtry","14",0.136019803783946
"sunitinib","regression","rf",3,5,8,"min.node.size","5",0.136019803783946
"sunitinib","regression","rf",3,5,8,"sample.fraction","0.632",0.136019803783946
"sunitinib","regression","rf",3,5,8,"max.depth","20",0.136019803783946
"sunitinib","regression","rf",3,5,8,"num.trees","500",0.136019803783946
"sunitinib","regression","rf",3,5,9,"mtry","5",0.137324451627985
"sunitinib","regression","rf",3,5,9,"min.node.size","1",0.137324451627985
"sunitinib","regression","rf",3,5,9,"sample.fraction","0.55",0.137324451627985
"sunitinib","regression","rf",3,5,9,"max.depth","30",0.137324451627985
"sunitinib","regression","rf",3,5,9,"num.trees","500",0.137324451627985
"sunitinib","regression","rf",3,5,10,"mtry","5",0.138906611046612
"sunitinib","regression","rf",3,5,10,"min.node.size","10",0.138906611046612
"sunitinib","regression","rf",3,5,10,"sample.fraction","0.55",0.138906611046612
"sunitinib","regression","rf",3,5,10,"max.depth","40",0.138906611046612
"sunitinib","regression","rf",3,5,10,"num.trees","500",0.138906611046612
"sunitinib","regression","rf",3,5,11,"mtry","20",0.135321663763845
"sunitinib","regression","rf",3,5,11,"min.node.size","5",0.135321663763845
"sunitinib","regression","rf",3,5,11,"sample.fraction","0.632",0.135321663763845
"sunitinib","regression","rf",3,5,11,"max.depth","40",0.135321663763845
"sunitinib","regression","rf",3,5,11,"num.trees","500",0.135321663763845
"sunitinib","regression","rf",3,5,12,"mtry","14",0.13546296299765
"sunitinib","regression","rf",3,5,12,"min.node.size","5",0.13546296299765
"sunitinib","regression","rf",3,5,12,"sample.fraction","0.75",0.13546296299765
"sunitinib","regression","rf",3,5,12,"max.depth","40",0.13546296299765
"sunitinib","regression","rf",3,5,12,"num.trees","500",0.13546296299765
"sunitinib","regression","ridge",3,5,1,"alpha","0",0.138505060170506
"sunitinib","regression","ridge",3,5,1,"lambda","0.7638615325",0.138505060170506
"sunitinib","regression","ridge",3,5,1,"measure","mse",0.138505060170506
"sunitinib","regression","lasso",3,5,1,"alpha","1",0.132757656513931
"sunitinib","regression","lasso",3,5,1,"lambda","0.006800010595",0.132757656513931
"sunitinib","regression","lasso",3,5,1,"measure","mse",0.132757656513931
"sunitinib","regression","enet",3,5,1,"alpha","0.1",0.133976123810245
"sunitinib","regression","enet",3,5,1,"lambda","0.05143958642",0.133976123810245
"sunitinib","regression","enet",3,5,1,"measure","mse",0.133976123810245
"sunitinib","regression","enet",3,5,2,"alpha","0.2",0.133508064813386
"sunitinib","regression","enet",3,5,2,"lambda","0.03097958197",0.133508064813386
"sunitinib","regression","enet",3,5,2,"measure","mse",0.133508064813386
"sunitinib","regression","enet",3,5,3,"alpha","0.3",0.133203798065413
"sunitinib","regression","enet",3,5,3,"lambda","0.02266670198",0.133203798065413
"sunitinib","regression","enet",3,5,3,"measure","mse",0.133203798065413
"sunitinib","regression","enet",3,5,4,"alpha","0.4",0.133069370650365
"sunitinib","regression","enet",3,5,4,"lambda","0.01700002649",0.133069370650365
"sunitinib","regression","enet",3,5,4,"measure","mse",0.133069370650365
"sunitinib","regression","enet",3,5,5,"alpha","0.5",0.132983902059055
"sunitinib","regression","enet",3,5,5,"lambda","0.01360002119",0.132983902059055
"sunitinib","regression","enet",3,5,5,"measure","mse",0.132983902059055
"sunitinib","regression","enet",3,5,6,"alpha","0.6",0.132908567155838
"sunitinib","regression","enet",3,5,6,"lambda","0.01133335099",0.132908567155838
"sunitinib","regression","enet",3,5,6,"measure","mse",0.132908567155838
"sunitinib","regression","enet",3,5,7,"alpha","0.7",0.132873349464272
"sunitinib","regression","enet",3,5,7,"lambda","0.0101768546",0.132873349464272
"sunitinib","regression","enet",3,5,7,"measure","mse",0.132873349464272
"sunitinib","regression","enet",3,5,8,"alpha","0.8",0.132823157326172
"sunitinib","regression","enet",3,5,8,"lambda","0.008500013243",0.132823157326172
"sunitinib","regression","enet",3,5,8,"measure","mse",0.132823157326172
"sunitinib","regression","enet",3,5,9,"alpha","0.9",0.132788318959541
"sunitinib","regression","enet",3,5,9,"lambda","0.007555567327",0.132788318959541
"sunitinib","regression","enet",3,5,9,"measure","mse",0.132788318959541
"sunitinib","regression","svm_linear",3,5,1,"cost","0.01",0.143990392236687
"sunitinib","regression","svm_linear",3,5,1,"epsilon","0.05",0.143990392236687
"sunitinib","regression","svm_linear",3,5,2,"cost","0.1",0.175783348731443
"sunitinib","regression","svm_linear",3,5,2,"epsilon","0.05",0.175783348731443
"sunitinib","regression","svm_linear",3,5,3,"cost","1",0.229217631040077
"sunitinib","regression","svm_linear",3,5,3,"epsilon","0.05",0.229217631040077
"sunitinib","regression","svm_linear",3,5,4,"cost","10",0.229217631040077
"sunitinib","regression","svm_linear",3,5,4,"epsilon","0.05",0.229217631040077
"sunitinib","regression","svm_linear",3,5,5,"cost","0.01",0.144121295329986
"sunitinib","regression","svm_linear",3,5,5,"epsilon","0.1",0.144121295329986
"sunitinib","regression","svm_linear",3,5,6,"cost","0.1",0.175250946716158
"sunitinib","regression","svm_linear",3,5,6,"epsilon","0.1",0.175250946716158
"sunitinib","regression","svm_linear",3,5,7,"cost","1",0.218601073316875
"sunitinib","regression","svm_linear",3,5,7,"epsilon","0.1",0.218601073316875
"sunitinib","regression","svm_linear",3,5,8,"cost","10",0.218601073316875
"sunitinib","regression","svm_linear",3,5,8,"epsilon","0.1",0.218601073316875
"sunitinib","regression","svm_linear",3,5,9,"cost","0.01",0.14421229838348
"sunitinib","regression","svm_linear",3,5,9,"epsilon","0.2",0.14421229838348
"sunitinib","regression","svm_linear",3,5,10,"cost","0.1",0.176869507640468
"sunitinib","regression","svm_linear",3,5,10,"epsilon","0.2",0.176869507640468
"sunitinib","regression","svm_linear",3,5,11,"cost","1",0.202585581436241
"sunitinib","regression","svm_linear",3,5,11,"epsilon","0.2",0.202585581436241
"sunitinib","regression","svm_linear",3,5,12,"cost","10",0.202585581436241
"sunitinib","regression","svm_linear",3,5,12,"epsilon","0.2",0.202585581436241
