"drug","task","model","repeat","fold","candidate","parameter","value","inner_score"
"erlotinib","classification","rf",1,1,1,"mtry","10",0.740962962962963
"erlotinib","classification","rf",1,1,1,"min.node.size","3",0.740962962962963
"erlotinib","classification","rf",1,1,1,"sample.fraction","0.55",0.740962962962963
"erlotinib","classification","rf",1,1,1,"max.depth","0",0.740962962962963
"erlotinib","classification","rf",1,1,1,"num.trees","500",0.740962962962963
"erlotinib","classification","rf",1,1,2,"mtry","14",0.726666666666667
"erlotinib","classification","rf",1,1,2,"min.node.size","5",0.726666666666667
"erlotinib","classification","rf",1,1,2,"sample.fraction","0.55",0.726666666666667
"erlotinib","classification","rf",1,1,2,"max.depth","0",0.726666666666667
"erlotinib","classification","rf",1,1,2,"num.trees","500",0.726666666666667
"erlotinib","classification","rf",1,1,3,"mtry","20",0.734851851851852
"erlotinib","classification","rf",1,1,3,"min.node.size","5",0.734851851851852
"erlotinib","classification","rf",1,1,3,"sample.fraction","0.55",0.734851851851852
"erlotinib","classification","rf",1,1,3,"max.depth","0",0.734851851851852
"erlotinib","classification","rf",1,1,3,"num.trees","500",0.734851851851852
"erlotinib","classification","rf",1,1,4,"mtry","20",0.722296296296296
"erlotinib","classification","rf",1,1,4,"min.node.size","10",0.722296296296296
"erlotinib","classification","rf",1,1,4,"sample.fraction","0.55",0.722296296296296
"erlotinib","classification","rf",1,1,4,"max.depth","20",0.722296296296296
"erlotinib","classification","rf",1,1,4,"num.trees","500",0.722296296296296
"erlotinib","classification","rf",1,1,5,"mtry","14",0.727851851851852
"erlotinib","classification","rf",1,1,5,"min.node.size","1",0.727851851851852
"erlotinib","classification","rf",1,1,5,"sample.fraction","0.632",0.727851851851852
"erlotinib","classification","rf",1,1,5,"max.depth","20",0.727851851851852
"erlotinib","classification","rf",1,1,5,"num.trees","500",0.727851851851852
"erlotinib","classification","rf",1,1,6,"mtry","14",0.721703703703704
"erlotinib","classification","rf",1,1,6,"min.node.size","5",0.721703703703704
"erlotinib","classification","rf",1,1,6,"sample.fraction","0.632",0.721703703703704
"erlotinib","classification","rf",1,1,6,"max.depth","30",0.721703703703704
"erlotinib","classification","rf",1,1,6,"num.trees","500",0.721703703703704
"erlotinib","classification","rf",1,1,7,"mtry","20",0.710851851851852
"erlotinib","classification","rf",1,1,7,"min.node.size","5",0.710851851851852
"erlotinib","classification","rf",1,1,7,"sample.fraction","0.632",0.710851851851852
"erlotinib","classification","rf",1,1,7,"max.depth","30",0.710851851851852
"erlotinib","classification","rf",1,1,7,"num.trees","500",0.710851851851852
"erlotinib","classification","rf",1,1,8,"mtry","14",0.731203703703704
"erlotinib","classification","rf",1,1,8,"min.node.size","3",0.731203703703704
"erlotinib","classification","rf",1,1,8,"sample.fraction","0.55",0.731203703703704
"erlotinib","classification","rf",1,1,8,"max.depth","40",0.731203703703704
"erlotinib","classification","rf",1,1,8,"num.trees","500",0.731203703703704
"erlotinib","classification","rf",1,1,9,"mtry","14",0.716740740740741
"erlotinib","classification","rf",1,1,9,"min.node.size","10",0.716740740740741
"erlotinib","classification","rf",1,1,9,"sample.fraction","0.55",0.716740740740741
"erlotinib","classification","rf",1,1,9,"max.depth","40",0.716740740740741
"erlotinib","classification","rf",1,1,9,"num.trees","500",0.716740740740741
"erlotinib","classification","rf",1,1,10,"mtry","50",0.705
"erlotinib","classification","rf",1,1,10,"min.node.size","3",0.705
"erlotinib","classification","rf",1,1,10,"sample.fraction","0.632",0.705
"erlotinib","classification","rf",1,1,10,"max.depth","40",0.705
"erlotinib","classification","rf",1,1,10,"num.trees","500",0.705
"erlotinib","classification","rf",1,1,11,"mtry","50",0.693851851851852
"erlotinib","classification","rf",1,1,11,"min.node.size","1",0.693851851851852
"erlotinib","classification","rf",1,1,11,"sample.fraction","0.75",0.693851851851852
"erlotinib","classification","rf",1,1,11,"max.depth","40",0.693851851851852
"erlotinib","classification","rf",1,1,11,"num.trees","500",0.693851851851852
"erlotinib","classification","rf",1,1,12,"mtry","50",0.70062962962963
"erlotinib","classification","rf",1,1,12,"min.node.size","3",0.70062962962963
"erlotinib","classification","rf",1,1,12,"sample.fraction","0.75",0.70062962962963
"erlotinib","classification","rf",1,1,12,"max.depth","40",0.70062962962963
"erlotinib","classification","rf",1,1,12,"num.trees","500",0.70062962962963
"erlotinib","classification","ridge",1,1,1,"alpha","0",0.734109772423025
"erlotinib","classification","ridge",1,1,1,"lambda","37.54563494",0.734109772423025
"erlotinib","classification","ridge",1,1,1,"measure","auc",0.734109772423025
"erlotinib","classification","lasso",1,1,1,"alpha","1",0.763353413654619
"erlotinib","classification","lasso",1,1,1,"lambda","0.01120229301",0.763353413654619
"erlotinib","classification","lasso",1,1,1,"measure","auc",0.763353413654619
"erlotinib","classification","enet",1,1,1,"alpha","0.1",0.775866800535475
"erlotinib","classification","enet",1,1,1,"lambda","0.06410363922",0.775866800535475
"erlotinib","classification","enet",1,1,1,"measure","auc",0.775866800535475
"erlotinib","classification","enet",1,1,2,"alpha","0.2",0.782235609103079
"erlotinib","classification","enet",1,1,2,"lambda","0.05103556086",0.782235609103079
"erlotinib","classification","enet",1,1,2,"measure","auc",0.782235609103079
"erlotinib","classification","enet",1,1,3,"alpha","0.3",0.778018741633199
"erlotinib","classification","enet",1,1,3,"lambda","0.01858469209",0.778018741633199
"erlotinib","classification","enet",1,1,3,"measure","auc",0.778018741633199
"erlotinib","classification","enet",1,1,4,"alpha","0.4",0.776670013386881
"erlotinib","classification","enet",1,1,4,"lambda","0.02673282875",0.776670013386881
"erlotinib","classification","enet",1,1,4,"measure","auc",0.776670013386881
"erlotinib","classification","enet",1,1,5,"alpha","0.5",0.774849397590361
"erlotinib","classification","enet",1,1,5,"lambda","0.021386263",0.774849397590361
"erlotinib","classification","enet",1,1,5,"measure","auc",0.774849397590361
"erlotinib","classification","enet",1,1,6,"alpha","0.6",0.76964859437751
"erlotinib","classification","enet",1,1,6,"lambda","0.01550056743",0.76964859437751
"erlotinib","classification","enet",1,1,6,"measure","auc",0.76964859437751
"erlotinib","classification","enet",1,1,7,"alpha","0.7",0.765378179384203
"erlotinib","classification","enet",1,1,7,"lambda","0.009157662745",0.765378179384203
"erlotinib","classification","enet",1,1,7,"measure","auc",0.765378179384203
"erlotinib","classification","enet",1,1,8,"alpha","0.8",0.765947121820616
"erlotinib","classification","enet",1,1,8,"lambda","0.01336641438",0.765947121820616
"erlotinib","classification","enet",1,1,8,"measure","auc",0.765947121820616
"erlotinib","classification","enet",1,1,9,"alpha","0.9",0.766251673360107
"erlotinib","classification","enet",1,1,9,"lambda","0.01188125722",0.766251673360107
"erlotinib","classification","enet",1,1,9,"measure","auc",0.766251673360107
"erlotinib","classification","svm_linear",1,1,1,"cost","0.01",0.750444444444444
"erlotinib","classification","svm_linear",1,1,2,"cost","0.1",0.702259259259259
"erlotinib","classification","svm_linear",1,1,3,"cost","1",0.712555555555555
"erlotinib","classification","svm_linear",1,1,4,"cost","10",0.712555555555555
"erlotinib","classification","svm_linear",1,1,5,"cost","100",0.712555555555555
"erlotinib","classification","rf",1,2,1,"mtry","35",0.670537037037037
"erlotinib","classification","rf",1,2,1,"min.node.size","10",0.670537037037037
"erlotinib","classification","rf",1,2,1,"sample.fraction","0.55",0.670537037037037
"erlotinib","classification","rf",1,2,1,"max.depth","0",0.670537037037037
"erlotinib","classification","rf",1,2,1,"num.trees","500",0.670537037037037
"erlotinib","classification","rf",1,2,2,"mtry","14",0.674486111111111
"erlotinib","classification","rf",1,2,2,"min.node.size","5",0.674486111111111
"erlotinib","classification","rf",1,2,2,"sample.fraction","0.75",0.674486111111111
"erlotinib","classification","rf",1,2,2,"max.depth","0",0.674486111111111
"erlotinib","classification","rf",1,2,2,"num.trees","500",0.674486111111111
"erlotinib","classification","rf",1,2,3,"mtry","20",0.664907407407407
"erlotinib","classification","rf",1,2,3,"min.node.size","5",0.664907407407407
"erlotinib","classification","rf",1,2,3,"sample.fraction","0.75",0.664907407407407
"erlotinib","classification","rf",1,2,3,"max.depth","0",0.664907407407407
"erlotinib","classification","rf",1,2,3,"num.trees","500",0.664907407407407
"erlotinib","classification","rf",1,2,4,"mtry","35",0.660092592592593
"erlotinib","classification","rf",1,2,4,"min.node.size","1",0.660092592592593
"erlotinib","classification","rf",1,2,4,"sample.fraction","0.55",0.660092592592593
"erlotinib","classification","rf",1,2,4,"max.depth","20",0.660092592592593
"erlotinib","classification","rf",1,2,4,"num.trees","500",0.660092592592593
"erlotinib","classification","rf",1,2,5,"mtry","20",0.679111111111111
"erlotinib","classification","rf",1,2,5,"min.node.size","3",0.679111111111111
"erlotinib","classification","rf",1,2,5,"sample.fraction","0.55",0.679111111111111
"erlotinib","classification","rf",1,2,5,"max.depth","20",0.679111111111111
"erlotinib","classification","rf",1,2,5,"num.trees","500",0.679111111111111
"erlotinib","classification","rf",1,2,6,"mtry","35",0.656740740740741
"erlotinib","classification","rf",1,2,6,"min.node.size","3",0.656740740740741
"erlotinib","classification","rf",1,2,6,"sample.fraction","0.55",0.656740740740741
"erlotinib","classification","rf",1,2,6,"max.depth","20",0.656740740740741
"erlotinib","classification","rf",1,2,6,"num.trees","500",0.656740740740741
"erlotinib","classification","rf",1,2,7,"mtry","50",0.661157407407407
"erlotinib","classification","rf",1,2,7,"min.node.size","5",0.661157407407407
"erlotinib","classification","rf",1,2,7,"sample.fraction","0.75",0.661157407407407
"erlotinib","classification","rf",1,2,7,"max.depth","20",0.661157407407407
"erlotinib","classification","rf",1,2,7,"num.trees","500",0.661157407407407
"erlotinib","classification","rf",1,2,8,"mtry","5",0.691046296296296
"erlotinib","classification","rf",1,2,8,"min.node.size","5",0.691046296296296
"erlotinib","classification","rf",1,2,8,"sample.fraction","0.55",0.691046296296296
"erlotinib","classification","rf",1,2,8,"max.depth","30",0.691046296296296
"erlotinib","classification","rf",1,2,8,"num.trees","500",0.691046296296296
"erlotinib","classification","rf",1,2,9,"mtry","35",0.660092592592593
"erlotinib","classification","rf",1,2,9,"min.node.size","1",0.660092592592593
"erlotinib","classification","rf",1,2,9,"sample.fraction","0.55",0.660092592592593
"erlotinib","classification","rf",1,2,9,"max.depth","40",0.660092592592593
"erlotinib","classification","rf",1,2,9,"num.trees","500",0.660092592592593
"erlotinib","classification","rf",1,2,10,"mtry","20",0.674888888888889
"erlotinib","classification","rf",1,2,10,"min.node.size","5",0.674888888888889
"erlotinib","classification","rf",1,2,10,"sample.fraction","0.55",0.674888888888889
"erlotinib","classification","rf",1,2,10,"max.depth","40",0.674888888888889
"erlotinib","classification","rf",1,2,10,"num.trees","500",0.674888888888889
"erlotinib","classification","rf",1,2,11,"mtry","10",0.674203703703704
"erlotinib","classification","rf",1,2,11,"min.node.size","3",0.674203703703704
"erlotinib","classification","rf",1,2,11,"sample.fraction","0.632",0.674203703703704
"erlotinib","classification","rf",1,2,11,"max.depth","40",0.674203703703704
"erlotinib","classification","rf",1,2,11,"num.trees","500",0.674203703703704
"erlotinib","classification","rf",1,2,12,"mtry","35",0.648486111111111
"erlotinib","classification","rf",1,2,12,"min.node.size","3",0.648486111111111
"erlotinib","classification","rf",1,2,12,"sample.fraction","0.75",0.648486111111111
"erlotinib","classification","rf",1,2,12,"max.depth","40",0.648486111111111
"erlotinib","classification","rf",1,2,12,"num.trees","500",0.648486111111111
"erlotinib","classification","ridge",1,2,1,"alpha","0",0.665867208672087
"erlotinib","classification","ridge",1,2,1,"lambda","115.8156218",0.665867208672087
"erlotinib","classification","ridge",1,2,1,"measure","auc",0.665867208672087
"erlotinib","classification","lasso",1,2,1,"alpha","1",0.699647696476965
"erlotinib","classification","lasso",1,2,1,"lambda","0.02273507736",0.699647696476965
"erlotinib","classification","lasso",1,2,1,"measure","auc",0.699647696476965
"erlotinib","classification","enet",1,2,1,"alpha","0.1",0.677842140921409
"erlotinib","classification","enet",1,2,1,"lambda","0.1131530157",0.677842140921409
"erlotinib","classification","enet",1,2,1,"measure","auc",0.677842140921409
"erlotinib","classification","enet",1,2,2,"alpha","0.2",0.687913279132791
"erlotinib","classification","enet",1,2,2,"lambda","0.05155040685",0.687913279132791
"erlotinib","classification","enet",1,2,2,"measure","auc",0.687913279132791
"erlotinib","classification","enet",1,2,3,"alpha","0.3",0.69914972899729
"erlotinib","classification","enet",1,2,3,"lambda","0.04543106935",0.69914972899729
"erlotinib","classification","enet",1,2,3,"measure","auc",0.69914972899729
"erlotinib","classification","enet",1,2,4,"alpha","0.4",0.696205962059621
"erlotinib","classification","enet",1,2,4,"lambda","0.03569572794",0.696205962059621
"erlotinib","classification","enet",1,2,4,"measure","auc",0.696205962059621
"erlotinib","classification","enet",1,2,5,"alpha","0.5",0.693516260162602
"erlotinib","classification","enet",1,2,5,"lambda","0.03603432",0.693516260162602
"erlotinib","classification","enet",1,2,5,"measure","auc",0.693516260162602
"erlotinib","classification","enet",1,2,6,"alpha","0.6",0.694468157181572
"erlotinib","classification","enet",1,2,6,"lambda","0.03452559291",0.694468157181572
"erlotinib","classification","enet",1,2,6,"measure","auc",0.694468157181572
"erlotinib","classification","enet",1,2,7,"alpha","0.7",0.698492547425474
"erlotinib","classification","enet",1,2,7,"lambda","0.03100247572",0.698492547425474
"erlotinib","classification","enet",1,2,7,"measure","auc",0.698492547425474
"erlotinib","classification","enet",1,2,8,"alpha","0.8",0.699573170731707
"erlotinib","classification","enet",1,2,8,"lambda","0.02589419468",0.699573170731707
"erlotinib","classification","enet",1,2,8,"measure","auc",0.699573170731707
"erlotinib","classification","enet",1,2,9,"alpha","0.9",0.701670054200542
"erlotinib","classification","enet",1,2,9,"lambda","0.02526119706",0.701670054200542
"erlotinib","classification","enet",1,2,9,"measure","auc",0.701670054200542
"erlotinib","classification","svm_linear",1,2,1,"cost","0.01",0.648180555555556
"erlotinib","classification","svm_linear",1,2,2,"cost","0.1",0.662032407407407
"erlotinib","classification","svm_linear",1,2,3,"cost","1",0.646666666666667
"erlotinib","classification","svm_linear",1,2,4,"cost","10",0.646666666666667
"erlotinib","classification","svm_linear",1,2,5,"cost","100",0.646666666666667
"erlotinib","classification","rf",1,3,1,"mtry","50",0.764472222222222
"erlotinib","classification","rf",1,3,1,"min.node.size","10",0.764472222222222
"erlotinib","classification","rf",1,3,1,"sample.fraction","0.55",0.764472222222222
"erlotinib","classification","rf",1,3,1,"max.depth","0",0.764472222222222
"erlotinib","classification","rf",1,3,1,"num.trees","500",0.764472222222222
"erlotinib","classification","rf",1,3,2,"mtry","5",0.788875
"erlotinib","classification","rf",1,3,2,"min.node.size","1",0.788875
"erlotinib","classification","rf",1,3,2,"sample.fraction","0.632",0.788875
"erlotinib","classification","rf",1,3,2,"max.depth","0",0.788875
"erlotinib","classification","rf",1,3,2,"num.trees","500",0.788875
"erlotinib","classification","rf",1,3,3,"mtry","35",0.770430555555556
"erlotinib","classification","rf",1,3,3,"min.node.size","3",0.770430555555556
"erlotinib","classification","rf",1,3,3,"sample.fraction","0.632",0.770430555555556
"erlotinib","classification","rf",1,3,3,"max.depth","20",0.770430555555556
"erlotinib","classification","rf",1,3,3,"num.trees","500",0.770430555555556
"erlotinib","classification","rf",1,3,4,"mtry","5",0.78575
"erlotinib","classification","rf",1,3,4,"min.node.size","10",0.78575
"erlotinib","classification","rf",1,3,4,"sample.fraction","0.632",0.78575
"erlotinib","classification","rf",1,3,4,"max.depth","20",0.78575
"erlotinib","classification","rf",1,3,4,"num.trees","500",0.78575
"erlotinib","classification","rf",1,3,5,"mtry","5",0.787451388888889
"erlotinib","classification","rf",1,3,5,"min.node.size","5",0.787451388888889
"erlotinib","classification","rf",1,3,5,"sample.fraction","0.55",0.787451388888889
"erlotinib","classification","rf",1,3,5,"max.depth","30",0.787451388888889
"erlotinib","classification","rf",1,3,5,"num.trees","500",0.787451388888889
"erlotinib","classification","rf",1,3,6,"mtry","14",0.779013888888889
"erlotinib","classification","rf",1,3,6,"min.node.size","5",0.779013888888889
"erlotinib","classification","rf",1,3,6,"sample.fraction","0.55",0.779013888888889
"erlotinib","classification","rf",1,3,6,"max.depth","30",0.779013888888889
"erlotinib","classification","rf",1,3,6,"num.trees","500",0.779013888888889
"erlotinib","classification","rf",1,3,7,"mtry","14",0.772333333333333
"erlotinib","classification","rf",1,3,7,"min.node.size","1",0.772333333333333
"erlotinib","classification","rf",1,3,7,"sample.fraction","0.75",0.772333333333333
"erlotinib","classification","rf",1,3,7,"max.depth","30",0.772333333333333
"erlotinib","classification","rf",1,3,7,"num.trees","500",0.772333333333333
"erlotinib","classification","rf",1,3,8,"mtry","14",0.777208333333333
"erlotinib","classification","rf",1,3,8,"min.node.size","5",0.777208333333333
"erlotinib","classification","rf",1,3,8,"sample.fraction","0.75",0.777208333333333
"erlotinib","classification","rf",1,3,8,"max.depth","30",0.777208333333333
"erlotinib","classification","rf",1,3,8,"num.trees","500",0.777208333333333
"erlotinib","classification","rf",1,3,9,"mtry","20",0.777125
"erlotinib","classification","rf",1,3,9,"min.node.size","5",0.777125
"erlotinib","classification","rf",1,3,9,"sample.fraction","0.75",0.777125
"erlotinib","classification","rf",1,3,9,"max.depth","30",0.777125
"erlotinib","classification","rf",1,3,9,"num.trees","500",0.777125
"erlotinib","classification","rf",1,3,10,"mtry","14",0.783680555555556
"erlotinib","classification","rf",1,3,10,"min.node.size","10",0.783680555555556
"erlotinib","classification","rf",1,3,10,"sample.fraction","0.632",0.783680555555556
"erlotinib","classification","rf",1,3,10,"max.depth","40",0.783680555555556
"erlotinib","classification","rf",1,3,10,"num.trees","500",0.783680555555556
"erlotinib","classification","rf",1,3,11,"mtry","50",0.76375
"erlotinib","classification","rf",1,3,11,"min.node.size","10",0.76375
"erlotinib","classification","rf",1,3,11,"sample.fraction","0.632",0.76375
"erlotinib","classification","rf",1,3,11,"max.depth","40",0.76375
"erlotinib","classification","rf",1,3,11,"num.trees","500",0.76375
"erlotinib","classification","rf",1,3,12,"mtry","50",0.765611111111111
"erlotinib","classification","rf",1,3,12,"min.node.size","5",0.765611111111111
"erlotinib","classification","rf",1,3,12,"sample.fraction","0.75",0.765611111111111
"erlotinib","classification","rf",1,3,12,"max.depth","40",0.765611111111111
"erlotinib","classification","rf",1,3,12,"num.trees","500",0.765611111111111
"erlotinib","classification","ridge",1,3,1,"alpha","0",0.789367003367003
"erlotinib","classification","ridge",1,3,1,"lambda","2.122332432",0.789367003367003
"erlotinib","classification","ridge",1,3,1,"measure","auc",0.789367003367003
"erlotinib","classification","lasso",1,3,1,"alpha","1",0.786272727272727
"erlotinib","classification","lasso",1,3,1,"lambda","0.05018232565",0.786272727272727
"erlotinib","classification","lasso",1,3,1,"measure","auc",0.786272727272727
"erlotinib","classification","enet",1,3,1,"alpha","0.1",0.78750505050505
"erlotinib","classification","enet",1,3,1,"lambda","0.4364602768",0.78750505050505
"erlotinib","classification","enet",1,3,1,"measure","auc",0.78750505050505
"erlotinib","classification","enet",1,3,2,"alpha","0.2",0.790272727272727
"erlotinib","classification","enet",1,3,2,"lambda","0.2182301384",0.790272727272727
"erlotinib","classification","enet",1,3,2,"measure","auc",0.790272727272727
"erlotinib","classification","enet",1,3,3,"alpha","0.3",0.793208754208754
"erlotinib","classification","enet",1,3,3,"lambda","0.1524142205",0.793208754208754
"erlotinib","classification","enet",1,3,3,"measure","auc",0.793208754208754
"erlotinib","classification","enet",1,3,4,"alpha","0.4",0.793208754208754
"erlotinib","classification","enet",1,3,4,"lambda","0.1143106654",0.793208754208754
"erlotinib","classification","enet",1,3,4,"measure","auc",0.793208754208754
"erlotinib","classification","enet",1,3,5,"alpha","0.5",0.79230303030303
"erlotinib","classification","enet",1,3,5,"lambda","0.09144853229",0.79230303030303
"erlotinib","classification","enet",1,3,5,"measure","auc",0.79230303030303
"erlotinib","classification","enet",1,3,6,"alpha","0.6",0.791292929292929
"erlotinib","classification","enet",1,3,6,"lambda","0.08363720941",0.791292929292929
"erlotinib","classification","enet",1,3,6,"measure","auc",0.791292929292929
"erlotinib","classification","enet",1,3,7,"alpha","0.7",0.790208754208754
"erlotinib","classification","enet",1,3,7,"lambda","0.06843065928",0.790208754208754
"erlotinib","classification","enet",1,3,7,"measure","auc",0.790208754208754
"erlotinib","classification","enet",1,3,8,"alpha","0.8",0.787282828282828
"erlotinib","classification","enet",1,3,8,"lambda","0.06272790706",0.787282828282828
"erlotinib","classification","enet",1,3,8,"measure","auc",0.787282828282828
"erlotinib","classification","enet",1,3,9,"alpha","0.9",0.788282828282828
"erlotinib","classification","enet",1,3,9,"lambda","0.05575813961",0.788282828282828
"erlotinib","classification","enet",1,3,9,"measure","auc",0.788282828282828
"erlotinib","classification","svm_linear",1,3,1,"cost","0.01",0.727847222222222
"erlotinib","classification","svm_linear",1,3,2,"cost","0.1",0.674972222222222
"erlotinib","classification","svm_linear",1,3,3,"cost","1",0.681041666666667
"erlotinib","classification","svm_linear",1,3,4,"cost","10",0.681041666666667
"erlotinib","classification","svm_linear",1,3,5,"cost","100",0.681041666666667
"erlotinib","classification","rf",1,4,1,"mtry","50",0.771310185185185
"erlotinib","classification","rf",1,4,1,"min.node.size","1",0.771310185185185
"erlotinib","classification","rf",1,4,1,"sample.fraction","0.632",0.771310185185185
"erlotinib","classification","rf",1,4,1,"max.depth","0",0.771310185185185
"erlotinib","classification","rf",1,4,1,"num.trees","500",0.771310185185185
"erlotinib","classification","rf",1,4,2,"mtry","35",0.753208333333333
"erlotinib","classification","rf",1,4,2,"min.node.size","3",0.753208333333333
"erlotinib","classification","rf",1,4,2,"sample.fraction","0.632",0.753208333333333
"erlotinib","classification","rf",1,4,2,"max.depth","0",0.753208333333333
"erlotinib","classification","rf",1,4,2,"num.trees","500",0.753208333333333
"erlotinib","classification","rf",1,4,3,"mtry","14",0.761893518518518
"erlotinib","classification","rf",1,4,3,"min.node.size","5",0.761893518518518
"erlotinib","classification","rf",1,4,3,"sample.fraction","0.75",0.761893518518518
"erlotinib","classification","rf",1,4,3,"max.depth","0",0.761893518518518
"erlotinib","classification","rf",1,4,3,"num.trees","500",0.761893518518518
"erlotinib","classification","rf",1,4,4,"mtry","10",0.758208333333333
"erlotinib","classification","rf",1,4,4,"min.node.size","3",0.758208333333333
"erlotinib","classification","rf",1,4,4,"sample.fraction","0.55",0.758208333333333
"erlotinib","classification","rf",1,4,4,"max.depth","20",0.758208333333333
"erlotinib","classification","rf",1,4,4,"num.trees","500",0.758208333333333
"erlotinib","classification","rf",1,4,5,"mtry","50",0.778666666666667
"erlotinib","classification","rf",1,4,5,"min.node.size","10",0.778666666666667
"erlotinib","classification","rf",1,4,5,"sample.fraction","0.75",0.778666666666667
"erlotinib","classification","rf",1,4,5,"max.depth","20",0.778666666666667
"erlotinib","classification","rf",1,4,5,"num.trees","500",0.778666666666667
"erlotinib","classification","rf",1,4,6,"mtry","20",0.758726851851852
"erlotinib","classification","rf",1,4,6,"min.node.size","1",0.758726851851852
"erlotinib","classification","rf",1,4,6,"sample.fraction","0.55",0.758726851851852
"erlotinib","classification","rf",1,4,6,"max.depth","30",0.758726851851852
"erlotinib","classification","rf",1,4,6,"num.trees","500",0.758726851851852
"erlotinib","classification","rf",1,4,7,"mtry","35",0.770483796296296
"erlotinib","classification","rf",1,4,7,"min.node.size","1",0.770483796296296
"erlotinib","classification","rf",1,4,7,"sample.fraction","0.55",0.770483796296296
"erlotinib","classification","rf",1,4,7,"max.depth","40",0.770483796296296
"erlotinib","classification","rf",1,4,7,"num.trees","500",0.770483796296296
"erlotinib","classification","rf",1,4,8,"mtry","10",0.758208333333333
"erlotinib","classification","rf",1,4,8,"min.node.size","3",0.758208333333333
"erlotinib","classification","rf",1,4,8,"sample.fraction","0.55",0.758208333333333
"erlotinib","classification","rf",1,4,8,"max.depth","40",0.758208333333333
"erlotinib","classification","rf",1,4,8,"num.trees","500",0.758208333333333
"erlotinib","classification","rf",1,4,9,"mtry","50",0.771310185185185
"erlotinib","classification","rf",1,4,9,"min.node.size","1",0.771310185185185
"erlotinib","classification","rf",1,4,9,"sample.fraction","0.632",0.771310185185185
"erlotinib","classification","rf",1,4,9,"max.depth","40",0.771310185185185
"erlotinib","classification","rf",1,4,9,"num.trees","500",0.771310185185185
"erlotinib","classification","rf",1,4,10,"mtry","35",0.753208333333333
"erlotinib","classification","rf",1,4,10,"min.node.size","3",0.753208333333333
"erlotinib","classification","rf",1,4,10,"sample.fraction","0.632",0.753208333333333
"erlotinib","classification","rf",1,4,10,"max.depth","40",0.753208333333333
"erlotinib","classification","rf",1,4,10,"num.trees","500",0.753208333333333
"erlotinib","classification","rf",1,4,11,"mtry","14",0.757976851851852
"erlotinib","classification","rf",1,4,11,"min.node.size","3",0.757976851851852
"erlotinib","classification","rf",1,4,11,"sample.fraction","0.75",0.757976851851852
"erlotinib","classification","rf",1,4,11,"max.depth","40",0.757976851851852
"erlotinib","classification","rf",1,4,11,"num.trees","500",0.757976851851852
"erlotinib","classification","rf",1,4,12,"mtry","10",0.756800925925926
"erlotinib","classification","rf",1,4,12,"min.node.size","10",0.756800925925926
"erlotinib","classification","rf",1,4,12,"sample.fraction","0.75",0.756800925925926
"erlotinib","classification","rf",1,4,12,"max.depth","40",0.756800925925926
"erlotinib","classification","rf",1,4,12,"num.trees","500",0.756800925925926
"erlotinib","classification","ridge",1,4,1,"alpha","0",0.781324525745257
"erlotinib","classification","ridge",1,4,1,"lambda","6.750143183",0.781324525745257
"erlotinib","classification","ridge",1,4,1,"measure","auc",0.781324525745257
"erlotinib","classification","lasso",1,4,1,"alpha","1",0.738600948509485
"erlotinib","classification","lasso",1,4,1,"lambda","0.1100105149",0.738600948509485
"erlotinib","classification","lasso",1,4,1,"measure","auc",0.738600948509485
"erlotinib","classification","enet",1,4,1,"alpha","0.1",0.756697154471545
"erlotinib","classification","enet",1,4,1,"lambda","0.9568153558",0.756697154471545
"erlotinib","classification","enet",1,4,1,"measure","auc",0.756697154471545
"erlotinib","classification","enet",1,4,2,"alpha","0.2",0.755765582655827
"erlotinib","classification","enet",1,4,2,"lambda","0.5762437417",0.755765582655827
"erlotinib","classification","enet",1,4,2,"measure","auc",0.755765582655827
"erlotinib","classification","enet",1,4,3,"alpha","0.3",0.750335365853659
"erlotinib","classification","enet",1,4,3,"lambda","0.3341249464",0.750335365853659
"erlotinib","classification","enet",1,4,3,"measure","auc",0.750335365853659
"erlotinib","classification","enet",1,4,4,"alpha","0.4",0.747635501355014
"erlotinib","classification","enet",1,4,4,"lambda","0.2179536292",0.747635501355014
"erlotinib","classification","enet",1,4,4,"measure","auc",0.747635501355014
"erlotinib","classification","enet",1,4,5,"alpha","0.5",0.743983739837398
"erlotinib","classification","enet",1,4,5,"lambda","0.1913630712",0.743983739837398
"erlotinib","classification","enet",1,4,5,"measure","auc",0.743983739837398
"erlotinib","classification","enet",1,4,6,"alpha","0.6",0.742913279132791
"erlotinib","classification","enet",1,4,6,"lambda","0.1750172786",0.742913279132791
"erlotinib","classification","enet",1,4,6,"measure","auc",0.742913279132791
"erlotinib","classification","enet",1,4,7,"alpha","0.7",0.741832655826558
"erlotinib","classification","enet",1,4,7,"lambda","0.1500148103",0.741832655826558
"erlotinib","classification","enet",1,4,7,"measure","auc",0.741832655826558
"erlotinib","classification","enet",1,4,8,"alpha","0.8",0.73974593495935
"erlotinib","classification","enet",1,4,8,"lambda","0.1252968549",0.73974593495935
"erlotinib","classification","enet",1,4,8,"measure","auc",0.73974593495935
"erlotinib","classification","enet",1,4,9,"alpha","0.9",0.737743902439024
"erlotinib","classification","enet",1,4,9,"lambda","0.1014807357",0.737743902439024
"erlotinib","classification","enet",1,4,9,"measure","auc",0.737743902439024
"erlotinib","classification","svm_linear",1,4,1,"cost","0.01",0.68325462962963
"erlotinib","classification","svm_linear",1,4,2,"cost","0.1",0.598287037037037
"erlotinib","classification","svm_linear",1,4,3,"cost","1",0.572902777777778
"erlotinib","classification","svm_linear",1,4,4,"cost","10",0.572902777777778
"erlotinib","classification","svm_linear",1,4,5,"cost","100",0.572902777777778
"erlotinib","classification","rf",1,5,1,"mtry","20",0.654097222222222
"erlotinib","classification","rf",1,5,1,"min.node.size","10",0.654097222222222
"erlotinib","classification","rf",1,5,1,"sample.fraction","0.632",0.654097222222222
"erlotinib","classification","rf",1,5,1,"max.depth","0",0.654097222222222
"erlotinib","classification","rf",1,5,1,"num.trees","500",0.654097222222222
"erlotinib","classification","rf",1,5,2,"mtry","50",0.655
"erlotinib","classification","rf",1,5,2,"min.node.size","10",0.655
"erlotinib","classification","rf",1,5,2,"sample.fraction","0.55",0.655
"erlotinib","classification","rf",1,5,2,"max.depth","20",0.655
"erlotinib","classification","rf",1,5,2,"num.trees","500",0.655
"erlotinib","classification","rf",1,5,3,"mtry","10",0.645097222222222
"erlotinib","classification","rf",1,5,3,"min.node.size","3",0.645097222222222
"erlotinib","classification","rf",1,5,3,"sample.fraction","0.75",0.645097222222222
"erlotinib","classification","rf",1,5,3,"max.depth","20",0.645097222222222
"erlotinib","classification","rf",1,5,3,"num.trees","500",0.645097222222222
"erlotinib","classification","rf",1,5,4,"mtry","5",0.659034722222222
"erlotinib","classification","rf",1,5,4,"min.node.size","1",0.659034722222222
"erlotinib","classification","rf",1,5,4,"sample.fraction","0.55",0.659034722222222
"erlotinib","classification","rf",1,5,4,"max.depth","30",0.659034722222222
"erlotinib","classification","rf",1,5,4,"num.trees","500",0.659034722222222
"erlotinib","classification","rf",1,5,5,"mtry","35",0.646354166666667
"erlotinib","classification","rf",1,5,5,"min.node.size","1",0.646354166666667
"erlotinib","classification","rf",1,5,5,"sample.fraction","0.55",0.646354166666667
"erlotinib","classification","rf",1,5,5,"max.depth","30",0.646354166666667
"erlotinib","classification","rf",1,5,5,"num.trees","500",0.646354166666667
"erlotinib","classification","rf",1,5,6,"mtry","10",0.661361111111111
"erlotinib","classification","rf",1,5,6,"min.node.size","1",0.661361111111111
"erlotinib","classification","rf",1,5,6,"sample.fraction","0.632",0.661361111111111
"erlotinib","classification","rf",1,5,6,"max.depth","30",0.661361111111111
"erlotinib","classification","rf",1,5,6,"num.trees","500",0.661361111111111
"erlotinib","classification","rf",1,5,7,"mtry","20",0.651069444444444
"erlotinib","classification","rf",1,5,7,"min.node.size","1",0.651069444444444
"erlotinib","classification","rf",1,5,7,"sample.fraction","0.632",0.651069444444444
"erlotinib","classification","rf",1,5,7,"max.depth","30",0.651069444444444
"erlotinib","classification","rf",1,5,7,"num.trees","500",0.651069444444444
"erlotinib","classification","rf",1,5,8,"mtry","20",0.665319444444444
"erlotinib","classification","rf",1,5,8,"min.node.size","1",0.665319444444444
"erlotinib","classification","rf",1,5,8,"sample.fraction","0.55",0.665319444444444
"erlotinib","classification","rf",1,5,8,"max.depth","40",0.665319444444444
"erlotinib","classification","rf",1,5,8,"num.trees","500",0.665319444444444
"erlotinib","classification","rf",1,5,9,"mtry","10",0.651125
"erlotinib","classification","rf",1,5,9,"min.node.size","10",0.651125
"erlotinib","classification","rf",1,5,9,"sample.fraction","0.55",0.651125
"erlotinib","classification","rf",1,5,9,"max.depth","40",0.651125
"erlotinib","classification","rf",1,5,9,"num.trees","500",0.651125
"erlotinib","classification","rf",1,5,10,"mtry","50",0.655
"erlotinib","classification","rf",1,5,10,"min.node.size","10",0.655
"erlotinib","classification","rf",1,5,10,"sample.fraction","0.55",0.655
"erlotinib","classification","rf",1,5,10,"max.depth","40",0.655
"erlotinib","classification","rf",1,5,10,"num.trees","500",0.655
"erlotinib","classification","rf",1,5,11,"mtry","14",0.664986111111111
"erlotinib","classification","rf",1,5,11,"min.node.size","5",0.664986111111111
"erlotinib","classification","rf",1,5,11,"sample.fraction","0.632",0.664986111111111
"erlotinib","classification","rf",1,5,11,"max.depth","40",0.664986111111111
"erlotinib","classification","rf",1,5,11,"num.trees","500",0.664986111111111
"erlotinib","classification","rf",1,5,12,"mtry","35",0.661756944444444
"erlotinib","classification","rf",1,5,12,"min.node.size","1",0.661756944444444
"erlotinib","classification","rf",1,5,12,"sample.fraction","0.75",0.661756944444444
"erlotinib","classification","rf",1,5,12,"max.depth","40",0.661756944444444
"erlotinib","classification","rf",1,5,12,"num.trees","500",0.661756944444444
"erlotinib","classification","ridge",1,5,1,"alpha","0",0.661646464646465
"erlotinib","classification","ridge",1,5,1,"lambda","12.34825015",0.661646464646465
"erlotinib","classification","ridge",1,5,1,"measure","auc",0.661646464646465
"erlotinib","classification","lasso",1,5,1,"alpha","1",0.614124579124579
"erlotinib","classification","lasso",1,5,1,"lambda","0.04335707385",0.614124579124579
"erlotinib","classification","lasso",1,5,1,"measure","auc",0.614124579124579
"erlotinib","classification","enet",1,5,1,"alpha","0.1",0.627279461279461
"erlotinib","classification","enet",1,5,1,"lambda","0.3599580441",0.627279461279461
"erlotinib","classification","enet",1,5,1,"measure","auc",0.627279461279461
"erlotinib","classification","enet",1,5,2,"alpha","0.2",0.62079797979798
"erlotinib","classification","enet",1,5,2,"lambda","0.1639901818",0.62079797979798
"erlotinib","classification","enet",1,5,2,"measure","auc",0.62079797979798
"erlotinib","classification","enet",1,5,3,"alpha","0.3",0.619619528619529
"erlotinib","classification","enet",1,5,3,"lambda","0.1145324652",0.619619528619529
"erlotinib","classification","enet",1,5,3,"measure","auc",0.619619528619529
"erlotinib","classification","enet",1,5,4,"alpha","0.4",0.620387205387205
"erlotinib","classification","enet",1,5,4,"lambda","0.14328875",0.620387205387205
"erlotinib","classification","enet",1,5,4,"measure","auc",0.620387205387205
"erlotinib","classification","enet",1,5,5,"alpha","0.5",0.6176632996633
"erlotinib","classification","enet",1,5,5,"lambda","0.06261462997",0.6176632996633
"erlotinib","classification","enet",1,5,5,"measure","auc",0.6176632996633
"erlotinib","classification","enet",1,5,6,"alpha","0.6",0.615996632996633
"erlotinib","classification","enet",1,5,6,"lambda","0.1000743678",0.615996632996633
"erlotinib","classification","enet",1,5,6,"measure","auc",0.615996632996633
"erlotinib","classification","enet",1,5,7,"alpha","0.7",0.612198653198653
"erlotinib","classification","enet",1,5,7,"lambda","0.1033199402",0.612198653198653
"erlotinib","classification","enet",1,5,7,"measure","auc",0.612198653198653
"erlotinib","classification","enet",1,5,8,"alpha","0.8",0.611936026936027
"erlotinib","classification","enet",1,5,8,"lambda","0.1088930796",0.611936026936027
"erlotinib","classification","enet",1,5,8,"measure","auc",0.611936026936027
"erlotinib","classification","enet",1,5,9,"alpha","0.9",0.612707070707071
"erlotinib","classification","enet",1,5,9,"lambda","0.04189974637",0.612707070707071
"erlotinib","classification","enet",1,5,9,"measure","auc",0.612707070707071
"erlotinib","classification","svm_linear",1,5,1,"cost","0.01",0.538152777777778
"erlotinib","classification","svm_linear",1,5,2,"cost","0.1",0.504
"erlotinib","classification","svm_linear",1,5,3,"cost","1",0.496277777777778
"erlotinib","classification","svm_linear",1,5,4,"cost","10",0.496277777777778
"erlotinib","classification","svm_linear",1,5,5,"cost","100",0.496277777777778
"erlotinib","classification","rf",2,1,1,"mtry","14",0.712291666666667
"erlotinib","classification","rf",2,1,1,"min.node.size","1",0.712291666666667
"erlotinib","classification","rf",2,1,1,"sample.fraction","0.55",0.712291666666667
"erlotinib","classification","rf",2,1,1,"max.depth","0",0.712291666666667
"erlotinib","classification","rf",2,1,1,"num.trees","500",0.712291666666667
"erlotinib","classification","rf",2,1,2,"mtry","20",0.700520833333333
"erlotinib","classification","rf",2,1,2,"min.node.size","1",0.700520833333333
"erlotinib","classification","rf",2,1,2,"sample.fraction","0.75",0.700520833333333
"erlotinib","classification","rf",2,1,2,"max.depth","20",0.700520833333333
"erlotinib","classification","rf",2,1,2,"num.trees","500",0.700520833333333
"erlotinib","classification","rf",2,1,3,"mtry","20",0.704652777777778
"erlotinib","classification","rf",2,1,3,"min.node.size","5",0.704652777777778
"erlotinib","classification","rf",2,1,3,"sample.fraction","0.75",0.704652777777778
"erlotinib","classification","rf",2,1,3,"max.depth","20",0.704652777777778
"erlotinib","classification","rf",2,1,3,"num.trees","500",0.704652777777778
"erlotinib","classification","rf",2,1,4,"mtry","35",0.700583333333333
"erlotinib","classification","rf",2,1,4,"min.node.size","5",0.700583333333333
"erlotinib","classification","rf",2,1,4,"sample.fraction","0.632",0.700583333333333
"erlotinib","classification","rf",2,1,4,"max.depth","30",0.700583333333333
"erlotinib","classification","rf",2,1,4,"num.trees","500",0.700583333333333
"erlotinib","classification","rf",2,1,5,"mtry","5",0.72825
"erlotinib","classification","rf",2,1,5,"min.node.size","10",0.72825
"erlotinib","classification","rf",2,1,5,"sample.fraction","0.632",0.72825
"erlotinib","classification","rf",2,1,5,"max.depth","30",0.72825
"erlotinib","classification","rf",2,1,5,"num.trees","500",0.72825
"erlotinib","classification","rf",2,1,6,"mtry","20",0.716416666666667
"erlotinib","classification","rf",2,1,6,"min.node.size","10",0.716416666666667
"erlotinib","classification","rf",2,1,6,"sample.fraction","0.632",0.716416666666667
"erlotinib","classification","rf",2,1,6,"max.depth","30",0.716416666666667
"erlotinib","classification","rf",2,1,6,"num.trees","500",0.716416666666667
"erlotinib","classification","rf",2,1,7,"mtry","20",0.704652777777778
"erlotinib","classification","rf",2,1,7,"min.node.size","5",0.704652777777778
"erlotinib","classification","rf",2,1,7,"sample.fraction","0.75",0.704652777777778
"erlotinib","classification","rf",2,1,7,"max.depth","30",0.704652777777778
"erlotinib","classification","rf",2,1,7,"num.trees","500",0.704652777777778
"erlotinib","classification","rf",2,1,8,"mtry","10",0.716333333333333
"erlotinib","classification","rf",2,1,8,"min.node.size","1",0.716333333333333
"erlotinib","classification","rf",2,1,8,"sample.fraction","0.55",0.716333333333333
"erlotinib","classification","rf",2,1,8,"max.depth","40",0.716333333333333
"erlotinib","classification","rf",2,1,8,"num.trees","500",0.716333333333333
"erlotinib","classification","rf",2,1,9,"mtry","10",0.714486111111111
"erlotinib","classification","rf",2,1,9,"min.node.size","10",0.714486111111111
"erlotinib","classification","rf",2,1,9,"sample.fraction","0.55",0.714486111111111
"erlotinib","classification","rf",2,1,9,"max.depth","40",0.714486111111111
"erlotinib","classification","rf",2,1,9,"num.trees","500",0.714486111111111
"erlotinib","classification","rf",2,1,10,"mtry","14",0.707666666666667
"erlotinib","classification","rf",2,1,10,"min.node.size","1",0.707666666666667
"erlotinib","classification","rf",2,1,10,"sample.fraction","0.632",0.707666666666667
"erlotinib","classification","rf",2,1,10,"max.depth","40",0.707666666666667
"erlotinib","classification","rf",2,1,10,"num.trees","500",0.707666666666667
"erlotinib","classification","rf",2,1,11,"mtry","20",0.708333333333333
"erlotinib","classification","rf",2,1,11,"min.node.size","1",0.708333333333333
"erlotinib","classification","rf",2,1,11,"sample.fraction","0.632",0.708333333333333
"erlotinib","classification","rf",2,1,11,"max.depth","40",0.708333333333333
"erlotinib","classification","rf",2,1,11,"num.trees","500",0.708333333333333
"erlotinib","classification","rf",2,1,12,"mtry","20",0.716416666666667
"erlotinib","classification","rf",2,1,12,"min.node.size","10",0.716416666666667
"erlotinib","classification","rf",2,1,12,"sample.fraction","0.632",0.716416666666667
"erlotinib","classification","rf",2,1,12,"max.depth","40",0.716416666666667
"erlotinib","classification","rf",2,1,12,"num.trees","500",0.716416666666667
"erlotinib","classification","ridge",2,1,1,"alpha","0",0.733090909090909
"erlotinib","classification","ridge",2,1,1,"lambda","156.6249789",0.733090909090909
"erlotinib","classification","ridge",2,1,1,"measure","auc",0.733090909090909
"erlotinib","classification","lasso",2,1,1,"alpha","1",0.721316498316498
"erlotinib","classification","lasso",2,1,1,"lambda","0.0387972032",0.721316498316498
"erlotinib","classification","lasso",2,1,1,"measure","auc",0.721316498316498
"erlotinib","classification","enet",2,1,1,"alpha","0.1",0.722474747474747
"erlotinib","classification","enet",2,1,1,"lambda","0.2220118609",0.722474747474747
"erlotinib","classification","enet",2,1,1,"measure","auc",0.722474747474747
"erlotinib","classification","enet",2,1,2,"alpha","0.2",0.719569023569024
"erlotinib","classification","enet",2,1,2,"lambda","0.5152438872",0.719569023569024
"erlotinib","classification","enet",2,1,2,"measure","auc",0.719569023569024
"erlotinib","classification","enet",2,1,3,"alpha","0.3",0.71483164983165
"erlotinib","classification","enet",2,1,3,"lambda","0.2722146461",0.71483164983165
"erlotinib","classification","enet",2,1,3,"measure","auc",0.71483164983165
"erlotinib","classification","enet",2,1,4,"alpha","0.4",0.712727272727273
"erlotinib","classification","enet",2,1,4,"lambda","0.2041609845",0.712727272727273
"erlotinib","classification","enet",2,1,4,"measure","auc",0.712727272727273
"erlotinib","classification","enet",2,1,5,"alpha","0.5",0.711717171717172
"erlotinib","classification","enet",2,1,5,"lambda","0.0707011332",0.711717171717172
"erlotinib","classification","enet",2,1,5,"measure","auc",0.711717171717172
"erlotinib","classification","enet",2,1,6,"alpha","0.6",0.713727272727273
"erlotinib","classification","enet",2,1,6,"lambda","0.0617230174",0.713727272727273
"erlotinib","classification","enet",2,1,6,"measure","auc",0.713727272727273
"erlotinib","classification","enet",2,1,7,"alpha","0.7",0.717390572390572
"erlotinib","classification","enet",2,1,7,"lambda","0.0482054697",0.717390572390572
"erlotinib","classification","enet",2,1,7,"measure","auc",0.717390572390572
"erlotinib","classification","enet",2,1,8,"alpha","0.8",0.718222222222222
"erlotinib","classification","enet",2,1,8,"lambda","0.04217978599",0.718222222222222
"erlotinib","classification","enet",2,1,8,"measure","auc",0.718222222222222
"erlotinib","classification","enet",2,1,9,"alpha","0.9",0.718222222222222
"erlotinib","classification","enet",2,1,9,"lambda","0.0374931431",0.718222222222222
"erlotinib","classification","enet",2,1,9,"measure","auc",0.718222222222222
"erlotinib","classification","svm_linear",2,1,1,"cost","0.01",0.668263888888889
"erlotinib","classification","svm_linear",2,1,2,"cost","0.1",0.574152777777778
"erlotinib","classification","svm_linear",2,1,3,"cost","1",0.567875
"erlotinib","classification","svm_linear",2,1,4,"cost","10",0.567875
"erlotinib","classification","svm_linear",2,1,5,"cost","100",0.567875
"erlotinib","classification","rf",2,2,1,"mtry","5",0.749763888888889
"erlotinib","classification","rf",2,2,1,"min.node.size","1",0.749763888888889
"erlotinib","classification","rf",2,2,1,"sample.fraction","0.632",0.749763888888889
"erlotinib","classification","rf",2,2,1,"max.depth","0",0.749763888888889
"erlotinib","classification","rf",2,2,1,"num.trees","500",0.749763888888889
"erlotinib","classification","rf",2,2,2,"mtry","35",0.738236111111111
"erlotinib","classification","rf",2,2,2,"min.node.size","5",0.738236111111111
"erlotinib","classification","rf",2,2,2,"sample.fraction","0.632",0.738236111111111
"erlotinib","classification","rf",2,2,2,"max.depth","0",0.738236111111111
"erlotinib","classification","rf",2,2,2,"num.trees","500",0.738236111111111
"erlotinib","classification","rf",2,2,3,"mtry","20",0.736611111111111
"erlotinib","classification","rf",2,2,3,"min.node.size","10",0.736611111111111
"erlotinib","classification","rf",2,2,3,"sample.fraction","0.632",0.736611111111111
"erlotinib","classification","rf",2,2,3,"max.depth","0",0.736611111111111
"erlotinib","classification","rf",2,2,3,"num.trees","500",0.736611111111111
"erlotinib","classification","rf",2,2,4,"mtry","35",0.739034722222222
"erlotinib","classification","rf",2,2,4,"min.node.size","1",0.739034722222222
"erlotinib","classification","rf",2,2,4,"sample.fraction","0.75",0.739034722222222
"erlotinib","classification","rf",2,2,4,"max.depth","0",0.739034722222222
"erlotinib","classification","rf",2,2,4,"num.trees","500",0.739034722222222
"erlotinib","classification","rf",2,2,5,"mtry","14",0.742006944444444
"erlotinib","classification","rf",2,2,5,"min.node.size","5",0.742006944444444
"erlotinib","classification","rf",2,2,5,"sample.fraction","0.75",0.742006944444444
"erlotinib","classification","rf",2,2,5,"max.depth","0",0.742006944444444
"erlotinib","classification","rf",2,2,5,"num.trees","500",0.742006944444444
"erlotinib","classification","rf",2,2,6,"mtry","20",0.721402777777778
"erlotinib","classification","rf",2,2,6,"min.node.size","5",0.721402777777778
"erlotinib","classification","rf",2,2,6,"sample.fraction","0.75",0.721402777777778
"erlotinib","classification","rf",2,2,6,"max.depth","0",0.721402777777778
"erlotinib","classification","rf",2,2,6,"num.trees","500",0.721402777777778
"erlotinib","classification","rf",2,2,7,"mtry","50",0.733152777777778
"erlotinib","classification","rf",2,2,7,"min.node.size","5",0.733152777777778
"erlotinib","classification","rf",2,2,7,"sample.fraction","0.55",0.733152777777778
"erlotinib","classification","rf",2,2,7,"max.depth","20",0.733152777777778
"erlotinib","classification","rf",2,2,7,"num.trees","500",0.733152777777778
"erlotinib","classification","rf",2,2,8,"mtry","50",0.739944444444444
"erlotinib","classification","rf",2,2,8,"min.node.size","10",0.739944444444444
"erlotinib","classification","rf",2,2,8,"sample.fraction","0.55",0.739944444444444
"erlotinib","classification","rf",2,2,8,"max.depth","20",0.739944444444444
"erlotinib","classification","rf",2,2,8,"num.trees","500",0.739944444444444
"erlotinib","classification","rf",2,2,9,"mtry","10",0.736694444444444
"erlotinib","classification","rf",2,2,9,"min.node.size","10",0.736694444444444
"erlotinib","classification","rf",2,2,9,"sample.fraction","0.75",0.736694444444444
"erlotinib","classification","rf",2,2,9,"max.depth","20",0.736694444444444
"erlotinib","classification","rf",2,2,9,"num.trees","500",0.736694444444444
"erlotinib","classification","rf",2,2,10,"mtry","20",0.740597222222222
"erlotinib","classification","rf",2,2,10,"min.node.size","5",0.740597222222222
"erlotinib","classification","rf",2,2,10,"sample.fraction","0.55",0.740597222222222
"erlotinib","classification","rf",2,2,10,"max.depth","30",0.740597222222222
"erlotinib","classification","rf",2,2,10,"num.trees","500",0.740597222222222
"erlotinib","classification","rf",2,2,11,"mtry","50",0.725541666666667
"erlotinib","classification","rf",2,2,11,"min.node.size","1",0.725541666666667
"erlotinib","classification","rf",2,2,11,"sample.fraction","0.632",0.725541666666667
"erlotinib","classification","rf",2,2,11,"max.depth","40",0.725541666666667
"erlotinib","classification","rf",2,2,11,"num.trees","500",0.725541666666667
"erlotinib","classification","rf",2,2,12,"mtry","14",0.742006944444444
"erlotinib","classification","rf",2,2,12,"min.node.size","5",0.742006944444444
"erlotinib","classification","rf",2,2,12,"sample.fraction","0.75",0.742006944444444
"erlotinib","classification","rf",2,2,12,"max.depth","40",0.742006944444444
"erlotinib","classification","rf",2,2,12,"num.trees","500",0.742006944444444
"erlotinib","classification","ridge",2,2,1,"alpha","0",0.768526422764228
"erlotinib","classification","ridge",2,2,1,"lambda","6.675191137",0.768526422764228
"erlotinib","classification","ridge",2,2,1,"measure","auc",0.768526422764228
"erlotinib","classification","lasso",2,2,1,"alpha","1",0.750650406504065
"erlotinib","classification","lasso",2,2,1,"lambda","0.1038443561",0.750650406504065
"erlotinib","classification","lasso",2,2,1,"measure","auc",0.750650406504065
"erlotinib","classification","enet",2,2,1,"alpha","0.1",0.743993902439024
"erlotinib","classification","enet",2,2,1,"lambda","0.5672266604",0.743993902439024
"erlotinib","classification","enet",2,2,1,"measure","auc",0.743993902439024
"erlotinib","classification","enet",2,2,2,"alpha","0.2",0.74539972899729
"erlotinib","classification","enet",2,2,2,"lambda","0.7533019015",0.74539972899729
"erlotinib","classification","enet",2,2,2,"measure","auc",0.74539972899729
"erlotinib","classification","enet",2,2,3,"alpha","0.3",0.745409891598916
"erlotinib","classification","enet",2,2,3,"lambda","0.479375445",0.745409891598916
"erlotinib","classification","enet",2,2,3,"measure","auc",0.745409891598916
"erlotinib","classification","enet",2,2,4,"alpha","0.4",0.749911924119241
"erlotinib","classification","enet",2,2,4,"lambda","0.1630432052",0.749911924119241
"erlotinib","classification","enet",2,2,4,"measure","auc",0.749911924119241
"erlotinib","classification","enet",2,2,5,"alpha","0.5",0.750863821138211
"erlotinib","classification","enet",2,2,5,"lambda","0.1431517731",0.750863821138211
"erlotinib","classification","enet",2,2,5,"measure","auc",0.750863821138211
"erlotinib","classification","enet",2,2,6,"alpha","0.6",0.750206639566396
"erlotinib","classification","enet",2,2,6,"lambda","0.1249733772",0.750206639566396
"erlotinib","classification","enet",2,2,6,"measure","auc",0.750206639566396
"erlotinib","classification","enet",2,2,7,"alpha","0.7",0.750575880758808
"erlotinib","classification","enet",2,2,7,"lambda","0.1554128332",0.750575880758808
"erlotinib","classification","enet",2,2,7,"measure","auc",0.750575880758808
"erlotinib","classification","enet",2,2,8,"alpha","0.8",0.750755420054201
"erlotinib","classification","enet",2,2,8,"lambda","0.1359862291",0.750755420054201
"erlotinib","classification","enet",2,2,8,"measure","auc",0.750755420054201
"erlotinib","classification","enet",2,2,9,"alpha","0.9",0.750735094850948
"erlotinib","classification","enet",2,2,9,"lambda","0.1208766481",0.750735094850948
"erlotinib","classification","enet",2,2,9,"measure","auc",0.750735094850948
"erlotinib","classification","svm_linear",2,2,1,"cost","0.01",0.707083333333333
"erlotinib","classification","svm_linear",2,2,2,"cost","0.1",0.651277777777778
"erlotinib","classification","svm_linear",2,2,3,"cost","1",0.654763888888889
"erlotinib","classification","svm_linear",2,2,4,"cost","10",0.654763888888889
"erlotinib","classification","svm_linear",2,2,5,"cost","100",0.654763888888889
"erlotinib","classification","rf",2,3,1,"mtry","35",0.679847222222222
"erlotinib","classification","rf",2,3,1,"min.node.size","1",0.679847222222222
"erlotinib","classification","rf",2,3,1,"sample.fraction","0.55",0.679847222222222
"erlotinib","classification","rf",2,3,1,"max.depth","0",0.679847222222222
"erlotinib","classification","rf",2,3,1,"num.trees","500",0.679847222222222
"erlotinib","classification","rf",2,3,2,"mtry","50",0.656402777777778
"erlotinib","classification","rf",2,3,2,"min.node.size","5",0.656402777777778
"erlotinib","classification","rf",2,3,2,"sample.fraction","0.632",0.656402777777778
"erlotinib","classification","rf",2,3,2,"max.depth","0",0.656402777777778
"erlotinib","classification","rf",2,3,2,"num.trees","500",0.656402777777778
"erlotinib","classification","rf",2,3,3,"mtry","14",0.662041666666667
"erlotinib","classification","rf",2,3,3,"min.node.size","10",0.662041666666667
"erlotinib","classification","rf",2,3,3,"sample.fraction","0.632",0.662041666666667
"erlotinib","classification","rf",2,3,3,"max.depth","0",0.662041666666667
"erlotinib","classification","rf",2,3,3,"num.trees","500",0.662041666666667
"erlotinib","classification","rf",2,3,4,"mtry","20",0.668472222222222
"erlotinib","classification","rf",2,3,4,"min.node.size","3",0.668472222222222
"erlotinib","classification","rf",2,3,4,"sample.fraction","0.75",0.668472222222222
"erlotinib","classification","rf",2,3,4,"max.depth","0",0.668472222222222
"erlotinib","classification","rf",2,3,4,"num.trees","500",0.668472222222222
"erlotinib","classification","rf",2,3,5,"mtry","35",0.671652777777778
"erlotinib","classification","rf",2,3,5,"min.node.size","3",0.671652777777778
"erlotinib","classification","rf",2,3,5,"sample.fraction","0.55",0.671652777777778
"erlotinib","classification","rf",2,3,5,"max.depth","20",0.671652777777778
"erlotinib","classification","rf",2,3,5,"num.trees","500",0.671652777777778
"erlotinib","classification","rf",2,3,6,"mtry","35",0.66675
"erlotinib","classification","rf",2,3,6,"min.node.size","10",0.66675
"erlotinib","classification","rf",2,3,6,"sample.fraction","0.55",0.66675
"erlotinib","classification","rf",2,3,6,"max.depth","20",0.66675
"erlotinib","classification","rf",2,3,6,"num.trees","500",0.66675
"erlotinib","classification","rf",2,3,7,"mtry","20",0.662458333333333
"erlotinib","classification","rf",2,3,7,"min.node.size","10",0.662458333333333
"erlotinib","classification","rf",2,3,7,"sample.fraction","0.632",0.662458333333333
"erlotinib","classification","rf",2,3,7,"max.depth","20",0.662458333333333
"erlotinib","classification","rf",2,3,7,"num.trees","500",0.662458333333333
"erlotinib","classification","rf",2,3,8,"mtry","50",0.666875
"erlotinib","classification","rf",2,3,8,"min.node.size","3",0.666875
"erlotinib","classification","rf",2,3,8,"sample.fraction","0.75",0.666875
"erlotinib","classification","rf",2,3,8,"max.depth","20",0.666875
"erlotinib","classification","rf",2,3,8,"num.trees","500",0.666875
"erlotinib","classification","rf",2,3,9,"mtry","50",0.670625
"erlotinib","classification","rf",2,3,9,"min.node.size","5",0.670625
"erlotinib","classification","rf",2,3,9,"sample.fraction","0.75",0.670625
"erlotinib","classification","rf",2,3,9,"max.depth","20",0.670625
"erlotinib","classification","rf",2,3,9,"num.trees","500",0.670625
"erlotinib","classification","rf",2,3,10,"mtry","20",0.658236111111111
"erlotinib","classification","rf",2,3,10,"min.node.size","10",0.658236111111111
"erlotinib","classification","rf",2,3,10,"sample.fraction","0.75",0.658236111111111
"erlotinib","classification","rf",2,3,10,"max.depth","30",0.658236111111111
"erlotinib","classification","rf",2,3,10,"num.trees","500",0.658236111111111
"erlotinib","classification","rf",2,3,11,"mtry","20",0.662361111111111
"erlotinib","classification","rf",2,3,11,"min.node.size","10",0.662361111111111
"erlotinib","classification","rf",2,3,11,"sample.fraction","0.55",0.662361111111111
"erlotinib","classification","rf",2,3,11,"max.depth","40",0.662361111111111
"erlotinib","classification","rf",2,3,11,"num.trees","500",0.662361111111111
"erlotinib","classification","rf",2,3,12,"mtry","10",0.658263888888889
"erlotinib","classification","rf",2,3,12,"min.node.size","10",0.658263888888889
"erlotinib","classification","rf",2,3,12,"sample.fraction","0.75",0.658263888888889
"erlotinib","classification","rf",2,3,12,"max.depth","40",0.658263888888889
"erlotinib","classification","rf",2,3,12,"num.trees","500",0.658263888888889
"erlotinib","classification","ridge",2,3,1,"alpha","0",0.687619528619529
"erlotinib","classification","ridge",2,3,1,"lambda","25.24478381",0.687619528619529
"erlotinib","classification","ridge",2,3,1,"measure","auc",0.687619528619529
"erlotinib","classification","lasso",2,3,1,"alpha","1",0.66040404040404
"erlotinib","classification","lasso",2,3,1,"lambda","0.08076480726",0.66040404040404
"erlotinib","classification","lasso",2,3,1,"measure","auc",0.66040404040404
"erlotinib","classification","enet",2,3,1,"alpha","0.1",0.655552188552189
"erlotinib","classification","enet",2,3,1,"lambda","1.019136279",0.655552188552189
"erlotinib","classification","enet",2,3,1,"measure","auc",0.655552188552189
"erlotinib","classification","enet",2,3,2,"alpha","0.2",0.657468013468014
"erlotinib","classification","enet",2,3,2,"lambda","0.5095681397",0.657468013468014
"erlotinib","classification","enet",2,3,2,"measure","auc",0.657468013468014
"erlotinib","classification","enet",2,3,3,"alpha","0.3",0.66123569023569
"erlotinib","classification","enet",2,3,3,"lambda","0.3095330071",0.66123569023569
"erlotinib","classification","enet",2,3,3,"measure","auc",0.66123569023569
"erlotinib","classification","enet",2,3,4,"alpha","0.4",0.658373737373737
"erlotinib","classification","enet",2,3,4,"lambda","0.2321497553",0.658373737373737
"erlotinib","classification","enet",2,3,4,"measure","auc",0.658373737373737
"erlotinib","classification","enet",2,3,5,"alpha","0.5",0.663468013468014
"erlotinib","classification","enet",2,3,5,"lambda","0.1772785525",0.663468013468014
"erlotinib","classification","enet",2,3,5,"measure","auc",0.663468013468014
"erlotinib","classification","enet",2,3,6,"alpha","0.6",0.666447811447811
"erlotinib","classification","enet",2,3,6,"lambda","0.1477321271",0.666447811447811
"erlotinib","classification","enet",2,3,6,"measure","auc",0.666447811447811
"erlotinib","classification","enet",2,3,7,"alpha","0.7",0.663626262626263
"erlotinib","classification","enet",2,3,7,"lambda","0.1153782961",0.663626262626263
"erlotinib","classification","enet",2,3,7,"measure","auc",0.663626262626263
"erlotinib","classification","enet",2,3,8,"alpha","0.8",0.659888888888889
"erlotinib","classification","enet",2,3,8,"lambda","0.09636740265",0.659888888888889
"erlotinib","classification","enet",2,3,8,"measure","auc",0.659888888888889
"erlotinib","classification","enet",2,3,9,"alpha","0.9",0.662225589225589
"erlotinib","classification","enet",2,3,9,"lambda","0.08973867473",0.662225589225589
"erlotinib","classification","enet",2,3,9,"measure","auc",0.662225589225589
"erlotinib","classification","svm_linear",2,3,1,"cost","0.01",0.619333333333333
"erlotinib","classification","svm_linear",2,3,2,"cost","0.1",0.587694444444444
"erlotinib","classification","svm_linear",2,3,3,"cost","1",0.577638888888889
"erlotinib","classification","svm_linear",2,3,4,"cost","10",0.577638888888889
"erlotinib","classification","svm_linear",2,3,5,"cost","100",0.577638888888889
"erlotinib","classification","rf",2,4,1,"mtry","5",0.703518518518519
"erlotinib","classification","rf",2,4,1,"min.node.size","1",0.703518518518519
"erlotinib","classification","rf",2,4,1,"sample.fraction","0.55",0.703518518518519
"erlotinib","classification","rf",2,4,1,"max.depth","0",0.703518518518519
"erlotinib","classification","rf",2,4,1,"num.trees","500",0.703518518518519
"erlotinib","classification","rf",2,4,2,"mtry","20",0.68162962962963
"erlotinib","classification","rf",2,4,2,"min.node.size","3",0.68162962962963
"erlotinib","classification","rf",2,4,2,"sample.fraction","0.55",0.68162962962963
"erlotinib","classification","rf",2,4,2,"max.depth","0",0.68162962962963
"erlotinib","classification","rf",2,4,2,"num.trees","500",0.68162962962963
"erlotinib","classification","rf",2,4,3,"mtry","20",0.684407407407407
"erlotinib","classification","rf",2,4,3,"min.node.size","10",0.684407407407407
"erlotinib","classification","rf",2,4,3,"sample.fraction","0.75",0.684407407407407
"erlotinib","classification","rf",2,4,3,"max.depth","0",0.684407407407407
"erlotinib","classification","rf",2,4,3,"num.trees","500",0.684407407407407
"erlotinib","classification","rf",2,4,4,"mtry","35",0.687148148148148
"erlotinib","classification","rf",2,4,4,"min.node.size","1",0.687148148148148
"erlotinib","classification","rf",2,4,4,"sample.fraction","0.55",0.687148148148148
"erlotinib","classification","rf",2,4,4,"max.depth","20",0.687148148148148
"erlotinib","classification","rf",2,4,4,"num.trees","500",0.687148148148148
"erlotinib","classification","rf",2,4,5,"mtry","14",0.687407407407407
"erlotinib","classification","rf",2,4,5,"min.node.size","3",0.687407407407407
"erlotinib","classification","rf",2,4,5,"sample.fraction","0.55",0.687407407407407
"erlotinib","classification","rf",2,4,5,"max.depth","20",0.687407407407407
"erlotinib","classification","rf",2,4,5,"num.trees","500",0.687407407407407
"erlotinib","classification","rf",2,4,6,"mtry","10",0.688703703703704
"erlotinib","classification","rf",2,4,6,"min.node.size","10",0.688703703703704
"erlotinib","classification","rf",2,4,6,"sample.fraction","0.632",0.688703703703704
"erlotinib","classification","rf",2,4,6,"max.depth","20",0.688703703703704
"erlotinib","classification","rf",2,4,6,"num.trees","500",0.688703703703704
"erlotinib","classification","rf",2,4,7,"mtry","35",0.689666666666667
"erlotinib","classification","rf",2,4,7,"min.node.size","5",0.689666666666667
"erlotinib","classification","rf",2,4,7,"sample.fraction","0.75",0.689666666666667
"erlotinib","classification","rf",2,4,7,"max.depth","20",0.689666666666667
"erlotinib","classification","rf",2,4,7,"num.trees","500",0.689666666666667
"erlotinib","classification","rf",2,4,8,"mtry","5",0.694185185185185
"erlotinib","classification","rf",2,4,8,"min.node.size","5",0.694185185185185
"erlotinib","classification","rf",2,4,8,"sample.fraction","0.75",0.694185185185185
"erlotinib","classification","rf",2,4,8,"max.depth","30",0.694185185185185
"erlotinib","classification","rf",2,4,8,"num.trees","500",0.694185185185185
"erlotinib","classification","rf",2,4,9,"mtry","10",0.686481481481481
"erlotinib","classification","rf",2,4,9,"min.node.size","10",0.686481481481481
"erlotinib","classification","rf",2,4,9,"sample.fraction","0.75",0.686481481481481
"erlotinib","classification","rf",2,4,9,"max.depth","30",0.686481481481481
"erlotinib","classification","rf",2,4,9,"num.trees","500",0.686481481481481
"erlotinib","classification","rf",2,4,10,"mtry","5",0.703518518518519
"erlotinib","classification","rf",2,4,10,"min.node.size","1",0.703518518518519
"erlotinib","classification","rf",2,4,10,"sample.fraction","0.55",0.703518518518519
"erlotinib","classification","rf",2,4,10,"max.depth","40",0.703518518518519
"erlotinib","classification","rf",2,4,10,"num.trees","500",0.703518518518519
"erlotinib","classification","rf",2,4,11,"mtry","35",0.678259259259259
"erlotinib","classification","rf",2,4,11,"min.node.size","3",0.678259259259259
"erlotinib","classification","rf",2,4,11,"sample.fraction","0.632",0.678259259259259
"erlotinib","classification","rf",2,4,11,"max.depth","40",0.678259259259259
"erlotinib","classification","rf",2,4,11,"num.trees","500",0.678259259259259
"erlotinib","classification","rf",2,4,12,"mtry","10",0.680777777777778
"erlotinib","classification","rf",2,4,12,"min.node.size","5",0.680777777777778
"erlotinib","classification","rf",2,4,12,"sample.fraction","0.75",0.680777777777778
"erlotinib","classification","rf",2,4,12,"max.depth","40",0.680777777777778
"erlotinib","classification","rf",2,4,12,"num.trees","500",0.680777777777778
"erlotinib","classification","ridge",2,4,1,"alpha","0",0.698666666666667
"erlotinib","classification","ridge",2,4,1,"lambda","2.595415482",0.698666666666667
"erlotinib","classification","ridge",2,4,1,"measure","auc",0.698666666666667
"erlotinib","classification","lasso",2,4,1,"alpha","1",0.669296296296296
"erlotinib","classification","lasso",2,4,1,"lambda","0.1176989389",0.669296296296296
"erlotinib","classification","lasso",2,4,1,"measure","auc",0.669296296296296
"erlotinib","classification","enet",2,4,1,"alpha","0.1",0.667148148148148
"erlotinib","classification","enet",2,4,1,"lambda","1.233032625",0.667148148148148
"erlotinib","classification","enet",2,4,1,"measure","auc",0.667148148148148
"erlotinib","classification","enet",2,4,2,"alpha","0.2",0.663148148148148
"erlotinib","classification","enet",2,4,2,"lambda","0.5884946944",0.663148148148148
"erlotinib","classification","enet",2,4,2,"measure","auc",0.663148148148148
"erlotinib","classification","enet",2,4,3,"alpha","0.3",0.661592592592593
"erlotinib","classification","enet",2,4,3,"lambda","0.4510839278",0.661592592592593
"erlotinib","classification","enet",2,4,3,"measure","auc",0.661592592592593
"erlotinib","classification","enet",2,4,4,"alpha","0.4",0.665444444444444
"erlotinib","classification","enet",2,4,4,"lambda","0.3082581562",0.665444444444444
"erlotinib","classification","enet",2,4,4,"measure","auc",0.665444444444444
"erlotinib","classification","enet",2,4,5,"alpha","0.5",0.667222222222222
"erlotinib","classification","enet",2,4,5,"lambda","0.2706503567",0.667222222222222
"erlotinib","classification","enet",2,4,5,"measure","auc",0.667222222222222
"erlotinib","classification","enet",2,4,6,"alpha","0.6",0.666296296296296
"erlotinib","classification","enet",2,4,6,"lambda","0.2255419639",0.666296296296296
"erlotinib","classification","enet",2,4,6,"measure","auc",0.666296296296296
"erlotinib","classification","enet",2,4,7,"alpha","0.7",0.66737037037037
"erlotinib","classification","enet",2,4,7,"lambda","0.1845349145",0.66737037037037
"erlotinib","classification","enet",2,4,7,"measure","auc",0.66737037037037
"erlotinib","classification","enet",2,4,8,"alpha","0.8",0.667444444444444
"erlotinib","classification","enet",2,4,8,"lambda","0.1471236736",0.667444444444444
"erlotinib","classification","enet",2,4,8,"measure","auc",0.667444444444444
"erlotinib","classification","enet",2,4,9,"alpha","0.9",0.66837037037037
"erlotinib","classification","enet",2,4,9,"lambda","0.1307765988",0.66837037037037
"erlotinib","classification","enet",2,4,9,"measure","auc",0.66837037037037
"erlotinib","classification","svm_linear",2,4,1,"cost","0.01",0.63237037037037
"erlotinib","classification","svm_linear",2,4,2,"cost","0.1",0.561925925925926
"erlotinib","classification","svm_linear",2,4,3,"cost","1",0.556555555555556
"erlotinib","classification","svm_linear",2,4,4,"cost","10",0.556555555555556
"erlotinib","classification","svm_linear",2,4,5,"cost","100",0.556555555555556
"erlotinib","classification","rf",2,5,1,"mtry","10",0.765569444444444
"erlotinib","classification","rf",2,5,1,"min.node.size","3",0.765569444444444
"erlotinib","classification","rf",2,5,1,"sample.fraction","0.632",0.765569444444444
"erlotinib","classification","rf",2,5,1,"max.depth","0",0.765569444444444
"erlotinib","classification","rf",2,5,1,"num.trees","500",0.765569444444444
"erlotinib","classification","rf",2,5,2,"mtry","20",0.763888888888889
"erlotinib","classification","rf",2,5,2,"min.node.size","5",0.763888888888889
"erlotinib","classification","rf",2,5,2,"sample.fraction","0.632",0.763888888888889
"erlotinib","classification","rf",2,5,2,"max.depth","0",0.763888888888889
"erlotinib","classification","rf",2,5,2,"num.trees","500",0.763888888888889
"erlotinib","classification","rf",2,5,3,"mtry","5",0.754319444444444
"erlotinib","classification","rf",2,5,3,"min.node.size","5",0.754319444444444
"erlotinib","classification","rf",2,5,3,"sample.fraction","0.632",0.754319444444444
"erlotinib","classification","rf",2,5,3,"max.depth","20",0.754319444444444
"erlotinib","classification","rf",2,5,3,"num.trees","500",0.754319444444444
"erlotinib","classification","rf",2,5,4,"mtry","35",0.760208333333333
"erlotinib","classification","rf",2,5,4,"min.node.size","5",0.760208333333333
"erlotinib","classification","rf",2,5,4,"sample.fraction","0.632",0.760208333333333
"erlotinib","classification","rf",2,5,4,"max.depth","20",0.760208333333333
"erlotinib","classification","rf",2,5,4,"num.trees","500",0.760208333333333
"erlotinib","classification","rf",2,5,5,"mtry","50",0.746944444444444
"erlotinib","classification","rf",2,5,5,"min.node.size","3",0.746944444444444
"erlotinib","classification","rf",2,5,5,"sample.fraction","0.75",0.746944444444444
"erlotinib","classification","rf",2,5,5,"max.depth","20",0.746944444444444
"erlotinib","classification","rf",2,5,5,"num.trees","500",0.746944444444444
"erlotinib","classification","rf",2,5,6,"mtry","50",0.745902777777778
"erlotinib","classification","rf",2,5,6,"min.node.size","10",0.745902777777778
"erlotinib","classification","rf",2,5,6,"sample.fraction","0.632",0.745902777777778
"erlotinib","classification","rf",2,5,6,"max.depth","30",0.745902777777778
"erlotinib","classification","rf",2,5,6,"num.trees","500",0.745902777777778
"erlotinib","classification","rf",2,5,7,"mtry","20",0.749180555555556
"erlotinib","classification","rf",2,5,7,"min.node.size","1",0.749180555555556
"erlotinib","classification","rf",2,5,7,"sample.fraction","0.55",0.749180555555556
"erlotinib","classification","rf",2,5,7,"max.depth","40",0.749180555555556
"erlotinib","classification","rf",2,5,7,"num.trees","500",0.749180555555556
"erlotinib","classification","rf",2,5,8,"mtry","50",0.746527777777778
"erlotinib","classification","rf",2,5,8,"min.node.size","5",0.746527777777778
"erlotinib","classification","rf",2,5,8,"sample.fraction","0.55",0.746527777777778
"erlotinib","classification","rf",2,5,8,"max.depth","40",0.746527777777778
"erlotinib","classification","rf",2,5,8,"num.trees","500",0.746527777777778
"erlotinib","classification","rf",2,5,9,"mtry","20",0.761041666666667
"erlotinib","classification","rf",2,5,9,"min.node.size","10",0.761041666666667
"erlotinib","classification","rf",2,5,9,"sample.fraction","0.632",0.761041666666667
"erlotinib","classification","rf",2,5,9,"max.depth","40",0.761041666666667
"erlotinib","classification","rf",2,5,9,"num.trees","500",0.761041666666667
"erlotinib","classification","rf",2,5,10,"mtry","20",0.760527777777778
"erlotinib","classification","rf",2,5,10,"min.node.size","1",0.760527777777778
"erlotinib","classification","rf",2,5,10,"sample.fraction","0.75",0.760527777777778
"erlotinib","classification","rf",2,5,10,"max.depth","40",0.760527777777778
"erlotinib","classification","rf",2,5,10,"num.trees","500",0.760527777777778
"erlotinib","classification","rf",2,5,11,"mtry","35",0.76725
"erlotinib","classification","rf",2,5,11,"min.node.size","3",0.76725
"erlotinib","classification","rf",2,5,11,"sample.fraction","0.75",0.76725
"erlotinib","classification","rf",2,5,11,"max.depth","40",0.76725
"erlotinib","classification","rf",2,5,11,"num.trees","500",0.76725
"erlotinib","classification","rf",2,5,12,"mtry","5",0.764555555555556
"erlotinib","classification","rf",2,5,12,"min.node.size","5",0.764555555555556
"erlotinib","classification","rf",2,5,12,"sample.fraction","0.75",0.764555555555556
"erlotinib","classification","rf",2,5,12,"max.depth","40",0.764555555555556
"erlotinib","classification","rf",2,5,12,"num.trees","500",0.764555555555556
"erlotinib","classification","ridge",2,5,1,"alpha","0",0.706922558922559
"erlotinib","classification","ridge",2,5,1,"lambda","147.5664758",0.706922558922559
"erlotinib","classification","ridge",2,5,1,"measure","auc",0.706922558922559
"erlotinib","classification","lasso",2,5,1,"alpha","1",0.732791245791246
"erlotinib","classification","lasso",2,5,1,"lambda","0.02896789905",0.732791245791246
"erlotinib","classification","lasso",2,5,1,"measure","auc",0.732791245791246
"erlotinib","classification","enet",2,5,1,"alpha","0.1",0.713791245791246
"erlotinib","classification","enet",2,5,1,"lambda","0.240496587",0.713791245791246
"erlotinib","classification","enet",2,5,1,"measure","auc",0.713791245791246
"erlotinib","classification","enet",2,5,2,"alpha","0.2",0.719548821548822
"erlotinib","classification","enet",2,5,2,"lambda","0.1382563167",0.719548821548822
"erlotinib","classification","enet",2,5,2,"measure","auc",0.719548821548822
"erlotinib","classification","enet",2,5,3,"alpha","0.3",0.727360269360269
"erlotinib","classification","enet",2,5,3,"lambda","0.06655483054",0.727360269360269
"erlotinib","classification","enet",2,5,3,"measure","auc",0.727360269360269
"erlotinib","classification","enet",2,5,4,"alpha","0.4",0.734127946127946
"erlotinib","classification","enet",2,5,4,"lambda","0.06012414676",0.734127946127946
"erlotinib","classification","enet",2,5,4,"measure","auc",0.734127946127946
"erlotinib","classification","enet",2,5,5,"alpha","0.5",0.730117845117845
"erlotinib","classification","enet",2,5,5,"lambda","0.05038960261",0.730117845117845
"erlotinib","classification","enet",2,5,5,"measure","auc",0.730117845117845
"erlotinib","classification","enet",2,5,6,"alpha","0.6",0.731023569023569
"erlotinib","classification","enet",2,5,6,"lambda","0.04399078456",0.731023569023569
"erlotinib","classification","enet",2,5,6,"measure","auc",0.731023569023569
"erlotinib","classification","enet",2,5,7,"alpha","0.7",0.732959595959596
"erlotinib","classification","enet",2,5,7,"lambda","0.03950180476",0.732959595959596
"erlotinib","classification","enet",2,5,7,"measure","auc",0.732959595959596
"erlotinib","classification","enet",2,5,8,"alpha","0.8",0.734791245791246
"erlotinib","classification","enet",2,5,8,"lambda","0.03620987381",0.734791245791246
"erlotinib","classification","enet",2,5,8,"measure","auc",0.734791245791246
"erlotinib","classification","enet",2,5,9,"alpha","0.9",0.732949494949495
"erlotinib","classification","enet",2,5,9,"lambda","0.03371914152",0.732949494949495
"erlotinib","classification","enet",2,5,9,"measure","auc",0.732949494949495
"erlotinib","classification","svm_linear",2,5,1,"cost","0.01",0.648666666666667
"erlotinib","classification","svm_linear",2,5,2,"cost","0.1",0.581513888888889
"erlotinib","classification","svm_linear",2,5,3,"cost","1",0.580027777777778
"erlotinib","classification","svm_linear",2,5,4,"cost","10",0.580027777777778
"erlotinib","classification","svm_linear",2,5,5,"cost","100",0.580027777777778
"erlotinib","classification","rf",3,1,1,"mtry","5",0.729708333333333
"erlotinib","classification","rf",3,1,1,"min.node.size","3",0.729708333333333
"erlotinib","classification","rf",3,1,1,"sample.fraction","0.632",0.729708333333333
"erlotinib","classification","rf",3,1,1,"max.depth","0",0.729708333333333
"erlotinib","classification","rf",3,1,1,"num.trees","500",0.729708333333333
"erlotinib","classification","rf",3,1,2,"mtry","10",0.722305555555556
"erlotinib","classification","rf",3,1,2,"min.node.size","1",0.722305555555556
"erlotinib","classification","rf",3,1,2,"sample.fraction","0.75",0.722305555555556
"erlotinib","classification","rf",3,1,2,"max.depth","0",0.722305555555556
"erlotinib","classification","rf",3,1,2,"num.trees","500",0.722305555555556
"erlotinib","classification","rf",3,1,3,"mtry","20",0.714375
"erlotinib","classification","rf",3,1,3,"min.node.size","5",0.714375
"erlotinib","classification","rf",3,1,3,"sample.fraction","0.55",0.714375
"erlotinib","classification","rf",3,1,3,"max.depth","20",0.714375
"erlotinib","classification","rf",3,1,3,"num.trees","500",0.714375
"erlotinib","classification","rf",3,1,4,"mtry","35",0.719013888888889
"erlotinib","classification","rf",3,1,4,"min.node.size","5",0.719013888888889
"erlotinib","classification","rf",3,1,4,"sample.fraction","0.55",0.719013888888889
"erlotinib","classification","rf",3,1,4,"max.depth","20",0.719013888888889
"erlotinib","classification","rf",3,1,4,"num.trees","500",0.719013888888889
"erlotinib","classification","rf",3,1,5,"mtry","50",0.725138888888889
"erlotinib","classification","rf",3,1,5,"min.node.size","10",0.725138888888889
"erlotinib","classification","rf",3,1,5,"sample.fraction","0.55",0.725138888888889
"erlotinib","classification","rf",3,1,5,"max.depth","20",0.725138888888889
"erlotinib","classification","rf",3,1,5,"num.trees","500",0.725138888888889
"erlotinib","classification","rf",3,1,6,"mtry","14",0.729916666666667
"erlotinib","classification","rf",3,1,6,"min.node.size","10",0.729916666666667
"erlotinib","classification","rf",3,1,6,"sample.fraction","0.75",0.729916666666667
"erlotinib","classification","rf",3,1,6,"max.depth","20",0.729916666666667
"erlotinib","classification","rf",3,1,6,"num.trees","500",0.729916666666667
"erlotinib","classification","rf",3,1,7,"mtry","14",0.736097222222222
"erlotinib","classification","rf",3,1,7,"min.node.size","1",0.736097222222222
"erlotinib","classification","rf",3,1,7,"sample.fraction","0.632",0.736097222222222
"erlotinib","classification","rf",3,1,7,"max.depth","30",0.736097222222222
"erlotinib","classification","rf",3,1,7,"num.trees","500",0.736097222222222
"erlotinib","classification","rf",3,1,8,"mtry","35",0.731583333333333
"erlotinib","classification","rf",3,1,8,"min.node.size","1",0.731583333333333
"erlotinib","classification","rf",3,1,8,"sample.fraction","0.632",0.731583333333333
"erlotinib","classification","rf",3,1,8,"max.depth","30",0.731583333333333
"erlotinib","classification","rf",3,1,8,"num.trees","500",0.731583333333333
"erlotinib","classification","rf",3,1,9,"mtry","10",0.725416666666667
"erlotinib","classification","rf",3,1,9,"min.node.size","3",0.725416666666667
"erlotinib","classification","rf",3,1,9,"sample.fraction","0.632",0.725416666666667
"erlotinib","classification","rf",3,1,9,"max.depth","30",0.725416666666667
"erlotinib","classification","rf",3,1,9,"num.trees","500",0.725416666666667
"erlotinib","classification","rf",3,1,10,"mtry","14",0.731847222222222
"erlotinib","classification","rf",3,1,10,"min.node.size","5",0.731847222222222
"erlotinib","classification","rf",3,1,10,"sample.fraction","0.632",0.731847222222222
"erlotinib","classification","rf",3,1,10,"max.depth","30",0.731847222222222
"erlotinib","classification","rf",3,1,10,"num.trees","500",0.731847222222222
"erlotinib","classification","rf",3,1,11,"mtry","35",0.722479166666667
"erlotinib","classification","rf",3,1,11,"min.node.size","1",0.722479166666667
"erlotinib","classification","rf",3,1,11,"sample.fraction","0.75",0.722479166666667
"erlotinib","classification","rf",3,1,11,"max.depth","30",0.722479166666667
"erlotinib","classification","rf",3,1,11,"num.trees","500",0.722479166666667
"erlotinib","classification","rf",3,1,12,"mtry","20",0.708319444444444
"erlotinib","classification","rf",3,1,12,"min.node.size","3",0.708319444444444
"erlotinib","classification","rf",3,1,12,"sample.fraction","0.55",0.708319444444444
"erlotinib","classification","rf",3,1,12,"max.depth","40",0.708319444444444
"erlotinib","classification","rf",3,1,12,"num.trees","500",0.708319444444444
"erlotinib","classification","ridge",3,1,1,"alpha","0",0.708313008130081
"erlotinib","classification","ridge",3,1,1,"lambda","1.582625904",0.708313008130081
"erlotinib","classification","ridge",3,1,1,"measure","auc",0.708313008130081
"erlotinib","classification","lasso",3,1,1,"alpha","1",0.702066395663957
"erlotinib","classification","lasso",3,1,1,"lambda","0.07518755225",0.702066395663957
"erlotinib","classification","lasso",3,1,1,"measure","auc",0.702066395663957
"erlotinib","classification","enet",3,1,1,"alpha","0.1",0.706619241192412
"erlotinib","classification","enet",3,1,1,"lambda","0.9939351918",0.706619241192412
"erlotinib","classification","enet",3,1,1,"measure","auc",0.706619241192412
"erlotinib","classification","enet",3,1,2,"alpha","0.2",0.70564701897019
"erlotinib","classification","enet",3,1,2,"lambda","0.4743796517",0.70564701897019
"erlotinib","classification","enet",3,1,2,"measure","auc",0.70564701897019
"erlotinib","classification","enet",3,1,3,"alpha","0.3",0.706663279132791
"erlotinib","classification","enet",3,1,3,"lambda","0.2625588805",0.706663279132791
"erlotinib","classification","enet",3,1,3,"measure","auc",0.706663279132791
"erlotinib","classification","enet",3,1,4,"alpha","0.4",0.705592818428184
"erlotinib","classification","enet",3,1,4,"lambda","0.1634857465",0.705592818428184
"erlotinib","classification","enet",3,1,4,"measure","auc",0.705592818428184
"erlotinib","classification","enet",3,1,5,"alpha","0.5",0.705508130081301
"erlotinib","classification","enet",3,1,5,"lambda","0.1307885972",0.705508130081301
"erlotinib","classification","enet",3,1,5,"measure","auc",0.705508130081301
"erlotinib","classification","enet",3,1,6,"alpha","0.6",0.702469512195122
"erlotinib","classification","enet",3,1,6,"lambda","0.09930808222",0.702469512195122
"erlotinib","classification","enet",3,1,6,"measure","auc",0.702469512195122
"erlotinib","classification","enet",3,1,7,"alpha","0.7",0.700890921409214
"erlotinib","classification","enet",3,1,7,"lambda","0.08917432398",0.700890921409214
"erlotinib","classification","enet",3,1,7,"measure","auc",0.700890921409214
"erlotinib","classification","enet",3,1,8,"alpha","0.8",0.704163279132791
"erlotinib","classification","enet",3,1,8,"lambda","0.09845958019",0.704163279132791
"erlotinib","classification","enet",3,1,8,"measure","auc",0.704163279132791
"erlotinib","classification","enet",3,1,9,"alpha","0.9",0.706090785907859
"erlotinib","classification","enet",3,1,9,"lambda","0.08354172473",0.706090785907859
"erlotinib","classification","enet",3,1,9,"measure","auc",0.706090785907859
"erlotinib","classification","svm_linear",3,1,1,"cost","0.01",0.654513888888889
"erlotinib","classification","svm_linear",3,1,2,"cost","0.1",0.585805555555556
"erlotinib","classification","svm_linear",3,1,3,"cost","1",0.582027777777778
"erlotinib","classification","svm_linear",3,1,4,"cost","10",0.582027777777778
"erlotinib","classification","svm_linear",3,1,5,"cost","100",0.582027777777778
"erlotinib","classification","rf",3,2,1,"mtry","14",0.737291666666667
"erlotinib","classification","rf",3,2,1,"min.node.size","3",0.737291666666667
"erlotinib","classification","rf",3,2,1,"sample.fraction","0.55",0.737291666666667
"erlotinib","classification","rf",3,2,1,"max.depth","0",0.737291666666667
"erlotinib","classification","rf",3,2,1,"num.trees","500",0.737291666666667
"erlotinib","classification","rf",3,2,2,"mtry","50",0.718194444444444
"erlotinib","classification","rf",3,2,2,"min.node.size","5",0.718194444444444
"erlotinib","classification","rf",3,2,2,"sample.fraction","0.75",0.718194444444444
"erlotinib","classification","rf",3,2,2,"max.depth","0",0.718194444444444
"erlotinib","classification","rf",3,2,2,"num.trees","500",0.718194444444444
"erlotinib","classification","rf",3,2,3,"mtry","20",0.725958333333333
"erlotinib","classification","rf",3,2,3,"min.node.size","1",0.725958333333333
"erlotinib","classification","rf",3,2,3,"sample.fraction","0.55",0.725958333333333
"erlotinib","classification","rf",3,2,3,"max.depth","20",0.725958333333333
"erlotinib","classification","rf",3,2,3,"num.trees","500",0.725958333333333
"erlotinib","classification","rf",3,2,4,"mtry","10",0.748333333333333
"erlotinib","classification","rf",3,2,4,"min.node.size","3",0.748333333333333
"erlotinib","classification","rf",3,2,4,"sample.fraction","0.55",0.748333333333333
"erlotinib","classification","rf",3,2,4,"max.depth","20",0.748333333333333
"erlotinib","classification","rf",3,2,4,"num.trees","500",0.748333333333333
"erlotinib","classification","rf",3,2,5,"mtry","10",0.734430555555556
"erlotinib","classification","rf",3,2,5,"min.node.size","3",0.734430555555556
"erlotinib","classification","rf",3,2,5,"sample.fraction","0.632",0.734430555555556
"erlotinib","classification","rf",3,2,5,"max.depth","20",0.734430555555556
"erlotinib","classification","rf",3,2,5,"num.trees","500",0.734430555555556
"erlotinib","classification","rf",3,2,6,"mtry","50",0.731
"erlotinib","classification","rf",3,2,6,"min.node.size","3",0.731
"erlotinib","classification","rf",3,2,6,"sample.fraction","0.632",0.731
"erlotinib","classification","rf",3,2,6,"max.depth","20",0.731
"erlotinib","classification","rf",3,2,6,"num.trees","500",0.731
"erlotinib","classification","rf",3,2,7,"mtry","35",0.733180555555556
"erlotinib","classification","rf",3,2,7,"min.node.size","10",0.733180555555556
"erlotinib","classification","rf",3,2,7,"sample.fraction","0.75",0.733180555555556
"erlotinib","classification","rf",3,2,7,"max.depth","20",0.733180555555556
"erlotinib","classification","rf",3,2,7,"num.trees","500",0.733180555555556
"erlotinib","classification","rf",3,2,8,"mtry","10",0.752611111111111
"erlotinib","classification","rf",3,2,8,"min.node.size","5",0.752611111111111
"erlotinib","classification","rf",3,2,8,"sample.fraction","0.55",0.752611111111111
"erlotinib","classification","rf",3,2,8,"max.depth","30",0.752611111111111
"erlotinib","classification","rf",3,2,8,"num.trees","500",0.752611111111111
"erlotinib","classification","rf",3,2,9,"mtry","5",0.727701388888889
"erlotinib","classification","rf",3,2,9,"min.node.size","1",0.727701388888889
"erlotinib","classification","rf",3,2,9,"sample.fraction","0.75",0.727701388888889
"erlotinib","classification","rf",3,2,9,"max.depth","30",0.727701388888889
"erlotinib","classification","rf",3,2,9,"num.trees","500",0.727701388888889
"erlotinib","classification","rf",3,2,10,"mtry","10",0.736673611111111
"erlotinib","classification","rf",3,2,10,"min.node.size","1",0.736673611111111
"erlotinib","classification","rf",3,2,10,"sample.fraction","0.75",0.736673611111111
"erlotinib","classification","rf",3,2,10,"max.depth","30",0.736673611111111
"erlotinib","classification","rf",3,2,10,"num.trees","500",0.736673611111111
"erlotinib","classification","rf",3,2,11,"mtry","5",0.738069444444444
"erlotinib","classification","rf",3,2,11,"min.node.size","3",0.738069444444444
"erlotinib","classification","rf",3,2,11,"sample.fraction","0.75",0.738069444444444
"erlotinib","classification","rf",3,2,11,"max.depth","30",0.738069444444444
"erlotinib","classification","rf",3,2,11,"num.trees","500",0.738069444444444
"erlotinib","classification","rf",3,2,12,"mtry","14",0.732333333333333
"erlotinib","classification","rf",3,2,12,"min.node.size","5",0.732333333333333
"erlotinib","classification","rf",3,2,12,"sample.fraction","0.55",0.732333333333333
"erlotinib","classification","rf",3,2,12,"max.depth","40",0.732333333333333
"erlotinib","classification","rf",3,2,12,"num.trees","500",0.732333333333333
"erlotinib","classification","ridge",3,2,1,"alpha","0",0.766878787878788
"erlotinib","classification","ridge",3,2,1,"lambda","4.927232542",0.766878787878788
"erlotinib","classification","ridge",3,2,1,"measure","auc",0.766878787878788
"erlotinib","classification","lasso",3,2,1,"alpha","1",0.726912457912458
"erlotinib","classification","lasso",3,2,1,"lambda","0.04595153559",0.726912457912458
"erlotinib","classification","lasso",3,2,1,"measure","auc",0.726912457912458
"erlotinib","classification","enet",3,2,1,"alpha","0.1",0.750037037037037
"erlotinib","classification","enet",3,2,1,"lambda","0.528330995",0.750037037037037
"erlotinib","classification","enet",3,2,1,"measure","auc",0.750037037037037
"erlotinib","classification","enet",3,2,2,"alpha","0.2",0.744922558922559
"erlotinib","classification","enet",3,2,2,"lambda","0.2406977628",0.744922558922559
"erlotinib","classification","enet",3,2,2,"measure","auc",0.744922558922559
"erlotinib","classification","enet",3,2,3,"alpha","0.3",0.743090909090909
"erlotinib","classification","enet",3,2,3,"lambda","0.1604651752",0.743090909090909
"erlotinib","classification","enet",3,2,3,"measure","auc",0.743090909090909
"erlotinib","classification","enet",3,2,4,"alpha","0.4",0.743026936026936
"erlotinib","classification","enet",3,2,4,"lambda","0.114878839",0.743026936026936
"erlotinib","classification","enet",3,2,4,"measure","auc",0.743026936026936
"erlotinib","classification","enet",3,2,5,"alpha","0.5",0.738353535353535
"erlotinib","classification","enet",3,2,5,"lambda","0.1008635072",0.738353535353535
"erlotinib","classification","enet",3,2,5,"measure","auc",0.738353535353535
"erlotinib","classification","enet",3,2,6,"alpha","0.6",0.735343434343434
"erlotinib","classification","enet",3,2,6,"lambda","0.07310494563",0.735343434343434
"erlotinib","classification","enet",3,2,6,"measure","auc",0.735343434343434
"erlotinib","classification","enet",3,2,7,"alpha","0.7",0.729670033670034
"erlotinib","classification","enet",3,2,7,"lambda","0.06266138197",0.729670033670034
"erlotinib","classification","enet",3,2,7,"measure","auc",0.729670033670034
"erlotinib","classification","enet",3,2,8,"alpha","0.8",0.725545454545455
"erlotinib","classification","enet",3,2,8,"lambda","0.06017444069",0.725545454545455
"erlotinib","classification","enet",3,2,8,"measure","auc",0.725545454545455
"erlotinib","classification","enet",3,2,9,"alpha","0.9",0.725080808080808
"erlotinib","classification","enet",3,2,9,"lambda","0.04873663042",0.725080808080808
"erlotinib","classification","enet",3,2,9,"measure","auc",0.725080808080808
"erlotinib","classification","svm_linear",3,2,1,"cost","0.01",0.740833333333333
"erlotinib","classification","svm_linear",3,2,2,"cost","0.1",0.645319444444444
"erlotinib","classification","svm_linear",3,2,3,"cost","1",0.646666666666667
"erlotinib","classification","svm_linear",3,2,4,"cost","10",0.646666666666667
"erlotinib","classification","svm_linear",3,2,5,"cost","100",0.646666666666667
"erlotinib","classification","rf",3,3,1,"mtry","10",0.768041666666667
"erlotinib","classification","rf",3,3,1,"min.node.size","1",0.768041666666667
"erlotinib","classification","rf",3,3,1,"sample.fraction","0.632",0.768041666666667
"erlotinib","classification","rf",3,3,1,"max.depth","0",0.768041666666667
"erlotinib","classification","rf",3,3,1,"num.trees","500",0.768041666666667
"erlotinib","classification","rf",3,3,2,"mtry","14",0.767972222222222
"erlotinib","classification","rf",3,3,2,"min.node.size","10",0.767972222222222
"erlotinib","classification","rf",3,3,2,"sample.fraction","0.632",0.767972222222222
"erlotinib","classification","rf",3,3,2,"max.depth","0",0.767972222222222
"erlotinib","classification","rf",3,3,2,"num.trees","500",0.767972222222222
"erlotinib","classification","rf",3,3,3,"mtry","14",0.775194444444444
"erlotinib","classification","rf",3,3,3,"min.node.size","1",0.775194444444444
"erlotinib","classification","rf",3,3,3,"sample.fraction","0.55",0.775194444444444
"erlotinib","classification","rf",3,3,3,"max.depth","20",0.775194444444444
"erlotinib","classification","rf",3,3,3,"num.trees","500",0.775194444444444
"erlotinib","classification","rf",3,3,4,"mtry","10",0.780694444444444
"erlotinib","classification","rf",3,3,4,"min.node.size","3",0.780694444444444
"erlotinib","classification","rf",3,3,4,"sample.fraction","0.55",0.780694444444444
"erlotinib","classification","rf",3,3,4,"max.depth","20",0.780694444444444
"erlotinib","classification","rf",3,3,4,"num.trees","500",0.780694444444444
"erlotinib","classification","rf",3,3,5,"mtry","50",0.768291666666667
"erlotinib","classification","rf",3,3,5,"min.node.size","10",0.768291666666667
"erlotinib","classification","rf",3,3,5,"sample.fraction","0.55",0.768291666666667
"erlotinib","classification","rf",3,3,5,"max.depth","20",0.768291666666667
"erlotinib","classification","rf",3,3,5,"num.trees","500",0.768291666666667
"erlotinib","classification","rf",3,3,6,"mtry","10",0.768041666666667
"erlotinib","classification","rf",3,3,6,"min.node.size","1",0.768041666666667
"erlotinib","classification","rf",3,3,6,"sample.fraction","0.632",0.768041666666667
"erlotinib","classification","rf",3,3,6,"max.depth","20",0.768041666666667
"erlotinib","classification","rf",3,3,6,"num.trees","500",0.768041666666667
"erlotinib","classification","rf",3,3,7,"mtry","50",0.769652777777778
"erlotinib","classification","rf",3,3,7,"min.node.size","5",0.769652777777778
"erlotinib","classification","rf",3,3,7,"sample.fraction","0.632",0.769652777777778
"erlotinib","classification","rf",3,3,7,"max.depth","20",0.769652777777778
"erlotinib","classification","rf",3,3,7,"num.trees","500",0.769652777777778
"erlotinib","classification","rf",3,3,8,"mtry","10",0.772944444444444
"erlotinib","classification","rf",3,3,8,"min.node.size","3",0.772944444444444
"erlotinib","classification","rf",3,3,8,"sample.fraction","0.75",0.772944444444444
"erlotinib","classification","rf",3,3,8,"max.depth","20",0.772944444444444
"erlotinib","classification","rf",3,3,8,"num.trees","500",0.772944444444444
"erlotinib","classification","rf",3,3,9,"mtry","35",0.765194444444444
"erlotinib","classification","rf",3,3,9,"min.node.size","5",0.765194444444444
"erlotinib","classification","rf",3,3,9,"sample.fraction","0.55",0.765194444444444
"erlotinib","classification","rf",3,3,9,"max.depth","30",0.765194444444444
"erlotinib","classification","rf",3,3,9,"num.trees","500",0.765194444444444
"erlotinib","classification","rf",3,3,10,"mtry","14",0.759361111111111
"erlotinib","classification","rf",3,3,10,"min.node.size","3",0.759361111111111
"erlotinib","classification","rf",3,3,10,"sample.fraction","0.75",0.759361111111111
"erlotinib","classification","rf",3,3,10,"max.depth","30",0.759361111111111
"erlotinib","classification","rf",3,3,10,"num.trees","500",0.759361111111111
"erlotinib","classification","rf",3,3,11,"mtry","14",0.766361111111111
"erlotinib","classification","rf",3,3,11,"min.node.size","1",0.766361111111111
"erlotinib","classification","rf",3,3,11,"sample.fraction","0.632",0.766361111111111
"erlotinib","classification","rf",3,3,11,"max.depth","40",0.766361111111111
"erlotinib","classification","rf",3,3,11,"num.trees","500",0.766361111111111
"erlotinib","classification","rf",3,3,12,"mtry","35",0.76575
"erlotinib","classification","rf",3,3,12,"min.node.size","5",0.76575
"erlotinib","classification","rf",3,3,12,"sample.fraction","0.632",0.76575
"erlotinib","classification","rf",3,3,12,"max.depth","40",0.76575
"erlotinib","classification","rf",3,3,12,"num.trees","500",0.76575
"erlotinib","classification","ridge",3,3,1,"alpha","0",0.736562918340027
"erlotinib","classification","ridge",3,3,1,"lambda","2.621496318",0.736562918340027
"erlotinib","classification","ridge",3,3,1,"measure","auc",0.736562918340027
"erlotinib","classification","lasso",3,3,1,"alpha","1",0.688340026773762
"erlotinib","classification","lasso",3,3,1,"lambda","0.04912205475",0.688340026773762
"erlotinib","classification","lasso",3,3,1,"measure","auc",0.688340026773762
"erlotinib","classification","enet",3,3,1,"alpha","0.1",0.716987951807229
"erlotinib","classification","enet",3,3,1,"lambda","0.193747506",0.716987951807229
"erlotinib","classification","enet",3,3,1,"measure","auc",0.716987951807229
"erlotinib","classification","enet",3,3,2,"alpha","0.2",0.710532128514056
"erlotinib","classification","enet",3,3,2,"lambda","0.1692896346",0.710532128514056
"erlotinib","classification","enet",3,3,2,"measure","auc",0.710532128514056
"erlotinib","classification","enet",3,3,3,"alpha","0.3",0.702925033467202
"erlotinib","classification","enet",3,3,3,"lambda","0.1182336587",0.702925033467202
"erlotinib","classification","enet",3,3,3,"measure","auc",0.702925033467202
"erlotinib","classification","enet",3,3,4,"alpha","0.4",0.699809236947791
"erlotinib","classification","enet",3,3,4,"lambda","0.1068096453",0.699809236947791
"erlotinib","classification","enet",3,3,4,"measure","auc",0.699809236947791
"erlotinib","classification","enet",3,3,5,"alpha","0.5",0.695927041499331
"erlotinib","classification","enet",3,3,5,"lambda","0.08544771626",0.695927041499331
"erlotinib","classification","enet",3,3,5,"measure","auc",0.695927041499331
"erlotinib","classification","enet",3,3,6,"alpha","0.6",0.690957161981258
"erlotinib","classification","enet",3,3,6,"lambda","0.08187009125",0.690957161981258
"erlotinib","classification","enet",3,3,6,"measure","auc",0.690957161981258
"erlotinib","classification","enet",3,3,7,"alpha","0.7",0.689146586345382
"erlotinib","classification","enet",3,3,7,"lambda","0.07017436393",0.689146586345382
"erlotinib","classification","enet",3,3,7,"measure","auc",0.689146586345382
"erlotinib","classification","enet",3,3,8,"alpha","0.8",0.687493306559572
"erlotinib","classification","enet",3,3,8,"lambda","0.06432629796",0.687493306559572
"erlotinib","classification","enet",3,3,8,"measure","auc",0.687493306559572
"erlotinib","classification","enet",3,3,9,"alpha","0.9",0.685441767068273
"erlotinib","classification","enet",3,3,9,"lambda","0.05209931284",0.685441767068273
"erlotinib","classification","enet",3,3,9,"measure","auc",0.685441767068273
"erlotinib","classification","svm_linear",3,3,1,"cost","0.01",0.677638888888889
"erlotinib","classification","svm_linear",3,3,2,"cost","0.1",0.650763888888889
"erlotinib","classification","svm_linear",3,3,3,"cost","1",0.639666666666667
"erlotinib","classification","svm_linear",3,3,4,"cost","10",0.639666666666667
"erlotinib","classification","svm_linear",3,3,5,"cost","100",0.639666666666667
"erlotinib","classification","rf",3,4,1,"mtry","35",0.738097222222222
"erlotinib","classification","rf",3,4,1,"min.node.size","3",0.738097222222222
"erlotinib","classification","rf",3,4,1,"sample.fraction","0.632",0.738097222222222
"erlotinib","classification","rf",3,4,1,"max.depth","0",0.738097222222222
"erlotinib","classification","rf",3,4,1,"num.trees","500",0.738097222222222
"erlotinib","classification","rf",3,4,2,"mtry","14",0.733583333333333
"erlotinib","classification","rf",3,4,2,"min.node.size","3",0.733583333333333
"erlotinib","classification","rf",3,4,2,"sample.fraction","0.75",0.733583333333333
"erlotinib","classification","rf",3,4,2,"max.depth","0",0.733583333333333
"erlotinib","classification","rf",3,4,2,"num.trees","500",0.733583333333333
"erlotinib","classification","rf",3,4,3,"mtry","10",0.740777777777778
"erlotinib","classification","rf",3,4,3,"min.node.size","3",0.740777777777778
"erlotinib","classification","rf",3,4,3,"sample.fraction","0.55",0.740777777777778
"erlotinib","classification","rf",3,4,3,"max.depth","20",0.740777777777778
"erlotinib","classification","rf",3,4,3,"num.trees","500",0.740777777777778
"erlotinib","classification","rf",3,4,4,"mtry","5",0.743513888888889
"erlotinib","classification","rf",3,4,4,"min.node.size","5",0.743513888888889
"erlotinib","classification","rf",3,4,4,"sample.fraction","0.75",0.743513888888889
"erlotinib","classification","rf",3,4,4,"max.depth","20",0.743513888888889
"erlotinib","classification","rf",3,4,4,"num.trees","500",0.743513888888889
"erlotinib","classification","rf",3,4,5,"mtry","20",0.730402777777778
"erlotinib","classification","rf",3,4,5,"min.node.size","10",0.730402777777778
"erlotinib","classification","rf",3,4,5,"sample.fraction","0.75",0.730402777777778
"erlotinib","classification","rf",3,4,5,"max.depth","20",0.730402777777778
"erlotinib","classification","rf",3,4,5,"num.trees","500",0.730402777777778
"erlotinib","classification","rf",3,4,6,"mtry","14",0.750493055555556
"erlotinib","classification","rf",3,4,6,"min.node.size","1",0.750493055555556
"erlotinib","classification","rf",3,4,6,"sample.fraction","0.632",0.750493055555556
"erlotinib","classification","rf",3,4,6,"max.depth","30",0.750493055555556
"erlotinib","classification","rf",3,4,6,"num.trees","500",0.750493055555556
"erlotinib","classification","rf",3,4,7,"mtry","35",0.732944444444445
"erlotinib","classification","rf",3,4,7,"min.node.size","3",0.732944444444445
"erlotinib","classification","rf",3,4,7,"sample.fraction","0.55",0.732944444444445
"erlotinib","classification","rf",3,4,7,"max.depth","40",0.732944444444445
"erlotinib","classification","rf",3,4,7,"num.trees","500",0.732944444444445
"erlotinib","classification","rf",3,4,8,"mtry","50",0.728583333333333
"erlotinib","classification","rf",3,4,8,"min.node.size","3",0.728583333333333
"erlotinib","classification","rf",3,4,8,"sample.fraction","0.55",0.728583333333333
"erlotinib","classification","rf",3,4,8,"max.depth","40",0.728583333333333
"erlotinib","classification","rf",3,4,8,"num.trees","500",0.728583333333333
"erlotinib","classification","rf",3,4,9,"mtry","14",0.750493055555556
"erlotinib","classification","rf",3,4,9,"min.node.size","1",0.750493055555556
"erlotinib","classification","rf",3,4,9,"sample.fraction","0.632",0.750493055555556
"erlotinib","classification","rf",3,4,9,"max.depth","40",0.750493055555556
"erlotinib","classification","rf",3,4,9,"num.trees","500",0.750493055555556
"erlotinib","classification","rf",3,4,10,"mtry","50",0.720645833333333
"erlotinib","classification","rf",3,4,10,"min.node.size","1",0.720645833333333
"erlotinib","classification","rf",3,4,10,"sample.fraction","0.632",0.720645833333333
"erlotinib","classification","rf",3,4,10,"max.depth","40",0.720645833333333
"erlotinib","classification","rf",3,4,10,"num.trees","500",0.720645833333333
"erlotinib","classification","rf",3,4,11,"mtry","10",0.735222222222222
"erlotinib","classification","rf",3,4,11,"min.node.size","10",0.735222222222222
"erlotinib","classification","rf",3,4,11,"sample.fraction","0.632",0.735222222222222
"erlotinib","classification","rf",3,4,11,"max.depth","40",0.735222222222222
"erlotinib","classification","rf",3,4,11,"num.trees","500",0.735222222222222
"erlotinib","classification","rf",3,4,12,"mtry","35",0.735069444444444
"erlotinib","classification","rf",3,4,12,"min.node.size","10",0.735069444444444
"erlotinib","classification","rf",3,4,12,"sample.fraction","0.632",0.735069444444444
"erlotinib","classification","rf",3,4,12,"max.depth","40",0.735069444444444
"erlotinib","classification","rf",3,4,12,"num.trees","500",0.735069444444444
"erlotinib","classification","ridge",3,4,1,"alpha","0",0.734488215488216
"erlotinib","classification","ridge",3,4,1,"lambda","3.9218195",0.734488215488216
"erlotinib","classification","ridge",3,4,1,"measure","auc",0.734488215488216
"erlotinib","classification","lasso",3,4,1,"alpha","1",0.750164983164983
"erlotinib","classification","lasso",3,4,1,"lambda","0.0240639208",0.750164983164983
"erlotinib","classification","lasso",3,4,1,"measure","auc",0.750164983164983
"erlotinib","classification","enet",3,4,1,"alpha","0.1",0.748390572390572
"erlotinib","classification","enet",3,4,1,"lambda","0.2898507779",0.748390572390572
"erlotinib","classification","enet",3,4,1,"measure","auc",0.748390572390572
"erlotinib","classification","enet",3,4,2,"alpha","0.2",0.745747474747475
"erlotinib","classification","enet",3,4,2,"lambda","0.1666289798",0.745747474747475
"erlotinib","classification","enet",3,4,2,"measure","auc",0.745747474747475
"erlotinib","classification","enet",3,4,3,"alpha","0.3",0.747734006734007
"erlotinib","classification","enet",3,4,3,"lambda","0.08803374456",0.747734006734007
"erlotinib","classification","enet",3,4,3,"measure","auc",0.747734006734007
"erlotinib","classification","enet",3,4,4,"alpha","0.4",0.749774410774411
"erlotinib","classification","enet",3,4,4,"lambda","0.05481537099",0.749774410774411
"erlotinib","classification","enet",3,4,4,"measure","auc",0.749774410774411
"erlotinib","classification","enet",3,4,5,"alpha","0.5",0.75359595959596
"erlotinib","classification","enet",3,4,5,"lambda","0.04594035692",0.75359595959596
"erlotinib","classification","enet",3,4,5,"measure","auc",0.75359595959596
"erlotinib","classification","enet",3,4,6,"alpha","0.6",0.756363636363636
"erlotinib","classification","enet",3,4,6,"lambda","0.03828363076",0.756363636363636
"erlotinib","classification","enet",3,4,6,"measure","auc",0.756363636363636
"erlotinib","classification","enet",3,4,7,"alpha","0.7",0.753279461279461
"erlotinib","classification","enet",3,4,7,"lambda","0.03437702971",0.753279461279461
"erlotinib","classification","enet",3,4,7,"measure","auc",0.753279461279461
"erlotinib","classification","enet",3,4,8,"alpha","0.8",0.753279461279461
"erlotinib","classification","enet",3,4,8,"lambda","0.02871272307",0.753279461279461
"erlotinib","classification","enet",3,4,8,"measure","auc",0.753279461279461
"erlotinib","classification","enet",3,4,9,"alpha","0.9",0.750427609427609
"erlotinib","classification","enet",3,4,9,"lambda","0.02673768977",0.750427609427609
"erlotinib","classification","enet",3,4,9,"measure","auc",0.750427609427609
"erlotinib","classification","svm_linear",3,4,1,"cost","0.01",0.708388888888889
"erlotinib","classification","svm_linear",3,4,2,"cost","0.1",0.675222222222222
"erlotinib","classification","svm_linear",3,4,3,"cost","1",0.657069444444444
"erlotinib","classification","svm_linear",3,4,4,"cost","10",0.657069444444444
"erlotinib","classification","svm_linear",3,4,5,"cost","100",0.657069444444444
"erlotinib","classification","rf",3,5,1,"mtry","5",0.69475
"erlotinib","classification","rf",3,5,1,"min.node.size","3",0.69475
"erlotinib","classification","rf",3,5,1,"sample.fraction","0.55",0.69475
"erlotinib","classification","rf",3,5,1,"max.depth","0",0.69475
"erlotinib","classification","rf",3,5,1,"num.trees","500",0.69475
"erlotinib","classification","rf",3,5,2,"mtry","5",0.682152777777778
"erlotinib","classification","rf",3,5,2,"min.node.size","3",0.682152777777778
"erlotinib","classification","rf",3,5,2,"sample.fraction","0.632",0.682152777777778
"erlotinib","classification","rf",3,5,2,"max.depth","0",0.682152777777778
"erlotinib","classification","rf",3,5,2,"num.trees","500",0.682152777777778
"erlotinib","classification","rf",3,5,3,"mtry","10",0.676222222222222
"erlotinib","classification","rf",3,5,3,"min.node.size","5",0.676222222222222
"erlotinib","classification","rf",3,5,3,"sample.fraction","0.632",0.676222222222222
"erlotinib","classification","rf",3,5,3,"max.depth","0",0.676222222222222
"erlotinib","classification","rf",3,5,3,"num.trees","500",0.676222222222222
"erlotinib","classification","rf",3,5,4,"mtry","5",0.682513888888889
"erlotinib","classification","rf",3,5,4,"min.node.size","10",0.682513888888889
"erlotinib","classification","rf",3,5,4,"sample.fraction","0.632",0.682513888888889
"erlotinib","classification","rf",3,5,4,"max.depth","0",0.682513888888889
"erlotinib","classification","rf",3,5,4,"num.trees","500",0.682513888888889
"erlotinib","classification","rf",3,5,5,"mtry","35",0.649263888888889
"erlotinib","classification","rf",3,5,5,"min.node.size","10",0.649263888888889
"erlotinib","classification","rf",3,5,5,"sample.fraction","0.75",0.649263888888889
"erlotinib","classification","rf",3,5,5,"max.depth","20",0.649263888888889
"erlotinib","classification","rf",3,5,5,"num.trees","500",0.649263888888889
"erlotinib","classification","rf",3,5,6,"mtry","14",0.667
"erlotinib","classification","rf",3,5,6,"min.node.size","3",0.667
"erlotinib","classification","rf",3,5,6,"sample.fraction","0.75",0.667
"erlotinib","classification","rf",3,5,6,"max.depth","30",0.667
"erlotinib","classification","rf",3,5,6,"num.trees","500",0.667
"erlotinib","classification","rf",3,5,7,"mtry","14",0.661097222222222
"erlotinib","classification","rf",3,5,7,"min.node.size","5",0.661097222222222
"erlotinib","classification","rf",3,5,7,"sample.fraction","0.75",0.661097222222222
"erlotinib","classification","rf",3,5,7,"max.depth","30",0.661097222222222
"erlotinib","classification","rf",3,5,7,"num.trees","500",0.661097222222222
"erlotinib","classification","rf",3,5,8,"mtry","10",0.681944444444444
"erlotinib","classification","rf",3,5,8,"min.node.size","10",0.681944444444444
"erlotinib","classification","rf",3,5,8,"sample.fraction","0.75",0.681944444444444
"erlotinib","classification","rf",3,5,8,"max.depth","30",0.681944444444444
"erlotinib","classification","rf",3,5,8,"num.trees","500",0.681944444444444
"erlotinib","classification","rf",3,5,9,"mtry","35",0.676069444444444
"erlotinib","classification","rf",3,5,9,"min.node.size","5",0.676069444444444
"erlotinib","classification","rf",3,5,9,"sample.fraction","0.55",0.676069444444444
"erlotinib","classification","rf",3,5,9,"max.depth","40",0.676069444444444
"erlotinib","classification","rf",3,5,9,"num.trees","500",0.676069444444444
"erlotinib","classification","rf",3,5,10,"mtry","50",0.659
"erlotinib","classification","rf",3,5,10,"min.node.size","3",0.659
"erlotinib","classification","rf",3,5,10,"sample.fraction","0.632",0.659
"erlotinib","classification","rf",3,5,10,"max.depth","40",0.659
"erlotinib","classification","rf",3,5,10,"num.trees","500",0.659
"erlotinib","classification","rf",3,5,11,"mtry","50",0.660027777777778
"erlotinib","classification","rf",3,5,11,"min.node.size","10",0.660027777777778
"erlotinib","classification","rf",3,5,11,"sample.fraction","0.632",0.660027777777778
"erlotinib","classification","rf",3,5,11,"max.depth","40",0.660027777777778
"erlotinib","classification","rf",3,5,11,"num.trees","500",0.660027777777778
"erlotinib","classification","rf",3,5,12,"mtry","35",0.649263888888889
"erlotinib","classification","rf",3,5,12,"min.node.size","10",0.649263888888889
"erlotinib","classification","rf",3,5,12,"sample.fraction","0.75",0.649263888888889
"erlotinib","classification","rf",3,5,12,"max.depth","40",0.649263888888889
"erlotinib","classification","rf",3,5,12,"num.trees","500",0.649263888888889
"erlotinib","classification","ridge",3,5,1,"alpha","0",0.683163956639566
"erlotinib","classification","ridge",3,5,1,"lambda","1.789547934",0.683163956639566
"erlotinib","classification","ridge",3,5,1,"measure","auc",0.683163956639566
"erlotinib","classification","lasso",3,5,1,"alpha","1",0.634146341463415
"erlotinib","classification","lasso",3,5,1,"lambda","0.1292198386",0.634146341463415
"erlotinib","classification","lasso",3,5,1,"measure","auc",0.634146341463415
"erlotinib","classification","enet",3,5,1,"alpha","0.1",0.674214092140921
"erlotinib","classification","enet",3,5,1,"lambda","0.3353286097",0.674214092140921
"erlotinib","classification","enet",3,5,1,"measure","auc",0.674214092140921
"erlotinib","classification","enet",3,5,2,"alpha","0.2",0.656077235772358
"erlotinib","classification","enet",3,5,2,"lambda","0.1391978514",0.656077235772358
"erlotinib","classification","enet",3,5,2,"measure","auc",0.656077235772358
"erlotinib","classification","enet",3,5,3,"alpha","0.3",0.649979674796748
"erlotinib","classification","enet",3,5,3,"lambda","0.1621681324",0.649979674796748
"erlotinib","classification","enet",3,5,3,"measure","auc",0.649979674796748
"erlotinib","classification","enet",3,5,4,"alpha","0.4",0.64489837398374
"erlotinib","classification","enet",3,5,4,"lambda","0.07291293096",0.64489837398374
"erlotinib","classification","enet",3,5,4,"measure","auc",0.64489837398374
"erlotinib","classification","enet",3,5,5,"alpha","0.5",0.643055555555555
"erlotinib","classification","enet",3,5,5,"lambda","0.05833034477",0.643055555555555
"erlotinib","classification","enet",3,5,5,"measure","auc",0.643055555555555
"erlotinib","classification","enet",3,5,6,"alpha","0.6",0.639051490514905
"erlotinib","classification","enet",3,5,6,"lambda","0.04639928381",0.639051490514905
"erlotinib","classification","enet",3,5,6,"measure","auc",0.639051490514905
"erlotinib","classification","enet",3,5,7,"alpha","0.7",0.636988482384824
"erlotinib","classification","enet",3,5,7,"lambda","0.04364842003",0.636988482384824
"erlotinib","classification","enet",3,5,7,"measure","auc",0.636988482384824
"erlotinib","classification","enet",3,5,8,"alpha","0.8",0.633861788617886
"erlotinib","classification","enet",3,5,8,"lambda","0.1615247982",0.633861788617886
"erlotinib","classification","enet",3,5,8,"measure","auc",0.633861788617886
"erlotinib","classification","enet",3,5,9,"alpha","0.9",0.636158536585366
"erlotinib","classification","enet",3,5,9,"lambda","0.1435775984",0.636158536585366
"erlotinib","classification","enet",3,5,9,"measure","auc",0.636158536585366
"erlotinib","classification","svm_linear",3,5,1,"cost","0.01",0.618486111111111
"erlotinib","classification","svm_linear",3,5,2,"cost","0.1",0.569833333333333
"erlotinib","classification","svm_linear",3,5,3,"cost","1",0.595361111111111
"erlotinib","classification","svm_linear",3,5,4,"cost","10",0.595361111111111
"erlotinib","classification","svm_linear",3,5,5,"cost","100",0.595361111111111
