"drug","task","model","repeat","fold","candidate","parameter","value","inner_score"
"rapamycin","regression","rf",1,1,1,"mtry","5",0.217708392849984
"rapamycin","regression","rf",1,1,1,"min.node.size","5",0.217708392849984
"rapamycin","regression","rf",1,1,1,"sample.fraction","0.55",0.217708392849984
"rapamycin","regression","rf",1,1,1,"max.depth","0",0.217708392849984
"rapamycin","regression","rf",1,1,1,"num.trees","500",0.217708392849984
"rapamycin","regression","rf",1,1,2,"mtry","35",0.214756426278993
"rapamycin","regression","rf",1,1,2,"min.node.size","5",0.214756426278993
"rapamycin","regression","rf",1,1,2,"sample.fraction","0.632",0.214756426278993
"rapamycin","regression","rf",1,1,2,"max.depth","0",0.214756426278993
"rapamycin","regression","rf",1,1,2,"num.trees","500",0.214756426278993
"rapamycin","regression","rf",1,1,3,"mtry","5",0.218328969844381
"rapamycin","regression","rf",1,1,3,"min.node.size","10",0.218328969844381
"rapamycin","regression","rf",1,1,3,"sample.fraction","0.75",0.218328969844381
"rapamycin","regression","rf",1,1,3,"max.depth","0",0.218328969844381
"rapamycin","regression","rf",1,1,3,"num.trees","500",0.218328969844381
"rapamycin","regression","rf",1,1,4,"mtry","35",0.214757413918507
"rapamycin","regression","rf",1,1,4,"min.node.size","10",0.214757413918507
"rapamycin","regression","rf",1,1,4,"sample.fraction","0.75",0.214757413918507
"rapamycin","regression","rf",1,1,4,"max.depth","0",0.214757413918507
"rapamycin","regression","rf",1,1,4,"num.trees","500",0.214757413918507
"rapamycin","regression","rf",1,1,5,"mtry","10",0.218183695505174
"rapamycin","regression","rf",1,1,5,"min.node.size","3",0.218183695505174
"rapamycin","regression","rf",1,1,5,"sample.fraction","0.632",0.218183695505174
"rapamycin","regression","rf",1,1,5,"max.depth","20",0.218183695505174
"rapamycin","regression","rf",1,1,5,"num.trees","500",0.218183695505174
"rapamycin","regression","rf",1,1,6,"mtry","50",0.215296178422318
"rapamycin","regression","rf",1,1,6,"min.node.size","5",0.215296178422318
"rapamycin","regression","rf",1,1,6,"sample.fraction","0.632",0.215296178422318
"rapamycin","regression","rf",1,1,6,"max.depth","20",0.215296178422318
"rapamycin","regression","rf",1,1,6,"num.trees","500",0.215296178422318
"rapamycin","regression","rf",1,1,7,"mtry","14",0.216559386463873
"rapamycin","regression","rf",1,1,7,"min.node.size","1",0.216559386463873
"rapamycin","regression","rf",1,1,7,"sample.fraction","0.55",0.216559386463873
"rapamycin","regression","rf",1,1,7,"max.depth","30",0.216559386463873
"rapamycin","regression","rf",1,1,7,"num.trees","500",0.216559386463873
"rapamycin","regression","rf",1,1,8,"mtry","20",0.214018272047814
"rapamycin","regression","rf",1,1,8,"min.node.size","5",0.214018272047814
"rapamycin","regression","rf",1,1,8,"sample.fraction","0.75",0.214018272047814
"rapamycin","regression","rf",1,1,8,"max.depth","30",0.214018272047814
"rapamycin","regression","rf",1,1,8,"num.trees","500",0.214018272047814
"rapamycin","regression","rf",1,1,9,"mtry","50",0.215191283595488
"rapamycin","regression","rf",1,1,9,"min.node.size","3",0.215191283595488
"rapamycin","regression","rf",1,1,9,"sample.fraction","0.55",0.215191283595488
"rapamycin","regression","rf",1,1,9,"max.depth","40",0.215191283595488
"rapamycin","regression","rf",1,1,9,"num.trees","500",0.215191283595488
"rapamycin","regression","rf",1,1,10,"mtry","14",0.217508170166975
"rapamycin","regression","rf",1,1,10,"min.node.size","5",0.217508170166975
"rapamycin","regression","rf",1,1,10,"sample.fraction","0.55",0.217508170166975
"rapamycin","regression","rf",1,1,10,"max.depth","40",0.217508170166975
"rapamycin","regression","rf",1,1,10,"num.trees","500",0.217508170166975
"rapamycin","regression","rf",1,1,11,"mtry","14",0.217044076027832
"rapamycin","regression","rf",1,1,11,"min.node.size","1",0.217044076027832
"rapamycin","regression","rf",1,1,11,"sample.fraction","0.632",0.217044076027832
"rapamycin","regression","rf",1,1,11,"max.depth","40",0.217044076027832
"rapamycin","regression","rf",1,1,11,"num.trees","500",0.217044076027832
"rapamycin","regression","rf",1,1,12,"mtry","5",0.218993924111646
"rapamycin","regression","rf",1,1,12,"min.node.size","10",0.218993924111646
"rapamycin","regression","rf",1,1,12,"sample.fraction","0.632",0.218993924111646
"rapamycin","regression","rf",1,1,12,"max.depth","40",0.218993924111646
"rapamycin","regression","rf",1,1,12,"num.trees","500",0.218993924111646
"rapamycin","regression","ridge",1,1,1,"alpha","0",0.218981800869233
"rapamycin","regression","ridge",1,1,1,"lambda","0.7134774707",0.218981800869233
"rapamycin","regression","ridge",1,1,1,"measure","mse",0.218981800869233
"rapamycin","regression","lasso",1,1,1,"alpha","1",0.220012342744893
"rapamycin","regression","lasso",1,1,1,"lambda","0.02564105083",0.220012342744893
"rapamycin","regression","lasso",1,1,1,"measure","mse",0.220012342744893
"rapamycin","regression","enet",1,1,1,"alpha","0.1",0.219152269642499
"rapamycin","regression","enet",1,1,1,"lambda","0.1851491311",0.219152269642499
"rapamycin","regression","enet",1,1,1,"measure","mse",0.219152269642499
"rapamycin","regression","enet",1,1,2,"alpha","0.2",0.219467565797645
"rapamycin","regression","enet",1,1,2,"lambda","0.1115063919",0.219467565797645
"rapamycin","regression","enet",1,1,2,"measure","mse",0.219467565797645
"rapamycin","regression","enet",1,1,3,"alpha","0.3",0.219517663865269
"rapamycin","regression","enet",1,1,3,"lambda","0.07787723514",0.219517663865269
"rapamycin","regression","enet",1,1,3,"measure","mse",0.219517663865269
"rapamycin","regression","enet",1,1,4,"alpha","0.4",0.219670382598595
"rapamycin","regression","enet",1,1,4,"lambda","0.05840792636",0.219670382598595
"rapamycin","regression","enet",1,1,4,"measure","mse",0.219670382598595
"rapamycin","regression","enet",1,1,5,"alpha","0.5",0.219834662819111
"rapamycin","regression","enet",1,1,5,"lambda","0.04895125099",0.219834662819111
"rapamycin","regression","enet",1,1,5,"measure","mse",0.219834662819111
"rapamycin","regression","enet",1,1,6,"alpha","0.6",0.219982441259694
"rapamycin","regression","enet",1,1,6,"lambda","0.04079270916",0.219982441259694
"rapamycin","regression","enet",1,1,6,"measure","mse",0.219982441259694
"rapamycin","regression","enet",1,1,7,"alpha","0.7",0.220025458625327
"rapamycin","regression","enet",1,1,7,"lambda","0.03496517928",0.220025458625327
"rapamycin","regression","enet",1,1,7,"measure","mse",0.220025458625327
"rapamycin","regression","enet",1,1,8,"alpha","0.8",0.220035368752094
"rapamycin","regression","enet",1,1,8,"lambda","0.03059453187",0.220035368752094
"rapamycin","regression","enet",1,1,8,"measure","mse",0.220035368752094
"rapamycin","regression","enet",1,1,9,"alpha","0.9",0.22002171691158
"rapamycin","regression","enet",1,1,9,"lambda","0.02849005648",0.22002171691158
"rapamycin","regression","enet",1,1,9,"measure","mse",0.22002171691158
"rapamycin","regression","svm_linear",1,1,1,"cost","0.01",0.216900146458062
"rapamycin","regression","svm_linear",1,1,1,"epsilon","0.05",0.216900146458062
"rapamycin","regression","svm_linear",1,1,2,"cost","0.1",0.291639168024955
"rapamycin","regression","svm_linear",1,1,2,"epsilon","0.05",0.291639168024955
"rapamycin","regression","svm_linear",1,1,3,"cost","1",0.395228575873188
"rapamycin","regression","svm_linear",1,1,3,"epsilon","0.05",0.395228575873188
"rapamycin","regression","svm_linear",1,1,4,"cost","10",0.395228575873188
"rapamycin","regression","svm_linear",1,1,4,"epsilon","0.05",0.395228575873188
"rapamycin","regression","svm_linear",1,1,5,"cost","0.01",0.217214489092597
"rapamycin","regression","svm_linear",1,1,5,"epsilon","0.1",0.217214489092597
"rapamycin","regression","svm_linear",1,1,6,"cost","0.1",0.287736350493065
"rapamycin","regression","svm_linear",1,1,6,"epsilon","0.1",0.287736350493065
"rapamycin","regression","svm_linear",1,1,7,"cost","1",0.377107232582755
"rapamycin","regression","svm_linear",1,1,7,"epsilon","0.1",0.377107232582755
"rapamycin","regression","svm_linear",1,1,8,"cost","10",0.377107232582755
"rapamycin","regression","svm_linear",1,1,8,"epsilon","0.1",0.377107232582755
"rapamycin","regression","svm_linear",1,1,9,"cost","0.01",0.219207909898285
"rapamycin","regression","svm_linear",1,1,9,"epsilon","0.2",0.219207909898285
"rapamycin","regression","svm_linear",1,1,10,"cost","0.1",0.279710984607393
"rapamycin","regression","svm_linear",1,1,10,"epsilon","0.2",0.279710984607393
"rapamycin","regression","svm_linear",1,1,11,"cost","1",0.343646541151006
"rapamycin","regression","svm_linear",1,1,11,"epsilon","0.2",0.343646541151006
"rapamycin","regression","svm_linear",1,1,12,"cost","10",0.343646541151006
"rapamycin","regression","svm_linear",1,1,12,"epsilon","0.2",0.343646541151006
"rapamycin","regression","rf",1,2,1,"mtry","5",0.220751260886786
"rapamycin","regression","rf",1,2,1,"min.node.size","10",0.220751260886786
"rapamycin","regression","rf",1,2,1,"sample.fraction","0.55",0.220751260886786
"rapamycin","regression","rf",1,2,1,"max.depth","0",0.220751260886786
"rapamycin","regression","rf",1,2,1,"num.trees","500",0.220751260886786
"rapamycin","regression","rf",1,2,2,"mtry","14",0.220419772139412
"rapamycin","regression","rf",1,2,2,"min.node.size","5",0.220419772139412
"rapamycin","regression","rf",1,2,2,"sample.fraction","0.75",0.220419772139412
"rapamycin","regression","rf",1,2,2,"max.depth","0",0.220419772139412
"rapamycin","regression","rf",1,2,2,"num.trees","500",0.220419772139412
"rapamycin","regression","rf",1,2,3,"mtry","5",0.221643697097026
"rapamycin","regression","rf",1,2,3,"min.node.size","1",0.221643697097026
"rapamycin","regression","rf",1,2,3,"sample.fraction","0.55",0.221643697097026
"rapamycin","regression","rf",1,2,3,"max.depth","20",0.221643697097026
"rapamycin","regression","rf",1,2,3,"num.trees","500",0.221643697097026
"rapamycin","regression","rf",1,2,4,"mtry","50",0.220730470762912
"rapamycin","regression","rf",1,2,4,"min.node.size","10",0.220730470762912
"rapamycin","regression","rf",1,2,4,"sample.fraction","0.632",0.220730470762912
"rapamycin","regression","rf",1,2,4,"max.depth","20",0.220730470762912
"rapamycin","regression","rf",1,2,4,"num.trees","500",0.220730470762912
"rapamycin","regression","rf",1,2,5,"mtry","14",0.221421770923206
"rapamycin","regression","rf",1,2,5,"min.node.size","1",0.221421770923206
"rapamycin","regression","rf",1,2,5,"sample.fraction","0.75",0.221421770923206
"rapamycin","regression","rf",1,2,5,"max.depth","20",0.221421770923206
"rapamycin","regression","rf",1,2,5,"num.trees","500",0.221421770923206
"rapamycin","regression","rf",1,2,6,"mtry","20",0.221573013710101
"rapamycin","regression","rf",1,2,6,"min.node.size","5",0.221573013710101
"rapamycin","regression","rf",1,2,6,"sample.fraction","0.75",0.221573013710101
"rapamycin","regression","rf",1,2,6,"max.depth","20",0.221573013710101
"rapamycin","regression","rf",1,2,6,"num.trees","500",0.221573013710101
"rapamycin","regression","rf",1,2,7,"mtry","14",0.220231684347057
"rapamycin","regression","rf",1,2,7,"min.node.size","5",0.220231684347057
"rapamycin","regression","rf",1,2,7,"sample.fraction","0.55",0.220231684347057
"rapamycin","regression","rf",1,2,7,"max.depth","30",0.220231684347057
"rapamycin","regression","rf",1,2,7,"num.trees","500",0.220231684347057
"rapamycin","regression","rf",1,2,8,"mtry","50",0.22287997520176
"rapamycin","regression","rf",1,2,8,"min.node.size","1",0.22287997520176
"rapamycin","regression","rf",1,2,8,"sample.fraction","0.632",0.22287997520176
"rapamycin","regression","rf",1,2,8,"max.depth","30",0.22287997520176
"rapamycin","regression","rf",1,2,8,"num.trees","500",0.22287997520176
"rapamycin","regression","rf",1,2,9,"mtry","20",0.222697200212522
"rapamycin","regression","rf",1,2,9,"min.node.size","3",0.222697200212522
"rapamycin","regression","rf",1,2,9,"sample.fraction","0.75",0.222697200212522
"rapamycin","regression","rf",1,2,9,"max.depth","30",0.222697200212522
"rapamycin","regression","rf",1,2,9,"num.trees","500",0.222697200212522
"rapamycin","regression","rf",1,2,10,"mtry","5",0.221644132841399
"rapamycin","regression","rf",1,2,10,"min.node.size","1",0.221644132841399
"rapamycin","regression","rf",1,2,10,"sample.fraction","0.55",0.221644132841399
"rapamycin","regression","rf",1,2,10,"max.depth","40",0.221644132841399
"rapamycin","regression","rf",1,2,10,"num.trees","500",0.221644132841399
"rapamycin","regression","rf",1,2,11,"mtry","5",0.222809662312283
"rapamycin","regression","rf",1,2,11,"min.node.size","1",0.222809662312283
"rapamycin","regression","rf",1,2,11,"sample.fraction","0.632",0.222809662312283
"rapamycin","regression","rf",1,2,11,"max.depth","40",0.222809662312283
"rapamycin","regression","rf",1,2,11,"num.trees","500",0.222809662312283
"rapamycin","regression","rf",1,2,12,"mtry","20",0.222934726090137
"rapamycin","regression","rf",1,2,12,"min.node.size","1",0.222934726090137
"rapamycin","regression","rf",1,2,12,"sample.fraction","0.75",0.222934726090137
"rapamycin","regression","rf",1,2,12,"max.depth","40",0.222934726090137
"rapamycin","regression","rf",1,2,12,"num.trees","500",0.222934726090137
"rapamycin","regression","ridge",1,2,1,"alpha","0",0.220344461708827
"rapamycin","regression","ridge",1,2,1,"lambda","0.8096521922",0.220344461708827
"rapamycin","regression","ridge",1,2,1,"measure","mse",0.220344461708827
"rapamycin","regression","lasso",1,2,1,"alpha","1",0.22119293086978
"rapamycin","regression","lasso",1,2,1,"lambda","0.0304828853",0.22119293086978
"rapamycin","regression","lasso",1,2,1,"measure","mse",0.22119293086978
"rapamycin","regression","enet",1,2,1,"alpha","0.1",0.221271356996427
"rapamycin","regression","enet",1,2,1,"lambda","0.2651245908",0.221271356996427
"rapamycin","regression","enet",1,2,1,"measure","mse",0.221271356996427
"rapamycin","regression","enet",1,2,2,"alpha","0.2",0.221164284889014
"rapamycin","regression","enet",1,2,2,"lambda","0.1454869556",0.221164284889014
"rapamycin","regression","enet",1,2,2,"measure","mse",0.221164284889014
"rapamycin","regression","enet",1,2,3,"alpha","0.3",0.220982608726984
"rapamycin","regression","enet",1,2,3,"lambda","0.1064478361",0.220982608726984
"rapamycin","regression","enet",1,2,3,"measure","mse",0.220982608726984
"rapamycin","regression","enet",1,2,4,"alpha","0.4",0.220963843397756
"rapamycin","regression","enet",1,2,4,"lambda","0.08363732245",0.220963843397756
"rapamycin","regression","enet",1,2,4,"measure","mse",0.220963843397756
"rapamycin","regression","enet",1,2,5,"alpha","0.5",0.220936880322733
"rapamycin","regression","enet",1,2,5,"lambda","0.06690985796",0.220936880322733
"rapamycin","regression","enet",1,2,5,"measure","mse",0.220936880322733
"rapamycin","regression","enet",1,2,6,"alpha","0.6",0.220961063197784
"rapamycin","regression","enet",1,2,6,"lambda","0.05322391804",0.220961063197784
"rapamycin","regression","enet",1,2,6,"measure","mse",0.220961063197784
"rapamycin","regression","enet",1,2,7,"alpha","0.7",0.221029383993558
"rapamycin","regression","enet",1,2,7,"lambda","0.04354697899",0.221029383993558
"rapamycin","regression","enet",1,2,7,"measure","mse",0.221029383993558
"rapamycin","regression","enet",1,2,8,"alpha","0.8",0.221085963491914
"rapamycin","regression","enet",1,2,8,"lambda","0.03810360662",0.221085963491914
"rapamycin","regression","enet",1,2,8,"measure","mse",0.221085963491914
"rapamycin","regression","enet",1,2,9,"alpha","0.9",0.221142089079087
"rapamycin","regression","enet",1,2,9,"lambda","0.03386987255",0.221142089079087
"rapamycin","regression","enet",1,2,9,"measure","mse",0.221142089079087
"rapamycin","regression","svm_linear",1,2,1,"cost","0.01",0.226308087724041
"rapamycin","regression","svm_linear",1,2,1,"epsilon","0.05",0.226308087724041
"rapamycin","regression","svm_linear",1,2,2,"cost","0.1",0.298152137949727
"rapamycin","regression","svm_linear",1,2,2,"epsilon","0.05",0.298152137949727
"rapamycin","regression","svm_linear",1,2,3,"cost","1",0.400579472222606
"rapamycin","regression","svm_linear",1,2,3,"epsilon","0.05",0.400579472222606
"rapamycin","regression","svm_linear",1,2,4,"cost","10",0.400579472222606
"rapamycin","regression","svm_linear",1,2,4,"epsilon","0.05",0.400579472222606
"rapamycin","regression","svm_linear",1,2,5,"cost","0.01",0.226368489524527
"rapamycin","regression","svm_linear",1,2,5,"epsilon","0.1",0.226368489524527
"rapamycin","regression","svm_linear",1,2,6,"cost","0.1",0.296206491751708
"rapamycin","regression","svm_linear",1,2,6,"epsilon","0.1",0.296206491751708
"rapamycin","regression","svm_linear",1,2,7,"cost","1",0.381462151072933
"rapamycin","regression","svm_linear",1,2,7,"epsilon","0.1",0.381462151072933
"rapamycin","regression","svm_linear",1,2,8,"cost","10",0.381462151072933
"rapamycin","regression","svm_linear",1,2,8,"epsilon","0.1",0.381462151072933
"rapamycin","regression","svm_linear",1,2,9,"cost","0.01",0.226141462770059
"rapamycin","regression","svm_linear",1,2,9,"epsilon","0.2",0.226141462770059
"rapamycin","regression","svm_linear",1,2,10,"cost","0.1",0.290460488719862
"rapamycin","regression","svm_linear",1,2,10,"epsilon","0.2",0.290460488719862
"rapamycin","regression","svm_linear",1,2,11,"cost","1",0.349215710670259
"rapamycin","regression","svm_linear",1,2,11,"epsilon","0.2",0.349215710670259
"rapamycin","regression","svm_linear",1,2,12,"cost","10",0.349215710670259
"rapamycin","regression","svm_linear",1,2,12,"epsilon","0.2",0.349215710670259
"rapamycin","regression","rf",1,3,1,"mtry","35",0.210349549472007
"rapamycin","regression","rf",1,3,1,"min.node.size","1",0.210349549472007
"rapamycin","regression","rf",1,3,1,"sample.fraction","0.55",0.210349549472007
"rapamycin","regression","rf",1,3,1,"max.depth","0",0.210349549472007
"rapamycin","regression","rf",1,3,1,"num.trees","500",0.210349549472007
"rapamycin","regression","rf",1,3,2,"mtry","50",0.210131919531213
"rapamycin","regression","rf",1,3,2,"min.node.size","3",0.210131919531213
"rapamycin","regression","rf",1,3,2,"sample.fraction","0.55",0.210131919531213
"rapamycin","regression","rf",1,3,2,"max.depth","0",0.210131919531213
"rapamycin","regression","rf",1,3,2,"num.trees","500",0.210131919531213
"rapamycin","regression","rf",1,3,3,"mtry","14",0.20832831629369
"rapamycin","regression","rf",1,3,3,"min.node.size","5",0.20832831629369
"rapamycin","regression","rf",1,3,3,"sample.fraction","0.55",0.20832831629369
"rapamycin","regression","rf",1,3,3,"max.depth","0",0.20832831629369
"rapamycin","regression","rf",1,3,3,"num.trees","500",0.20832831629369
"rapamycin","regression","rf",1,3,4,"mtry","10",0.207936464101384
"rapamycin","regression","rf",1,3,4,"min.node.size","3",0.207936464101384
"rapamycin","regression","rf",1,3,4,"sample.fraction","0.55",0.207936464101384
"rapamycin","regression","rf",1,3,4,"max.depth","20",0.207936464101384
"rapamycin","regression","rf",1,3,4,"num.trees","500",0.207936464101384
"rapamycin","regression","rf",1,3,5,"mtry","50",0.211434022361039
"rapamycin","regression","rf",1,3,5,"min.node.size","5",0.211434022361039
"rapamycin","regression","rf",1,3,5,"sample.fraction","0.632",0.211434022361039
"rapamycin","regression","rf",1,3,5,"max.depth","20",0.211434022361039
"rapamycin","regression","rf",1,3,5,"num.trees","500",0.211434022361039
"rapamycin","regression","rf",1,3,6,"mtry","14",0.211065017853897
"rapamycin","regression","rf",1,3,6,"min.node.size","1",0.211065017853897
"rapamycin","regression","rf",1,3,6,"sample.fraction","0.75",0.211065017853897
"rapamycin","regression","rf",1,3,6,"max.depth","20",0.211065017853897
"rapamycin","regression","rf",1,3,6,"num.trees","500",0.211065017853897
"rapamycin","regression","rf",1,3,7,"mtry","10",0.207796121558725
"rapamycin","regression","rf",1,3,7,"min.node.size","5",0.207796121558725
"rapamycin","regression","rf",1,3,7,"sample.fraction","0.75",0.207796121558725
"rapamycin","regression","rf",1,3,7,"max.depth","20",0.207796121558725
"rapamycin","regression","rf",1,3,7,"num.trees","500",0.207796121558725
"rapamycin","regression","rf",1,3,8,"mtry","50",0.209812277853251
"rapamycin","regression","rf",1,3,8,"min.node.size","5",0.209812277853251
"rapamycin","regression","rf",1,3,8,"sample.fraction","0.55",0.209812277853251
"rapamycin","regression","rf",1,3,8,"max.depth","30",0.209812277853251
"rapamycin","regression","rf",1,3,8,"num.trees","500",0.209812277853251
"rapamycin","regression","rf",1,3,9,"mtry","10",0.209913828034838
"rapamycin","regression","rf",1,3,9,"min.node.size","1",0.209913828034838
"rapamycin","regression","rf",1,3,9,"sample.fraction","0.632",0.209913828034838
"rapamycin","regression","rf",1,3,9,"max.depth","30",0.209913828034838
"rapamycin","regression","rf",1,3,9,"num.trees","500",0.209913828034838
"rapamycin","regression","rf",1,3,10,"mtry","10",0.20793681868417
"rapamycin","regression","rf",1,3,10,"min.node.size","3",0.20793681868417
"rapamycin","regression","rf",1,3,10,"sample.fraction","0.55",0.20793681868417
"rapamycin","regression","rf",1,3,10,"max.depth","40",0.20793681868417
"rapamycin","regression","rf",1,3,10,"num.trees","500",0.20793681868417
"rapamycin","regression","rf",1,3,11,"mtry","10",0.207348859147969
"rapamycin","regression","rf",1,3,11,"min.node.size","10",0.207348859147969
"rapamycin","regression","rf",1,3,11,"sample.fraction","0.55",0.207348859147969
"rapamycin","regression","rf",1,3,11,"max.depth","40",0.207348859147969
"rapamycin","regression","rf",1,3,11,"num.trees","500",0.207348859147969
"rapamycin","regression","rf",1,3,12,"mtry","14",0.211068520080147
"rapamycin","regression","rf",1,3,12,"min.node.size","1",0.211068520080147
"rapamycin","regression","rf",1,3,12,"sample.fraction","0.75",0.211068520080147
"rapamycin","regression","rf",1,3,12,"max.depth","40",0.211068520080147
"rapamycin","regression","rf",1,3,12,"num.trees","500",0.211068520080147
"rapamycin","regression","ridge",1,3,1,"alpha","0",0.209736915031983
"rapamycin","regression","ridge",1,3,1,"lambda","1.89189133",0.209736915031983
"rapamycin","regression","ridge",1,3,1,"measure","mse",0.209736915031983
"rapamycin","regression","lasso",1,3,1,"alpha","1",0.205750931344829
"rapamycin","regression","lasso",1,3,1,"lambda","0.03713859587",0.205750931344829
"rapamycin","regression","lasso",1,3,1,"measure","mse",0.205750931344829
"rapamycin","regression","enet",1,3,1,"alpha","0.1",0.20561442649536
"rapamycin","regression","enet",1,3,1,"lambda","0.2809398581",0.20561442649536
"rapamycin","regression","enet",1,3,1,"measure","mse",0.20561442649536
"rapamycin","regression","enet",1,3,2,"alpha","0.2",0.205126343586631
"rapamycin","regression","enet",1,3,2,"lambda","0.1615062836",0.205126343586631
"rapamycin","regression","enet",1,3,2,"measure","mse",0.205126343586631
"rapamycin","regression","enet",1,3,3,"alpha","0.3",0.205052154788372
"rapamycin","regression","enet",1,3,3,"lambda","0.1127976846",0.205052154788372
"rapamycin","regression","enet",1,3,3,"measure","mse",0.205052154788372
"rapamycin","regression","enet",1,3,4,"alpha","0.4",0.204972785559429
"rapamycin","regression","enet",1,3,4,"lambda","0.08862647343",0.204972785559429
"rapamycin","regression","enet",1,3,4,"measure","mse",0.204972785559429
"rapamycin","regression","enet",1,3,5,"alpha","0.5",0.205016241531387
"rapamycin","regression","enet",1,3,5,"lambda","0.07090117874",0.205016241531387
"rapamycin","regression","enet",1,3,5,"measure","mse",0.205016241531387
"rapamycin","regression","enet",1,3,6,"alpha","0.6",0.205142917525421
"rapamycin","regression","enet",1,3,6,"lambda","0.05908431562",0.205142917525421
"rapamycin","regression","enet",1,3,6,"measure","mse",0.205142917525421
"rapamycin","regression","enet",1,3,7,"alpha","0.7",0.205330152833862
"rapamycin","regression","enet",1,3,7,"lambda","0.05305513696",0.205330152833862
"rapamycin","regression","enet",1,3,7,"measure","mse",0.205330152833862
"rapamycin","regression","enet",1,3,8,"alpha","0.8",0.205465197440433
"rapamycin","regression","enet",1,3,8,"lambda","0.04642324484",0.205465197440433
"rapamycin","regression","enet",1,3,8,"measure","mse",0.205465197440433
"rapamycin","regression","enet",1,3,9,"alpha","0.9",0.205594054657429
"rapamycin","regression","enet",1,3,9,"lambda","0.04126510652",0.205594054657429
"rapamycin","regression","enet",1,3,9,"measure","mse",0.205594054657429
"rapamycin","regression","svm_linear",1,3,1,"cost","0.01",0.22084296366193
"rapamycin","regression","svm_linear",1,3,1,"epsilon","0.05",0.22084296366193
"rapamycin","regression","svm_linear",1,3,2,"cost","0.1",0.290062582317134
"rapamycin","regression","svm_linear",1,3,2,"epsilon","0.05",0.290062582317134
"rapamycin","regression","svm_linear",1,3,3,"cost","1",0.353221794455971
"rapamycin","regression","svm_linear",1,3,3,"epsilon","0.05",0.353221794455971
"rapamycin","regression","svm_linear",1,3,4,"cost","10",0.353221794455971
"rapamycin","regression","svm_linear",1,3,4,"epsilon","0.05",0.353221794455971
"rapamycin","regression","svm_linear",1,3,5,"cost","0.01",0.221160087383031
"rapamycin","regression","svm_linear",1,3,5,"epsilon","0.1",0.221160087383031
"rapamycin","regression","svm_linear",1,3,6,"cost","0.1",0.28586950463827
"rapamycin","regression","svm_linear",1,3,6,"epsilon","0.1",0.28586950463827
"rapamycin","regression","svm_linear",1,3,7,"cost","1",0.337867140500347
"rapamycin","regression","svm_linear",1,3,7,"epsilon","0.1",0.337867140500347
"rapamycin","regression","svm_linear",1,3,8,"cost","10",0.337867140500347
"rapamycin","regression","svm_linear",1,3,8,"epsilon","0.1",0.337867140500347
"rapamycin","regression","svm_linear",1,3,9,"cost","0.01",0.221839637026034
"rapamycin","regression","svm_linear",1,3,9,"epsilon","0.2",0.221839637026034
"rapamycin","regression","svm_linear",1,3,10,"cost","0.1",0.278969832823747
"rapamycin","regression","svm_linear",1,3,10,"epsilon","0.2",0.278969832823747
"rapamycin","regression","svm_linear",1,3,11,"cost","1",0.312567284588215
"rapamycin","regression","svm_linear",1,3,11,"epsilon","0.2",0.312567284588215
"rapamycin","regression","svm_linear",1,3,12,"cost","10",0.312567284588215
"rapamycin","regression","svm_linear",1,3,12,"epsilon","0.2",0.312567284588215
"rapamycin","regression","rf",1,4,1,"mtry","35",0.210237342617479
"rapamycin","regression","rf",1,4,1,"min.node.size","1",0.210237342617479
"rapamycin","regression","rf",1,4,1,"sample.fraction","0.55",0.210237342617479
"rapamycin","regression","rf",1,4,1,"max.depth","0",0.210237342617479
"rapamycin","regression","rf",1,4,1,"num.trees","500",0.210237342617479
"rapamycin","regression","rf",1,4,2,"mtry","14",0.211644177606316
"rapamycin","regression","rf",1,4,2,"min.node.size","10",0.211644177606316
"rapamycin","regression","rf",1,4,2,"sample.fraction","0.55",0.211644177606316
"rapamycin","regression","rf",1,4,2,"max.depth","0",0.211644177606316
"rapamycin","regression","rf",1,4,2,"num.trees","500",0.211644177606316
"rapamycin","regression","rf",1,4,3,"mtry","5",0.211425048684461
"rapamycin","regression","rf",1,4,3,"min.node.size","10",0.211425048684461
"rapamycin","regression","rf",1,4,3,"sample.fraction","0.632",0.211425048684461
"rapamycin","regression","rf",1,4,3,"max.depth","0",0.211425048684461
"rapamycin","regression","rf",1,4,3,"num.trees","500",0.211425048684461
"rapamycin","regression","rf",1,4,4,"mtry","5",0.212675175799664
"rapamycin","regression","rf",1,4,4,"min.node.size","3",0.212675175799664
"rapamycin","regression","rf",1,4,4,"sample.fraction","0.75",0.212675175799664
"rapamycin","regression","rf",1,4,4,"max.depth","0",0.212675175799664
"rapamycin","regression","rf",1,4,4,"num.trees","500",0.212675175799664
"rapamycin","regression","rf",1,4,5,"mtry","5",0.212810585761075
"rapamycin","regression","rf",1,4,5,"min.node.size","5",0.212810585761075
"rapamycin","regression","rf",1,4,5,"sample.fraction","0.75",0.212810585761075
"rapamycin","regression","rf",1,4,5,"max.depth","0",0.212810585761075
"rapamycin","regression","rf",1,4,5,"num.trees","500",0.212810585761075
"rapamycin","regression","rf",1,4,6,"mtry","20",0.210173020189346
"rapamycin","regression","rf",1,4,6,"min.node.size","10",0.210173020189346
"rapamycin","regression","rf",1,4,6,"sample.fraction","0.55",0.210173020189346
"rapamycin","regression","rf",1,4,6,"max.depth","20",0.210173020189346
"rapamycin","regression","rf",1,4,6,"num.trees","500",0.210173020189346
"rapamycin","regression","rf",1,4,7,"mtry","20",0.211609267683657
"rapamycin","regression","rf",1,4,7,"min.node.size","1",0.211609267683657
"rapamycin","regression","rf",1,4,7,"sample.fraction","0.632",0.211609267683657
"rapamycin","regression","rf",1,4,7,"max.depth","20",0.211609267683657
"rapamycin","regression","rf",1,4,7,"num.trees","500",0.211609267683657
"rapamycin","regression","rf",1,4,8,"mtry","35",0.209047295010376
"rapamycin","regression","rf",1,4,8,"min.node.size","10",0.209047295010376
"rapamycin","regression","rf",1,4,8,"sample.fraction","0.632",0.209047295010376
"rapamycin","regression","rf",1,4,8,"max.depth","20",0.209047295010376
"rapamycin","regression","rf",1,4,8,"num.trees","500",0.209047295010376
"rapamycin","regression","rf",1,4,9,"mtry","20",0.20990795449659
"rapamycin","regression","rf",1,4,9,"min.node.size","10",0.20990795449659
"rapamycin","regression","rf",1,4,9,"sample.fraction","0.75",0.20990795449659
"rapamycin","regression","rf",1,4,9,"max.depth","20",0.20990795449659
"rapamycin","regression","rf",1,4,9,"num.trees","500",0.20990795449659
"rapamycin","regression","rf",1,4,10,"mtry","14",0.211644177606316
"rapamycin","regression","rf",1,4,10,"min.node.size","10",0.211644177606316
"rapamycin","regression","rf",1,4,10,"sample.fraction","0.55",0.211644177606316
"rapamycin","regression","rf",1,4,10,"max.depth","30",0.211644177606316
"rapamycin","regression","rf",1,4,10,"num.trees","500",0.211644177606316
"rapamycin","regression","rf",1,4,11,"mtry","10",0.21278299322299
"rapamycin","regression","rf",1,4,11,"min.node.size","3",0.21278299322299
"rapamycin","regression","rf",1,4,11,"sample.fraction","0.75",0.21278299322299
"rapamycin","regression","rf",1,4,11,"max.depth","30",0.21278299322299
"rapamycin","regression","rf",1,4,11,"num.trees","500",0.21278299322299
"rapamycin","regression","rf",1,4,12,"mtry","5",0.211798418460378
"rapamycin","regression","rf",1,4,12,"min.node.size","10",0.211798418460378
"rapamycin","regression","rf",1,4,12,"sample.fraction","0.75",0.211798418460378
"rapamycin","regression","rf",1,4,12,"max.depth","40",0.211798418460378
"rapamycin","regression","rf",1,4,12,"num.trees","500",0.211798418460378
"rapamycin","regression","ridge",1,4,1,"alpha","0",0.212129592436308
"rapamycin","regression","ridge",1,4,1,"lambda","1.225781741",0.212129592436308
"rapamycin","regression","ridge",1,4,1,"measure","mse",0.212129592436308
"rapamycin","regression","lasso",1,4,1,"alpha","1",0.205266992209397
"rapamycin","regression","lasso",1,4,1,"lambda","0.03180933297",0.205266992209397
"rapamycin","regression","lasso",1,4,1,"measure","mse",0.205266992209397
"rapamycin","regression","enet",1,4,1,"alpha","0.1",0.210155153973494
"rapamycin","regression","enet",1,4,1,"lambda","0.1906919413",0.210155153973494
"rapamycin","regression","enet",1,4,1,"measure","mse",0.210155153973494
"rapamycin","regression","enet",1,4,2,"alpha","0.2",0.20950982255866
"rapamycin","regression","enet",1,4,2,"lambda","0.1046420851",0.20950982255866
"rapamycin","regression","enet",1,4,2,"measure","mse",0.20950982255866
"rapamycin","regression","enet",1,4,3,"alpha","0.3",0.208597425487288
"rapamycin","regression","enet",1,4,3,"lambda","0.08802889019",0.208597425487288
"rapamycin","regression","enet",1,4,3,"measure","mse",0.208597425487288
"rapamycin","regression","enet",1,4,4,"alpha","0.4",0.207831526305568
"rapamycin","regression","enet",1,4,4,"lambda","0.06916533905",0.207831526305568
"rapamycin","regression","enet",1,4,4,"measure","mse",0.207831526305568
"rapamycin","regression","enet",1,4,5,"alpha","0.5",0.207192143200695
"rapamycin","regression","enet",1,4,5,"lambda","0.05796695899",0.207192143200695
"rapamycin","regression","enet",1,4,5,"measure","mse",0.207192143200695
"rapamycin","regression","enet",1,4,6,"alpha","0.6",0.206601892114402
"rapamycin","regression","enet",1,4,6,"lambda","0.05060591615",0.206601892114402
"rapamycin","regression","enet",1,4,6,"measure","mse",0.206601892114402
"rapamycin","regression","enet",1,4,7,"alpha","0.7",0.206151053837122
"rapamycin","regression","enet",1,4,7,"lambda","0.04337649956",0.206151053837122
"rapamycin","regression","enet",1,4,7,"measure","mse",0.206151053837122
"rapamycin","regression","enet",1,4,8,"alpha","0.8",0.20581317864377
"rapamycin","regression","enet",1,4,8,"lambda","0.03795443711",0.20581317864377
"rapamycin","regression","enet",1,4,8,"measure","mse",0.20581317864377
"rapamycin","regression","enet",1,4,9,"alpha","0.9",0.20551907283794
"rapamycin","regression","enet",1,4,9,"lambda","0.03534370329",0.20551907283794
"rapamycin","regression","enet",1,4,9,"measure","mse",0.20551907283794
"rapamycin","regression","svm_linear",1,4,1,"cost","0.01",0.223036502184577
"rapamycin","regression","svm_linear",1,4,1,"epsilon","0.05",0.223036502184577
"rapamycin","regression","svm_linear",1,4,2,"cost","0.1",0.273423671911593
"rapamycin","regression","svm_linear",1,4,2,"epsilon","0.05",0.273423671911593
"rapamycin","regression","svm_linear",1,4,3,"cost","1",0.336681678300151
"rapamycin","regression","svm_linear",1,4,3,"epsilon","0.05",0.336681678300151
"rapamycin","regression","svm_linear",1,4,4,"cost","10",0.336681678300151
"rapamycin","regression","svm_linear",1,4,4,"epsilon","0.05",0.336681678300151
"rapamycin","regression","svm_linear",1,4,5,"cost","0.01",0.222192864714976
"rapamycin","regression","svm_linear",1,4,5,"epsilon","0.1",0.222192864714976
"rapamycin","regression","svm_linear",1,4,6,"cost","0.1",0.273762760947444
"rapamycin","regression","svm_linear",1,4,6,"epsilon","0.1",0.273762760947444
"rapamycin","regression","svm_linear",1,4,7,"cost","1",0.325654333086026
"rapamycin","regression","svm_linear",1,4,7,"epsilon","0.1",0.325654333086026
"rapamycin","regression","svm_linear",1,4,8,"cost","10",0.325654333086026
"rapamycin","regression","svm_linear",1,4,8,"epsilon","0.1",0.325654333086026
"rapamycin","regression","svm_linear",1,4,9,"cost","0.01",0.221273132048663
"rapamycin","regression","svm_linear",1,4,9,"epsilon","0.2",0.221273132048663
"rapamycin","regression","svm_linear",1,4,10,"cost","0.1",0.274674770176689
"rapamycin","regression","svm_linear",1,4,10,"epsilon","0.2",0.274674770176689
"rapamycin","regression","svm_linear",1,4,11,"cost","1",0.30860382587657
"rapamycin","regression","svm_linear",1,4,11,"epsilon","0.2",0.30860382587657
"rapamycin","regression","svm_linear",1,4,12,"cost","10",0.30860382587657
"rapamycin","regression","svm_linear",1,4,12,"epsilon","0.2",0.30860382587657
"rapamycin","regression","rf",1,5,1,"mtry","10",0.203068217384589
"rapamycin","regression","rf",1,5,1,"min.node.size","3",0.203068217384589
"rapamycin","regression","rf",1,5,1,"sample.fraction","0.632",0.203068217384589
"rapamycin","regression","rf",1,5,1,"max.depth","0",0.203068217384589
"rapamycin","regression","rf",1,5,1,"num.trees","500",0.203068217384589
"rapamycin","regression","rf",1,5,2,"mtry","14",0.203581750440205
"rapamycin","regression","rf",1,5,2,"min.node.size","1",0.203581750440205
"rapamycin","regression","rf",1,5,2,"sample.fraction","0.75",0.203581750440205
"rapamycin","regression","rf",1,5,2,"max.depth","0",0.203581750440205
"rapamycin","regression","rf",1,5,2,"num.trees","500",0.203581750440205
"rapamycin","regression","rf",1,5,3,"mtry","35",0.200283636641726
"rapamycin","regression","rf",1,5,3,"min.node.size","3",0.200283636641726
"rapamycin","regression","rf",1,5,3,"sample.fraction","0.75",0.200283636641726
"rapamycin","regression","rf",1,5,3,"max.depth","0",0.200283636641726
"rapamycin","regression","rf",1,5,3,"num.trees","500",0.200283636641726
"rapamycin","regression","rf",1,5,4,"mtry","5",0.205115528039152
"rapamycin","regression","rf",1,5,4,"min.node.size","5",0.205115528039152
"rapamycin","regression","rf",1,5,4,"sample.fraction","0.55",0.205115528039152
"rapamycin","regression","rf",1,5,4,"max.depth","20",0.205115528039152
"rapamycin","regression","rf",1,5,4,"num.trees","500",0.205115528039152
"rapamycin","regression","rf",1,5,5,"mtry","35",0.1997246525983
"rapamycin","regression","rf",1,5,5,"min.node.size","3",0.1997246525983
"rapamycin","regression","rf",1,5,5,"sample.fraction","0.55",0.1997246525983
"rapamycin","regression","rf",1,5,5,"max.depth","30",0.1997246525983
"rapamycin","regression","rf",1,5,5,"num.trees","500",0.1997246525983
"rapamycin","regression","rf",1,5,6,"mtry","50",0.201307193968617
"rapamycin","regression","rf",1,5,6,"min.node.size","5",0.201307193968617
"rapamycin","regression","rf",1,5,6,"sample.fraction","0.55",0.201307193968617
"rapamycin","regression","rf",1,5,6,"max.depth","30",0.201307193968617
"rapamycin","regression","rf",1,5,6,"num.trees","500",0.201307193968617
"rapamycin","regression","rf",1,5,7,"mtry","5",0.204359910805924
"rapamycin","regression","rf",1,5,7,"min.node.size","1",0.204359910805924
"rapamycin","regression","rf",1,5,7,"sample.fraction","0.75",0.204359910805924
"rapamycin","regression","rf",1,5,7,"max.depth","30",0.204359910805924
"rapamycin","regression","rf",1,5,7,"num.trees","500",0.204359910805924
"rapamycin","regression","rf",1,5,8,"mtry","20",0.200758603605099
"rapamycin","regression","rf",1,5,8,"min.node.size","3",0.200758603605099
"rapamycin","regression","rf",1,5,8,"sample.fraction","0.75",0.200758603605099
"rapamycin","regression","rf",1,5,8,"max.depth","30",0.200758603605099
"rapamycin","regression","rf",1,5,8,"num.trees","500",0.200758603605099
"rapamycin","regression","rf",1,5,9,"mtry","10",0.202789800946227
"rapamycin","regression","rf",1,5,9,"min.node.size","1",0.202789800946227
"rapamycin","regression","rf",1,5,9,"sample.fraction","0.55",0.202789800946227
"rapamycin","regression","rf",1,5,9,"max.depth","40",0.202789800946227
"rapamycin","regression","rf",1,5,9,"num.trees","500",0.202789800946227
"rapamycin","regression","rf",1,5,10,"mtry","5",0.204400564907744
"rapamycin","regression","rf",1,5,10,"min.node.size","3",0.204400564907744
"rapamycin","regression","rf",1,5,10,"sample.fraction","0.632",0.204400564907744
"rapamycin","regression","rf",1,5,10,"max.depth","40",0.204400564907744
"rapamycin","regression","rf",1,5,10,"num.trees","500",0.204400564907744
"rapamycin","regression","rf",1,5,11,"mtry","35",0.199900299159443
"rapamycin","regression","rf",1,5,11,"min.node.size","10",0.199900299159443
"rapamycin","regression","rf",1,5,11,"sample.fraction","0.632",0.199900299159443
"rapamycin","regression","rf",1,5,11,"max.depth","40",0.199900299159443
"rapamycin","regression","rf",1,5,11,"num.trees","500",0.199900299159443
"rapamycin","regression","rf",1,5,12,"mtry","10",0.202641788938793
"rapamycin","regression","rf",1,5,12,"min.node.size","1",0.202641788938793
"rapamycin","regression","rf",1,5,12,"sample.fraction","0.75",0.202641788938793
"rapamycin","regression","rf",1,5,12,"max.depth","40",0.202641788938793
"rapamycin","regression","rf",1,5,12,"num.trees","500",0.202641788938793
"rapamycin","regression","ridge",1,5,1,"alpha","0",0.206585935263358
"rapamycin","regression","ridge",1,5,1,"lambda","0.8670987137",0.206585935263358
"rapamycin","regression","ridge",1,5,1,"measure","mse",0.206585935263358
"rapamycin","regression","lasso",1,5,1,"alpha","1",0.20711891901126
"rapamycin","regression","lasso",1,5,1,"lambda","0.03116191205",0.20711891901126
"rapamycin","regression","lasso",1,5,1,"measure","mse",0.20711891901126
"rapamycin","regression","enet",1,5,1,"alpha","0.1",0.208519590167567
"rapamycin","regression","enet",1,5,1,"lambda","0.1702150023",0.208519590167567
"rapamycin","regression","enet",1,5,1,"measure","mse",0.208519590167567
"rapamycin","regression","enet",1,5,2,"alpha","0.2",0.208331671714469
"rapamycin","regression","enet",1,5,2,"lambda","0.1073934861",0.208331671714469
"rapamycin","regression","enet",1,5,2,"measure","mse",0.208331671714469
"rapamycin","regression","enet",1,5,3,"alpha","0.3",0.208228799778708
"rapamycin","regression","enet",1,5,3,"lambda","0.07500473853",0.208228799778708
"rapamycin","regression","enet",1,5,3,"measure","mse",0.208228799778708
"rapamycin","regression","enet",1,5,4,"alpha","0.4",0.208165278718896
"rapamycin","regression","enet",1,5,4,"lambda","0.07098393418",0.208165278718896
"rapamycin","regression","enet",1,5,4,"measure","mse",0.208165278718896
"rapamycin","regression","enet",1,5,5,"alpha","0.5",0.207891314461775
"rapamycin","regression","enet",1,5,5,"lambda","0.05949111011",0.207891314461775
"rapamycin","regression","enet",1,5,5,"measure","mse",0.207891314461775
"rapamycin","regression","enet",1,5,6,"alpha","0.6",0.207695123632581
"rapamycin","regression","enet",1,5,6,"lambda","0.04957592509",0.207695123632581
"rapamycin","regression","enet",1,5,6,"measure","mse",0.207695123632581
"rapamycin","regression","enet",1,5,7,"alpha","0.7",0.207510311418309
"rapamycin","regression","enet",1,5,7,"lambda","0.04451701722",0.207510311418309
"rapamycin","regression","enet",1,5,7,"measure","mse",0.207510311418309
"rapamycin","regression","enet",1,5,8,"alpha","0.8",0.207355531229242
"rapamycin","regression","enet",1,5,8,"lambda","0.03895239007",0.207355531229242
"rapamycin","regression","enet",1,5,8,"measure","mse",0.207355531229242
"rapamycin","regression","enet",1,5,9,"alpha","0.9",0.207221079695624
"rapamycin","regression","enet",1,5,9,"lambda","0.03462434673",0.207221079695624
"rapamycin","regression","enet",1,5,9,"measure","mse",0.207221079695624
"rapamycin","regression","svm_linear",1,5,1,"cost","0.01",0.215818195076099
"rapamycin","regression","svm_linear",1,5,1,"epsilon","0.05",0.215818195076099
"rapamycin","regression","svm_linear",1,5,2,"cost","0.1",0.28128094426741
"rapamycin","regression","svm_linear",1,5,2,"epsilon","0.05",0.28128094426741
"rapamycin","regression","svm_linear",1,5,3,"cost","1",0.378503859283807
"rapamycin","regression","svm_linear",1,5,3,"epsilon","0.05",0.378503859283807
"rapamycin","regression","svm_linear",1,5,4,"cost","10",0.378503859283807
"rapamycin","regression","svm_linear",1,5,4,"epsilon","0.05",0.378503859283807
"rapamycin","regression","svm_linear",1,5,5,"cost","0.01",0.21528142761281
"rapamycin","regression","svm_linear",1,5,5,"epsilon","0.1",0.21528142761281
"rapamycin","regression","svm_linear",1,5,6,"cost","0.1",0.273825622896166
"rapamycin","regression","svm_linear",1,5,6,"epsilon","0.1",0.273825622896166
"rapamycin","regression","svm_linear",1,5,7,"cost","1",0.35947702312484
"rapamycin","regression","svm_linear",1,5,7,"epsilon","0.1",0.35947702312484
"rapamycin","regression","svm_linear",1,5,8,"cost","10",0.35947702312484
"rapamycin","regression","svm_linear",1,5,8,"epsilon","0.1",0.35947702312484
"rapamycin","regression","svm_linear",1,5,9,"cost","0.01",0.213232705417119
"rapamycin","regression","svm_linear",1,5,9,"epsilon","0.2",0.213232705417119
"rapamycin","regression","svm_linear",1,5,10,"cost","0.1",0.260908662601618
"rapamycin","regression","svm_linear",1,5,10,"epsilon","0.2",0.260908662601618
"rapamycin","regression","svm_linear",1,5,11,"cost","1",0.323386051019637
"rapamycin","regression","svm_linear",1,5,11,"epsilon","0.2",0.323386051019637
"rapamycin","regression","svm_linear",1,5,12,"cost","10",0.323386051019637
"rapamycin","regression","svm_linear",1,5,12,"epsilon","0.2",0.323386051019637
"rapamycin","regression","rf",2,1,1,"mtry","5",0.223074186946333
"rapamycin","regression","rf",2,1,1,"min.node.size","5",0.223074186946333
"rapamycin","regression","rf",2,1,1,"sample.fraction","0.55",0.223074186946333
"rapamycin","regression","rf",2,1,1,"max.depth","0",0.223074186946333
"rapamycin","regression","rf",2,1,1,"num.trees","500",0.223074186946333
"rapamycin","regression","rf",2,1,2,"mtry","5",0.221745937296885
"rapamycin","regression","rf",2,1,2,"min.node.size","10",0.221745937296885
"rapamycin","regression","rf",2,1,2,"sample.fraction","0.75",0.221745937296885
"rapamycin","regression","rf",2,1,2,"max.depth","0",0.221745937296885
"rapamycin","regression","rf",2,1,2,"num.trees","500",0.221745937296885
"rapamycin","regression","rf",2,1,3,"mtry","10",0.224026991683956
"rapamycin","regression","rf",2,1,3,"min.node.size","1",0.224026991683956
"rapamycin","regression","rf",2,1,3,"sample.fraction","0.55",0.224026991683956
"rapamycin","regression","rf",2,1,3,"max.depth","20",0.224026991683956
"rapamycin","regression","rf",2,1,3,"num.trees","500",0.224026991683956
"rapamycin","regression","rf",2,1,4,"mtry","14",0.222275209287398
"rapamycin","regression","rf",2,1,4,"min.node.size","1",0.222275209287398
"rapamycin","regression","rf",2,1,4,"sample.fraction","0.55",0.222275209287398
"rapamycin","regression","rf",2,1,4,"max.depth","20",0.222275209287398
"rapamycin","regression","rf",2,1,4,"num.trees","500",0.222275209287398
"rapamycin","regression","rf",2,1,5,"mtry","35",0.222247982762311
"rapamycin","regression","rf",2,1,5,"min.node.size","1",0.222247982762311
"rapamycin","regression","rf",2,1,5,"sample.fraction","0.632",0.222247982762311
"rapamycin","regression","rf",2,1,5,"max.depth","20",0.222247982762311
"rapamycin","regression","rf",2,1,5,"num.trees","500",0.222247982762311
"rapamycin","regression","rf",2,1,6,"mtry","10",0.222481870490759
"rapamycin","regression","rf",2,1,6,"min.node.size","5",0.222481870490759
"rapamycin","regression","rf",2,1,6,"sample.fraction","0.632",0.222481870490759
"rapamycin","regression","rf",2,1,6,"max.depth","20",0.222481870490759
"rapamycin","regression","rf",2,1,6,"num.trees","500",0.222481870490759
"rapamycin","regression","rf",2,1,7,"mtry","14",0.222424932393426
"rapamycin","regression","rf",2,1,7,"min.node.size","3",0.222424932393426
"rapamycin","regression","rf",2,1,7,"sample.fraction","0.75",0.222424932393426
"rapamycin","regression","rf",2,1,7,"max.depth","20",0.222424932393426
"rapamycin","regression","rf",2,1,7,"num.trees","500",0.222424932393426
"rapamycin","regression","rf",2,1,8,"mtry","35",0.220945746770328
"rapamycin","regression","rf",2,1,8,"min.node.size","5",0.220945746770328
"rapamycin","regression","rf",2,1,8,"sample.fraction","0.75",0.220945746770328
"rapamycin","regression","rf",2,1,8,"max.depth","20",0.220945746770328
"rapamycin","regression","rf",2,1,8,"num.trees","500",0.220945746770328
"rapamycin","regression","rf",2,1,9,"mtry","10",0.221849289076017
"rapamycin","regression","rf",2,1,9,"min.node.size","10",0.221849289076017
"rapamycin","regression","rf",2,1,9,"sample.fraction","0.55",0.221849289076017
"rapamycin","regression","rf",2,1,9,"max.depth","30",0.221849289076017
"rapamycin","regression","rf",2,1,9,"num.trees","500",0.221849289076017
"rapamycin","regression","rf",2,1,10,"mtry","5",0.222463338991231
"rapamycin","regression","rf",2,1,10,"min.node.size","3",0.222463338991231
"rapamycin","regression","rf",2,1,10,"sample.fraction","0.632",0.222463338991231
"rapamycin","regression","rf",2,1,10,"max.depth","40",0.222463338991231
"rapamycin","regression","rf",2,1,10,"num.trees","500",0.222463338991231
"rapamycin","regression","rf",2,1,11,"mtry","10",0.223257751619225
"rapamycin","regression","rf",2,1,11,"min.node.size","3",0.223257751619225
"rapamycin","regression","rf",2,1,11,"sample.fraction","0.632",0.223257751619225
"rapamycin","regression","rf",2,1,11,"max.depth","40",0.223257751619225
"rapamycin","regression","rf",2,1,11,"num.trees","500",0.223257751619225
"rapamycin","regression","rf",2,1,12,"mtry","10",0.221686028208206
"rapamycin","regression","rf",2,1,12,"min.node.size","1",0.221686028208206
"rapamycin","regression","rf",2,1,12,"sample.fraction","0.75",0.221686028208206
"rapamycin","regression","rf",2,1,12,"max.depth","40",0.221686028208206
"rapamycin","regression","rf",2,1,12,"num.trees","500",0.221686028208206
"rapamycin","regression","ridge",2,1,1,"alpha","0",0.219653629383917
"rapamycin","regression","ridge",2,1,1,"lambda","0.7980373734",0.219653629383917
"rapamycin","regression","ridge",2,1,1,"measure","mse",0.219653629383917
"rapamycin","regression","lasso",2,1,1,"alpha","1",0.224258643986988
"rapamycin","regression","lasso",2,1,1,"lambda","0.03791324063",0.224258643986988
"rapamycin","regression","lasso",2,1,1,"measure","mse",0.224258643986988
"rapamycin","regression","enet",2,1,1,"alpha","0.1",0.223104149290666
"rapamycin","regression","enet",2,1,1,"lambda","0.2494438067",0.223104149290666
"rapamycin","regression","enet",2,1,1,"measure","mse",0.223104149290666
"rapamycin","regression","enet",2,1,2,"alpha","0.2",0.223696874701943
"rapamycin","regression","enet",2,1,2,"lambda","0.1306606307",0.223696874701943
"rapamycin","regression","enet",2,1,2,"measure","mse",0.223696874701943
"rapamycin","regression","enet",2,1,3,"alpha","0.3",0.223950512701738
"rapamycin","regression","enet",2,1,3,"lambda","0.0871070871",0.223950512701738
"rapamycin","regression","enet",2,1,3,"measure","mse",0.223950512701738
"rapamycin","regression","enet",2,1,4,"alpha","0.4",0.2241418990579
"rapamycin","regression","enet",2,1,4,"lambda","0.06533031533",0.2241418990579
"rapamycin","regression","enet",2,1,4,"measure","mse",0.2241418990579
"rapamycin","regression","enet",2,1,5,"alpha","0.5",0.224289416732133
"rapamycin","regression","enet",2,1,5,"lambda","0.05226425226",0.224289416732133
"rapamycin","regression","enet",2,1,5,"measure","mse",0.224289416732133
"rapamycin","regression","enet",2,1,6,"alpha","0.6",0.224370298641552
"rapamycin","regression","enet",2,1,6,"lambda","0.06318873439",0.224370298641552
"rapamycin","regression","enet",2,1,6,"measure","mse",0.224370298641552
"rapamycin","regression","enet",2,1,7,"alpha","0.7",0.224324213206546
"rapamycin","regression","enet",2,1,7,"lambda","0.05416177233",0.224324213206546
"rapamycin","regression","enet",2,1,7,"measure","mse",0.224324213206546
"rapamycin","regression","enet",2,1,8,"alpha","0.8",0.22430368336159
"rapamycin","regression","enet",2,1,8,"lambda","0.04739155079",0.22430368336159
"rapamycin","regression","enet",2,1,8,"measure","mse",0.22430368336159
"rapamycin","regression","enet",2,1,9,"alpha","0.9",0.224281747108658
"rapamycin","regression","enet",2,1,9,"lambda","0.04212582293",0.224281747108658
"rapamycin","regression","enet",2,1,9,"measure","mse",0.224281747108658
"rapamycin","regression","svm_linear",2,1,1,"cost","0.01",0.231540073606704
"rapamycin","regression","svm_linear",2,1,1,"epsilon","0.05",0.231540073606704
"rapamycin","regression","svm_linear",2,1,2,"cost","0.1",0.297123217900741
"rapamycin","regression","svm_linear",2,1,2,"epsilon","0.05",0.297123217900741
"rapamycin","regression","svm_linear",2,1,3,"cost","1",0.392646605898952
"rapamycin","regression","svm_linear",2,1,3,"epsilon","0.05",0.392646605898952
"rapamycin","regression","svm_linear",2,1,4,"cost","10",0.392646605898952
"rapamycin","regression","svm_linear",2,1,4,"epsilon","0.05",0.392646605898952
"rapamycin","regression","svm_linear",2,1,5,"cost","0.01",0.231994935313393
"rapamycin","regression","svm_linear",2,1,5,"epsilon","0.1",0.231994935313393
"rapamycin","regression","svm_linear",2,1,6,"cost","0.1",0.293921316887355
"rapamycin","regression","svm_linear",2,1,6,"epsilon","0.1",0.293921316887355
"rapamycin","regression","svm_linear",2,1,7,"cost","1",0.375179629119579
"rapamycin","regression","svm_linear",2,1,7,"epsilon","0.1",0.375179629119579
"rapamycin","regression","svm_linear",2,1,8,"cost","10",0.375179629119579
"rapamycin","regression","svm_linear",2,1,8,"epsilon","0.1",0.375179629119579
"rapamycin","regression","svm_linear",2,1,9,"cost","0.01",0.231348761150618
"rapamycin","regression","svm_linear",2,1,9,"epsilon","0.2",0.231348761150618
"rapamycin","regression","svm_linear",2,1,10,"cost","0.1",0.289813354310546
"rapamycin","regression","svm_linear",2,1,10,"epsilon","0.2",0.289813354310546
"rapamycin","regression","svm_linear",2,1,11,"cost","1",0.343916712359896
"rapamycin","regression","svm_linear",2,1,11,"epsilon","0.2",0.343916712359896
"rapamycin","regression","svm_linear",2,1,12,"cost","10",0.343916712359896
"rapamycin","regression","svm_linear",2,1,12,"epsilon","0.2",0.343916712359896
"rapamycin","regression","rf",2,2,1,"mtry","10",0.209404627678781
"rapamycin","regression","rf",2,2,1,"min.node.size","3",0.209404627678781
"rapamycin","regression","rf",2,2,1,"sample.fraction","0.55",0.209404627678781
"rapamycin","regression","rf",2,2,1,"max.depth","0",0.209404627678781
"rapamycin","regression","rf",2,2,1,"num.trees","500",0.209404627678781
"rapamycin","regression","rf",2,2,2,"mtry","10",0.210718421050974
"rapamycin","regression","rf",2,2,2,"min.node.size","1",0.210718421050974
"rapamycin","regression","rf",2,2,2,"sample.fraction","0.632",0.210718421050974
"rapamycin","regression","rf",2,2,2,"max.depth","0",0.210718421050974
"rapamycin","regression","rf",2,2,2,"num.trees","500",0.210718421050974
"rapamycin","regression","rf",2,2,3,"mtry","20",0.211114816229149
"rapamycin","regression","rf",2,2,3,"min.node.size","3",0.211114816229149
"rapamycin","regression","rf",2,2,3,"sample.fraction","0.632",0.211114816229149
"rapamycin","regression","rf",2,2,3,"max.depth","0",0.211114816229149
"rapamycin","regression","rf",2,2,3,"num.trees","500",0.211114816229149
"rapamycin","regression","rf",2,2,4,"mtry","35",0.21353360406367
"rapamycin","regression","rf",2,2,4,"min.node.size","3",0.21353360406367
"rapamycin","regression","rf",2,2,4,"sample.fraction","0.75",0.21353360406367
"rapamycin","regression","rf",2,2,4,"max.depth","0",0.21353360406367
"rapamycin","regression","rf",2,2,4,"num.trees","500",0.21353360406367
"rapamycin","regression","rf",2,2,5,"mtry","50",0.211947552411399
"rapamycin","regression","rf",2,2,5,"min.node.size","1",0.211947552411399
"rapamycin","regression","rf",2,2,5,"sample.fraction","0.55",0.211947552411399
"rapamycin","regression","rf",2,2,5,"max.depth","20",0.211947552411399
"rapamycin","regression","rf",2,2,5,"num.trees","500",0.211947552411399
"rapamycin","regression","rf",2,2,6,"mtry","10",0.210089417028883
"rapamycin","regression","rf",2,2,6,"min.node.size","5",0.210089417028883
"rapamycin","regression","rf",2,2,6,"sample.fraction","0.55",0.210089417028883
"rapamycin","regression","rf",2,2,6,"max.depth","20",0.210089417028883
"rapamycin","regression","rf",2,2,6,"num.trees","500",0.210089417028883
"rapamycin","regression","rf",2,2,7,"mtry","14",0.212612536449296
"rapamycin","regression","rf",2,2,7,"min.node.size","3",0.212612536449296
"rapamycin","regression","rf",2,2,7,"sample.fraction","0.632",0.212612536449296
"rapamycin","regression","rf",2,2,7,"max.depth","20",0.212612536449296
"rapamycin","regression","rf",2,2,7,"num.trees","500",0.212612536449296
"rapamycin","regression","rf",2,2,8,"mtry","20",0.211114816229149
"rapamycin","regression","rf",2,2,8,"min.node.size","3",0.211114816229149
"rapamycin","regression","rf",2,2,8,"sample.fraction","0.632",0.211114816229149
"rapamycin","regression","rf",2,2,8,"max.depth","30",0.211114816229149
"rapamycin","regression","rf",2,2,8,"num.trees","500",0.211114816229149
"rapamycin","regression","rf",2,2,9,"mtry","5",0.211331875306037
"rapamycin","regression","rf",2,2,9,"min.node.size","3",0.211331875306037
"rapamycin","regression","rf",2,2,9,"sample.fraction","0.75",0.211331875306037
"rapamycin","regression","rf",2,2,9,"max.depth","30",0.211331875306037
"rapamycin","regression","rf",2,2,9,"num.trees","500",0.211331875306037
"rapamycin","regression","rf",2,2,10,"mtry","10",0.20932624543508
"rapamycin","regression","rf",2,2,10,"min.node.size","10",0.20932624543508
"rapamycin","regression","rf",2,2,10,"sample.fraction","0.75",0.20932624543508
"rapamycin","regression","rf",2,2,10,"max.depth","30",0.20932624543508
"rapamycin","regression","rf",2,2,10,"num.trees","500",0.20932624543508
"rapamycin","regression","rf",2,2,11,"mtry","35",0.213446987062974
"rapamycin","regression","rf",2,2,11,"min.node.size","1",0.213446987062974
"rapamycin","regression","rf",2,2,11,"sample.fraction","0.632",0.213446987062974
"rapamycin","regression","rf",2,2,11,"max.depth","40",0.213446987062974
"rapamycin","regression","rf",2,2,11,"num.trees","500",0.213446987062974
"rapamycin","regression","rf",2,2,12,"mtry","35",0.21353360406367
"rapamycin","regression","rf",2,2,12,"min.node.size","3",0.21353360406367
"rapamycin","regression","rf",2,2,12,"sample.fraction","0.75",0.21353360406367
"rapamycin","regression","rf",2,2,12,"max.depth","40",0.21353360406367
"rapamycin","regression","rf",2,2,12,"num.trees","500",0.21353360406367
"rapamycin","regression","ridge",2,2,1,"alpha","0",0.209729999074092
"rapamycin","regression","ridge",2,2,1,"lambda","0.9653868509",0.209729999074092
"rapamycin","regression","ridge",2,2,1,"measure","mse",0.209729999074092
"rapamycin","regression","lasso",2,2,1,"alpha","1",0.2113207041394
"rapamycin","regression","lasso",2,2,1,"lambda","0.03311729941",0.2113207041394
"rapamycin","regression","lasso",2,2,1,"measure","mse",0.2113207041394
"rapamycin","regression","enet",2,2,1,"alpha","0.1",0.209632383692066
"rapamycin","regression","enet",2,2,1,"lambda","0.1648255796",0.209632383692066
"rapamycin","regression","enet",2,2,1,"measure","mse",0.209632383692066
"rapamycin","regression","enet",2,2,2,"alpha","0.2",0.21018795487841
"rapamycin","regression","enet",2,2,2,"lambda","0.1312244671",0.21018795487841
"rapamycin","regression","enet",2,2,2,"measure","mse",0.21018795487841
"rapamycin","regression","enet",2,2,3,"alpha","0.3",0.210322930391992
"rapamycin","regression","enet",2,2,3,"lambda","0.09164854594",0.210322930391992
"rapamycin","regression","enet",2,2,3,"measure","mse",0.210322930391992
"rapamycin","regression","enet",2,2,4,"alpha","0.4",0.21071370350636
"rapamycin","regression","enet",2,2,4,"lambda","0.07200934533",0.21071370350636
"rapamycin","regression","enet",2,2,4,"measure","mse",0.21071370350636
"rapamycin","regression","enet",2,2,5,"alpha","0.5",0.211054059381525
"rapamycin","regression","enet",2,2,5,"lambda","0.06035049962",0.211054059381525
"rapamycin","regression","enet",2,2,5,"measure","mse",0.211054059381525
"rapamycin","regression","enet",2,2,6,"alpha","0.6",0.211202714388696
"rapamycin","regression","enet",2,2,6,"lambda","0.05268677841",0.211202714388696
"rapamycin","regression","enet",2,2,6,"measure","mse",0.211202714388696
"rapamycin","regression","enet",2,2,7,"alpha","0.7",0.21134167826175
"rapamycin","regression","enet",2,2,7,"lambda","0.04516009578",0.21134167826175
"rapamycin","regression","enet",2,2,7,"measure","mse",0.21134167826175
"rapamycin","regression","enet",2,2,8,"alpha","0.8",0.211350098343615
"rapamycin","regression","enet",2,2,8,"lambda","0.04139662427",0.211350098343615
"rapamycin","regression","enet",2,2,8,"measure","mse",0.211350098343615
"rapamycin","regression","enet",2,2,9,"alpha","0.9",0.21135864414763
"rapamycin","regression","enet",2,2,9,"lambda","0.03679699935",0.21135864414763
"rapamycin","regression","enet",2,2,9,"measure","mse",0.21135864414763
"rapamycin","regression","svm_linear",2,2,1,"cost","0.01",0.210991449716859
"rapamycin","regression","svm_linear",2,2,1,"epsilon","0.05",0.210991449716859
"rapamycin","regression","svm_linear",2,2,2,"cost","0.1",0.263513232703338
"rapamycin","regression","svm_linear",2,2,2,"epsilon","0.05",0.263513232703338
"rapamycin","regression","svm_linear",2,2,3,"cost","1",0.313918298039558
"rapamycin","regression","svm_linear",2,2,3,"epsilon","0.05",0.313918298039558
"rapamycin","regression","svm_linear",2,2,4,"cost","10",0.313918298039558
"rapamycin","regression","svm_linear",2,2,4,"epsilon","0.05",0.313918298039558
"rapamycin","regression","svm_linear",2,2,5,"cost","0.01",0.21168210579729
"rapamycin","regression","svm_linear",2,2,5,"epsilon","0.1",0.21168210579729
"rapamycin","regression","svm_linear",2,2,6,"cost","0.1",0.258612382780216
"rapamycin","regression","svm_linear",2,2,6,"epsilon","0.1",0.258612382780216
"rapamycin","regression","svm_linear",2,2,7,"cost","1",0.300727562256328
"rapamycin","regression","svm_linear",2,2,7,"epsilon","0.1",0.300727562256328
"rapamycin","regression","svm_linear",2,2,8,"cost","10",0.300727562256328
"rapamycin","regression","svm_linear",2,2,8,"epsilon","0.1",0.300727562256328
"rapamycin","regression","svm_linear",2,2,9,"cost","0.01",0.212278350759561
"rapamycin","regression","svm_linear",2,2,9,"epsilon","0.2",0.212278350759561
"rapamycin","regression","svm_linear",2,2,10,"cost","0.1",0.251179235363154
"rapamycin","regression","svm_linear",2,2,10,"epsilon","0.2",0.251179235363154
"rapamycin","regression","svm_linear",2,2,11,"cost","1",0.280446708779658
"rapamycin","regression","svm_linear",2,2,11,"epsilon","0.2",0.280446708779658
"rapamycin","regression","svm_linear",2,2,12,"cost","10",0.280446708779658
"rapamycin","regression","svm_linear",2,2,12,"epsilon","0.2",0.280446708779658
"rapamycin","regression","rf",2,3,1,"mtry","20",0.207491427552919
"rapamycin","regression","rf",2,3,1,"min.node.size","5",0.207491427552919
"rapamycin","regression","rf",2,3,1,"sample.fraction","0.632",0.207491427552919
"rapamycin","regression","rf",2,3,1,"max.depth","0",0.207491427552919
"rapamycin","regression","rf",2,3,1,"num.trees","500",0.207491427552919
"rapamycin","regression","rf",2,3,2,"mtry","14",0.206614083894736
"rapamycin","regression","rf",2,3,2,"min.node.size","10",0.206614083894736
"rapamycin","regression","rf",2,3,2,"sample.fraction","0.632",0.206614083894736
"rapamycin","regression","rf",2,3,2,"max.depth","0",0.206614083894736
"rapamycin","regression","rf",2,3,2,"num.trees","500",0.206614083894736
"rapamycin","regression","rf",2,3,3,"mtry","20",0.207492742717916
"rapamycin","regression","rf",2,3,3,"min.node.size","5",0.207492742717916
"rapamycin","regression","rf",2,3,3,"sample.fraction","0.632",0.207492742717916
"rapamycin","regression","rf",2,3,3,"max.depth","20",0.207492742717916
"rapamycin","regression","rf",2,3,3,"num.trees","500",0.207492742717916
"rapamycin","regression","rf",2,3,4,"mtry","50",0.210307059008692
"rapamycin","regression","rf",2,3,4,"min.node.size","1",0.210307059008692
"rapamycin","regression","rf",2,3,4,"sample.fraction","0.75",0.210307059008692
"rapamycin","regression","rf",2,3,4,"max.depth","20",0.210307059008692
"rapamycin","regression","rf",2,3,4,"num.trees","500",0.210307059008692
"rapamycin","regression","rf",2,3,5,"mtry","14",0.207886284445191
"rapamycin","regression","rf",2,3,5,"min.node.size","5",0.207886284445191
"rapamycin","regression","rf",2,3,5,"sample.fraction","0.75",0.207886284445191
"rapamycin","regression","rf",2,3,5,"max.depth","20",0.207886284445191
"rapamycin","regression","rf",2,3,5,"num.trees","500",0.207886284445191
"rapamycin","regression","rf",2,3,6,"mtry","50",0.210558433869213
"rapamycin","regression","rf",2,3,6,"min.node.size","5",0.210558433869213
"rapamycin","regression","rf",2,3,6,"sample.fraction","0.75",0.210558433869213
"rapamycin","regression","rf",2,3,6,"max.depth","20",0.210558433869213
"rapamycin","regression","rf",2,3,6,"num.trees","500",0.210558433869213
"rapamycin","regression","rf",2,3,7,"mtry","5",0.209050493643375
"rapamycin","regression","rf",2,3,7,"min.node.size","3",0.209050493643375
"rapamycin","regression","rf",2,3,7,"sample.fraction","0.75",0.209050493643375
"rapamycin","regression","rf",2,3,7,"max.depth","30",0.209050493643375
"rapamycin","regression","rf",2,3,7,"num.trees","500",0.209050493643375
"rapamycin","regression","rf",2,3,8,"mtry","14",0.207885261312089
"rapamycin","regression","rf",2,3,8,"min.node.size","5",0.207885261312089
"rapamycin","regression","rf",2,3,8,"sample.fraction","0.75",0.207885261312089
"rapamycin","regression","rf",2,3,8,"max.depth","30",0.207885261312089
"rapamycin","regression","rf",2,3,8,"num.trees","500",0.207885261312089
"rapamycin","regression","rf",2,3,9,"mtry","14",0.206389243680834
"rapamycin","regression","rf",2,3,9,"min.node.size","1",0.206389243680834
"rapamycin","regression","rf",2,3,9,"sample.fraction","0.55",0.206389243680834
"rapamycin","regression","rf",2,3,9,"max.depth","40",0.206389243680834
"rapamycin","regression","rf",2,3,9,"num.trees","500",0.206389243680834
"rapamycin","regression","rf",2,3,10,"mtry","10",0.209179194053019
"rapamycin","regression","rf",2,3,10,"min.node.size","5",0.209179194053019
"rapamycin","regression","rf",2,3,10,"sample.fraction","0.55",0.209179194053019
"rapamycin","regression","rf",2,3,10,"max.depth","40",0.209179194053019
"rapamycin","regression","rf",2,3,10,"num.trees","500",0.209179194053019
"rapamycin","regression","rf",2,3,11,"mtry","10",0.207994378391994
"rapamycin","regression","rf",2,3,11,"min.node.size","3",0.207994378391994
"rapamycin","regression","rf",2,3,11,"sample.fraction","0.632",0.207994378391994
"rapamycin","regression","rf",2,3,11,"max.depth","40",0.207994378391994
"rapamycin","regression","rf",2,3,11,"num.trees","500",0.207994378391994
"rapamycin","regression","rf",2,3,12,"mtry","5",0.209124534801015
"rapamycin","regression","rf",2,3,12,"min.node.size","5",0.209124534801015
"rapamycin","regression","rf",2,3,12,"sample.fraction","0.75",0.209124534801015
"rapamycin","regression","rf",2,3,12,"max.depth","40",0.209124534801015
"rapamycin","regression","rf",2,3,12,"num.trees","500",0.209124534801015
"rapamycin","regression","ridge",2,3,1,"alpha","0",0.209448897341654
"rapamycin","regression","ridge",2,3,1,"lambda","1.119331516",0.209448897341654
"rapamycin","regression","ridge",2,3,1,"measure","mse",0.209448897341654
"rapamycin","regression","lasso",2,3,1,"alpha","1",0.205197976471933
"rapamycin","regression","lasso",2,3,1,"lambda","0.02197293268",0.205197976471933
"rapamycin","regression","lasso",2,3,1,"measure","mse",0.205197976471933
"rapamycin","regression","enet",2,3,1,"alpha","0.1",0.207292164193396
"rapamycin","regression","enet",2,3,1,"lambda","0.1317242707",0.207292164193396
"rapamycin","regression","enet",2,3,1,"measure","mse",0.207292164193396
"rapamycin","regression","enet",2,3,2,"alpha","0.2",0.206729990352223
"rapamycin","regression","enet",2,3,2,"lambda","0.08706586686",0.206729990352223
"rapamycin","regression","enet",2,3,2,"measure","mse",0.206729990352223
"rapamycin","regression","enet",2,3,3,"alpha","0.3",0.206345039256265
"rapamycin","regression","enet",2,3,3,"lambda","0.06370312093",0.206345039256265
"rapamycin","regression","enet",2,3,3,"measure","mse",0.206345039256265
"rapamycin","regression","enet",2,3,4,"alpha","0.4",0.20610338538678
"rapamycin","regression","enet",2,3,4,"lambda","0.05243557243",0.20610338538678
"rapamycin","regression","enet",2,3,4,"measure","mse",0.20610338538678
"rapamycin","regression","enet",2,3,5,"alpha","0.5",0.205913718444679
"rapamycin","regression","enet",2,3,5,"lambda","0.04194845795",0.205913718444679
"rapamycin","regression","enet",2,3,5,"measure","mse",0.205913718444679
"rapamycin","regression","enet",2,3,6,"alpha","0.6",0.205761361614958
"rapamycin","regression","enet",2,3,6,"lambda","0.03495704829",0.205761361614958
"rapamycin","regression","enet",2,3,6,"measure","mse",0.205761361614958
"rapamycin","regression","enet",2,3,7,"alpha","0.7",0.205615838509138
"rapamycin","regression","enet",2,3,7,"lambda","0.03138990382",0.205615838509138
"rapamycin","regression","enet",2,3,7,"measure","mse",0.205615838509138
"rapamycin","regression","enet",2,3,8,"alpha","0.8",0.205452832534819
"rapamycin","regression","enet",2,3,8,"lambda","0.02746616584",0.205452832534819
"rapamycin","regression","enet",2,3,8,"measure","mse",0.205452832534819
"rapamycin","regression","enet",2,3,9,"alpha","0.9",0.205318873529829
"rapamycin","regression","enet",2,3,9,"lambda","0.02441436964",0.205318873529829
"rapamycin","regression","enet",2,3,9,"measure","mse",0.205318873529829
"rapamycin","regression","svm_linear",2,3,1,"cost","0.01",0.221905281496943
"rapamycin","regression","svm_linear",2,3,1,"epsilon","0.05",0.221905281496943
"rapamycin","regression","svm_linear",2,3,2,"cost","0.1",0.291728312609553
"rapamycin","regression","svm_linear",2,3,2,"epsilon","0.05",0.291728312609553
"rapamycin","regression","svm_linear",2,3,3,"cost","1",0.382538064968224
"rapamycin","regression","svm_linear",2,3,3,"epsilon","0.05",0.382538064968224
"rapamycin","regression","svm_linear",2,3,4,"cost","10",0.382538064968224
"rapamycin","regression","svm_linear",2,3,4,"epsilon","0.05",0.382538064968224
"rapamycin","regression","svm_linear",2,3,5,"cost","0.01",0.221593266826752
"rapamycin","regression","svm_linear",2,3,5,"epsilon","0.1",0.221593266826752
"rapamycin","regression","svm_linear",2,3,6,"cost","0.1",0.289374966869443
"rapamycin","regression","svm_linear",2,3,6,"epsilon","0.1",0.289374966869443
"rapamycin","regression","svm_linear",2,3,7,"cost","1",0.365164920526771
"rapamycin","regression","svm_linear",2,3,7,"epsilon","0.1",0.365164920526771
"rapamycin","regression","svm_linear",2,3,8,"cost","10",0.365164920526771
"rapamycin","regression","svm_linear",2,3,8,"epsilon","0.1",0.365164920526771
"rapamycin","regression","svm_linear",2,3,9,"cost","0.01",0.220100935875009
"rapamycin","regression","svm_linear",2,3,9,"epsilon","0.2",0.220100935875009
"rapamycin","regression","svm_linear",2,3,10,"cost","0.1",0.281671202803222
"rapamycin","regression","svm_linear",2,3,10,"epsilon","0.2",0.281671202803222
"rapamycin","regression","svm_linear",2,3,11,"cost","1",0.335706719239414
"rapamycin","regression","svm_linear",2,3,11,"epsilon","0.2",0.335706719239414
"rapamycin","regression","svm_linear",2,3,12,"cost","10",0.335706719239414
"rapamycin","regression","svm_linear",2,3,12,"epsilon","0.2",0.335706719239414
"rapamycin","regression","rf",2,4,1,"mtry","20",0.200859466145639
"rapamycin","regression","rf",2,4,1,"min.node.size","5",0.200859466145639
"rapamycin","regression","rf",2,4,1,"sample.fraction","0.55",0.200859466145639
"rapamycin","regression","rf",2,4,1,"max.depth","0",0.200859466145639
"rapamycin","regression","rf",2,4,1,"num.trees","500",0.200859466145639
"rapamycin","regression","rf",2,4,2,"mtry","35",0.199580702270974
"rapamycin","regression","rf",2,4,2,"min.node.size","5",0.199580702270974
"rapamycin","regression","rf",2,4,2,"sample.fraction","0.55",0.199580702270974
"rapamycin","regression","rf",2,4,2,"max.depth","0",0.199580702270974
"rapamycin","regression","rf",2,4,2,"num.trees","500",0.199580702270974
"rapamycin","regression","rf",2,4,3,"mtry","35",0.197961263148415
"rapamycin","regression","rf",2,4,3,"min.node.size","10",0.197961263148415
"rapamycin","regression","rf",2,4,3,"sample.fraction","0.632",0.197961263148415
"rapamycin","regression","rf",2,4,3,"max.depth","0",0.197961263148415
"rapamycin","regression","rf",2,4,3,"num.trees","500",0.197961263148415
"rapamycin","regression","rf",2,4,4,"mtry","5",0.201502510218203
"rapamycin","regression","rf",2,4,4,"min.node.size","3",0.201502510218203
"rapamycin","regression","rf",2,4,4,"sample.fraction","0.75",0.201502510218203
"rapamycin","regression","rf",2,4,4,"max.depth","0",0.201502510218203
"rapamycin","regression","rf",2,4,4,"num.trees","500",0.201502510218203
"rapamycin","regression","rf",2,4,5,"mtry","14",0.199315800310291
"rapamycin","regression","rf",2,4,5,"min.node.size","5",0.199315800310291
"rapamycin","regression","rf",2,4,5,"sample.fraction","0.75",0.199315800310291
"rapamycin","regression","rf",2,4,5,"max.depth","0",0.199315800310291
"rapamycin","regression","rf",2,4,5,"num.trees","500",0.199315800310291
"rapamycin","regression","rf",2,4,6,"mtry","20",0.199970906902869
"rapamycin","regression","rf",2,4,6,"min.node.size","10",0.199970906902869
"rapamycin","regression","rf",2,4,6,"sample.fraction","0.55",0.199970906902869
"rapamycin","regression","rf",2,4,6,"max.depth","20",0.199970906902869
"rapamycin","regression","rf",2,4,6,"num.trees","500",0.199970906902869
"rapamycin","regression","rf",2,4,7,"mtry","10",0.20229726349269
"rapamycin","regression","rf",2,4,7,"min.node.size","10",0.20229726349269
"rapamycin","regression","rf",2,4,7,"sample.fraction","0.632",0.20229726349269
"rapamycin","regression","rf",2,4,7,"max.depth","20",0.20229726349269
"rapamycin","regression","rf",2,4,7,"num.trees","500",0.20229726349269
"rapamycin","regression","rf",2,4,8,"mtry","20",0.200602721059846
"rapamycin","regression","rf",2,4,8,"min.node.size","1",0.200602721059846
"rapamycin","regression","rf",2,4,8,"sample.fraction","0.55",0.200602721059846
"rapamycin","regression","rf",2,4,8,"max.depth","30",0.200602721059846
"rapamycin","regression","rf",2,4,8,"num.trees","500",0.200602721059846
"rapamycin","regression","rf",2,4,9,"mtry","35",0.199661605935691
"rapamycin","regression","rf",2,4,9,"min.node.size","10",0.199661605935691
"rapamycin","regression","rf",2,4,9,"sample.fraction","0.55",0.199661605935691
"rapamycin","regression","rf",2,4,9,"max.depth","30",0.199661605935691
"rapamycin","regression","rf",2,4,9,"num.trees","500",0.199661605935691
"rapamycin","regression","rf",2,4,10,"mtry","50",0.199581138521619
"rapamycin","regression","rf",2,4,10,"min.node.size","1",0.199581138521619
"rapamycin","regression","rf",2,4,10,"sample.fraction","0.632",0.199581138521619
"rapamycin","regression","rf",2,4,10,"max.depth","30",0.199581138521619
"rapamycin","regression","rf",2,4,10,"num.trees","500",0.199581138521619
"rapamycin","regression","rf",2,4,11,"mtry","50",0.195326468024874
"rapamycin","regression","rf",2,4,11,"min.node.size","1",0.195326468024874
"rapamycin","regression","rf",2,4,11,"sample.fraction","0.75",0.195326468024874
"rapamycin","regression","rf",2,4,11,"max.depth","30",0.195326468024874
"rapamycin","regression","rf",2,4,11,"num.trees","500",0.195326468024874
"rapamycin","regression","rf",2,4,12,"mtry","35",0.198796460359089
"rapamycin","regression","rf",2,4,12,"min.node.size","1",0.198796460359089
"rapamycin","regression","rf",2,4,12,"sample.fraction","0.632",0.198796460359089
"rapamycin","regression","rf",2,4,12,"max.depth","40",0.198796460359089
"rapamycin","regression","rf",2,4,12,"num.trees","500",0.198796460359089
"rapamycin","regression","ridge",2,4,1,"alpha","0",0.202272585548208
"rapamycin","regression","ridge",2,4,1,"lambda","0.8645462457",0.202272585548208
"rapamycin","regression","ridge",2,4,1,"measure","mse",0.202272585548208
"rapamycin","regression","lasso",2,4,1,"alpha","1",0.20082719672693
"rapamycin","regression","lasso",2,4,1,"lambda","0.03572315808",0.20082719672693
"rapamycin","regression","lasso",2,4,1,"measure","mse",0.20082719672693
"rapamycin","regression","enet",2,4,1,"alpha","0.1",0.203789851726742
"rapamycin","regression","enet",2,4,1,"lambda","0.1225471966",0.203789851726742
"rapamycin","regression","enet",2,4,1,"measure","mse",0.203789851726742
"rapamycin","regression","enet",2,4,2,"alpha","0.2",0.203317111843607
"rapamycin","regression","enet",2,4,2,"lambda","0.1415499593",0.203317111843607
"rapamycin","regression","enet",2,4,2,"measure","mse",0.203317111843607
"rapamycin","regression","enet",2,4,3,"alpha","0.3",0.202347730503668
"rapamycin","regression","enet",2,4,3,"lambda","0.09885997808",0.202347730503668
"rapamycin","regression","enet",2,4,3,"measure","mse",0.202347730503668
"rapamycin","regression","enet",2,4,4,"alpha","0.4",0.201735766213526
"rapamycin","regression","enet",2,4,4,"lambda","0.07767545277",0.201735766213526
"rapamycin","regression","enet",2,4,4,"measure","mse",0.201735766213526
"rapamycin","regression","enet",2,4,5,"alpha","0.5",0.20135132291632
"rapamycin","regression","enet",2,4,5,"lambda","0.06214036221",0.20135132291632
"rapamycin","regression","enet",2,4,5,"measure","mse",0.20135132291632
"rapamycin","regression","enet",2,4,6,"alpha","0.6",0.201164976330468
"rapamycin","regression","enet",2,4,6,"lambda","0.05178363518",0.201164976330468
"rapamycin","regression","enet",2,4,6,"measure","mse",0.201164976330468
"rapamycin","regression","enet",2,4,7,"alpha","0.7",0.201078323822965
"rapamycin","regression","enet",2,4,7,"lambda","0.04649944453",0.201078323822965
"rapamycin","regression","enet",2,4,7,"measure","mse",0.201078323822965
"rapamycin","regression","enet",2,4,8,"alpha","0.8",0.200996906259727
"rapamycin","regression","enet",2,4,8,"lambda","0.04262435676",0.200996906259727
"rapamycin","regression","enet",2,4,8,"measure","mse",0.200996906259727
"rapamycin","regression","enet",2,4,9,"alpha","0.9",0.200907631250848
"rapamycin","regression","enet",2,4,9,"lambda","0.03788831712",0.200907631250848
"rapamycin","regression","enet",2,4,9,"measure","mse",0.200907631250848
"rapamycin","regression","svm_linear",2,4,1,"cost","0.01",0.203483628499263
"rapamycin","regression","svm_linear",2,4,1,"epsilon","0.05",0.203483628499263
"rapamycin","regression","svm_linear",2,4,2,"cost","0.1",0.271620268587724
"rapamycin","regression","svm_linear",2,4,2,"epsilon","0.05",0.271620268587724
"rapamycin","regression","svm_linear",2,4,3,"cost","1",0.333097149683189
"rapamycin","regression","svm_linear",2,4,3,"epsilon","0.05",0.333097149683189
"rapamycin","regression","svm_linear",2,4,4,"cost","10",0.333097149683189
"rapamycin","regression","svm_linear",2,4,4,"epsilon","0.05",0.333097149683189
"rapamycin","regression","svm_linear",2,4,5,"cost","0.01",0.203436729957964
"rapamycin","regression","svm_linear",2,4,5,"epsilon","0.1",0.203436729957964
"rapamycin","regression","svm_linear",2,4,6,"cost","0.1",0.266791687190098
"rapamycin","regression","svm_linear",2,4,6,"epsilon","0.1",0.266791687190098
"rapamycin","regression","svm_linear",2,4,7,"cost","1",0.314374666525885
"rapamycin","regression","svm_linear",2,4,7,"epsilon","0.1",0.314374666525885
"rapamycin","regression","svm_linear",2,4,8,"cost","10",0.314374666525885
"rapamycin","regression","svm_linear",2,4,8,"epsilon","0.1",0.314374666525885
"rapamycin","regression","svm_linear",2,4,9,"cost","0.01",0.203760351056972
"rapamycin","regression","svm_linear",2,4,9,"epsilon","0.2",0.203760351056972
"rapamycin","regression","svm_linear",2,4,10,"cost","0.1",0.259577656262953
"rapamycin","regression","svm_linear",2,4,10,"epsilon","0.2",0.259577656262953
"rapamycin","regression","svm_linear",2,4,11,"cost","1",0.289220822227833
"rapamycin","regression","svm_linear",2,4,11,"epsilon","0.2",0.289220822227833
"rapamycin","regression","svm_linear",2,4,12,"cost","10",0.289220822227833
"rapamycin","regression","svm_linear",2,4,12,"epsilon","0.2",0.289220822227833
"rapamycin","regression","rf",2,5,1,"mtry","10",0.21451837000645
"rapamycin","regression","rf",2,5,1,"min.node.size","5",0.21451837000645
"rapamycin","regression","rf",2,5,1,"sample.fraction","0.55",0.21451837000645
"rapamycin","regression","rf",2,5,1,"max.depth","0",0.21451837000645
"rapamycin","regression","rf",2,5,1,"num.trees","500",0.21451837000645
"rapamycin","regression","rf",2,5,2,"mtry","14",0.212570962527131
"rapamycin","regression","rf",2,5,2,"min.node.size","5",0.212570962527131
"rapamycin","regression","rf",2,5,2,"sample.fraction","0.632",0.212570962527131
"rapamycin","regression","rf",2,5,2,"max.depth","0",0.212570962527131
"rapamycin","regression","rf",2,5,2,"num.trees","500",0.212570962527131
"rapamycin","regression","rf",2,5,3,"mtry","10",0.217217431158221
"rapamycin","regression","rf",2,5,3,"min.node.size","1",0.217217431158221
"rapamycin","regression","rf",2,5,3,"sample.fraction","0.75",0.217217431158221
"rapamycin","regression","rf",2,5,3,"max.depth","0",0.217217431158221
"rapamycin","regression","rf",2,5,3,"num.trees","500",0.217217431158221
"rapamycin","regression","rf",2,5,4,"mtry","5",0.216060491236994
"rapamycin","regression","rf",2,5,4,"min.node.size","5",0.216060491236994
"rapamycin","regression","rf",2,5,4,"sample.fraction","0.55",0.216060491236994
"rapamycin","regression","rf",2,5,4,"max.depth","20",0.216060491236994
"rapamycin","regression","rf",2,5,4,"num.trees","500",0.216060491236994
"rapamycin","regression","rf",2,5,5,"mtry","35",0.213720577623836
"rapamycin","regression","rf",2,5,5,"min.node.size","5",0.213720577623836
"rapamycin","regression","rf",2,5,5,"sample.fraction","0.632",0.213720577623836
"rapamycin","regression","rf",2,5,5,"max.depth","20",0.213720577623836
"rapamycin","regression","rf",2,5,5,"num.trees","500",0.213720577623836
"rapamycin","regression","rf",2,5,6,"mtry","14",0.214013955938547
"rapamycin","regression","rf",2,5,6,"min.node.size","5",0.214013955938547
"rapamycin","regression","rf",2,5,6,"sample.fraction","0.75",0.214013955938547
"rapamycin","regression","rf",2,5,6,"max.depth","20",0.214013955938547
"rapamycin","regression","rf",2,5,6,"num.trees","500",0.214013955938547
"rapamycin","regression","rf",2,5,7,"mtry","50",0.215746510702336
"rapamycin","regression","rf",2,5,7,"min.node.size","1",0.215746510702336
"rapamycin","regression","rf",2,5,7,"sample.fraction","0.632",0.215746510702336
"rapamycin","regression","rf",2,5,7,"max.depth","30",0.215746510702336
"rapamycin","regression","rf",2,5,7,"num.trees","500",0.215746510702336
"rapamycin","regression","rf",2,5,8,"mtry","5",0.216698281599485
"rapamycin","regression","rf",2,5,8,"min.node.size","1",0.216698281599485
"rapamycin","regression","rf",2,5,8,"sample.fraction","0.75",0.216698281599485
"rapamycin","regression","rf",2,5,8,"max.depth","30",0.216698281599485
"rapamycin","regression","rf",2,5,8,"num.trees","500",0.216698281599485
"rapamycin","regression","rf",2,5,9,"mtry","14",0.215194976137063
"rapamycin","regression","rf",2,5,9,"min.node.size","1",0.215194976137063
"rapamycin","regression","rf",2,5,9,"sample.fraction","0.75",0.215194976137063
"rapamycin","regression","rf",2,5,9,"max.depth","30",0.215194976137063
"rapamycin","regression","rf",2,5,9,"num.trees","500",0.215194976137063
"rapamycin","regression","rf",2,5,10,"mtry","20",0.212629742422561
"rapamycin","regression","rf",2,5,10,"min.node.size","3",0.212629742422561
"rapamycin","regression","rf",2,5,10,"sample.fraction","0.55",0.212629742422561
"rapamycin","regression","rf",2,5,10,"max.depth","40",0.212629742422561
"rapamycin","regression","rf",2,5,10,"num.trees","500",0.212629742422561
"rapamycin","regression","rf",2,5,11,"mtry","35",0.213259106612368
"rapamycin","regression","rf",2,5,11,"min.node.size","3",0.213259106612368
"rapamycin","regression","rf",2,5,11,"sample.fraction","0.632",0.213259106612368
"rapamycin","regression","rf",2,5,11,"max.depth","40",0.213259106612368
"rapamycin","regression","rf",2,5,11,"num.trees","500",0.213259106612368
"rapamycin","regression","rf",2,5,12,"mtry","20",0.213877841857324
"rapamycin","regression","rf",2,5,12,"min.node.size","5",0.213877841857324
"rapamycin","regression","rf",2,5,12,"sample.fraction","0.75",0.213877841857324
"rapamycin","regression","rf",2,5,12,"max.depth","40",0.213877841857324
"rapamycin","regression","rf",2,5,12,"num.trees","500",0.213877841857324
"rapamycin","regression","ridge",2,5,1,"alpha","0",0.21490111921555
"rapamycin","regression","ridge",2,5,1,"lambda","1.541561768",0.21490111921555
"rapamycin","regression","ridge",2,5,1,"measure","mse",0.21490111921555
"rapamycin","regression","lasso",2,5,1,"alpha","1",0.213015692888905
"rapamycin","regression","lasso",2,5,1,"lambda","0.03479335309",0.213015692888905
"rapamycin","regression","lasso",2,5,1,"measure","mse",0.213015692888905
"rapamycin","regression","enet",2,5,1,"alpha","0.1",0.213942709435994
"rapamycin","regression","enet",2,5,1,"lambda","0.1900509399",0.213942709435994
"rapamycin","regression","enet",2,5,1,"measure","mse",0.213942709435994
"rapamycin","regression","enet",2,5,2,"alpha","0.2",0.213990782835151
"rapamycin","regression","enet",2,5,2,"lambda","0.104290336",0.213990782835151
"rapamycin","regression","enet",2,5,2,"measure","mse",0.213990782835151
"rapamycin","regression","enet",2,5,3,"alpha","0.3",0.213911095995433
"rapamycin","regression","enet",2,5,3,"lambda","0.07630567664",0.213911095995433
"rapamycin","regression","enet",2,5,3,"measure","mse",0.213911095995433
"rapamycin","regression","enet",2,5,4,"alpha","0.4",0.213918667045453
"rapamycin","regression","enet",2,5,4,"lambda","0.06893284324",0.213918667045453
"rapamycin","regression","enet",2,5,4,"measure","mse",0.213918667045453
"rapamycin","regression","enet",2,5,5,"alpha","0.5",0.21373467160302
"rapamycin","regression","enet",2,5,5,"lambda","0.05777210597",0.21373467160302
"rapamycin","regression","enet",2,5,5,"measure","mse",0.21373467160302
"rapamycin","regression","enet",2,5,6,"alpha","0.6",0.21356474574891
"rapamycin","regression","enet",2,5,6,"lambda","0.05283734582",0.21356474574891
"rapamycin","regression","enet",2,5,6,"measure","mse",0.21356474574891
"rapamycin","regression","enet",2,5,7,"alpha","0.7",0.213405486529483
"rapamycin","regression","enet",2,5,7,"lambda","0.04528915356",0.213405486529483
"rapamycin","regression","enet",2,5,7,"measure","mse",0.213405486529483
"rapamycin","regression","enet",2,5,8,"alpha","0.8",0.213271554124932
"rapamycin","regression","enet",2,5,8,"lambda","0.03962800936",0.213271554124932
"rapamycin","regression","enet",2,5,8,"measure","mse",0.213271554124932
"rapamycin","regression","enet",2,5,9,"alpha","0.9",0.213157809716957
"rapamycin","regression","enet",2,5,9,"lambda","0.03690215721",0.213157809716957
"rapamycin","regression","enet",2,5,9,"measure","mse",0.213157809716957
"rapamycin","regression","svm_linear",2,5,1,"cost","0.01",0.218376797222976
"rapamycin","regression","svm_linear",2,5,1,"epsilon","0.05",0.218376797222976
"rapamycin","regression","svm_linear",2,5,2,"cost","0.1",0.303029786827899
"rapamycin","regression","svm_linear",2,5,2,"epsilon","0.05",0.303029786827899
"rapamycin","regression","svm_linear",2,5,3,"cost","1",0.380280356354405
"rapamycin","regression","svm_linear",2,5,3,"epsilon","0.05",0.380280356354405
"rapamycin","regression","svm_linear",2,5,4,"cost","10",0.380280356354405
"rapamycin","regression","svm_linear",2,5,4,"epsilon","0.05",0.380280356354405
"rapamycin","regression","svm_linear",2,5,5,"cost","0.01",0.217371176936385
"rapamycin","regression","svm_linear",2,5,5,"epsilon","0.1",0.217371176936385
"rapamycin","regression","svm_linear",2,5,6,"cost","0.1",0.297430728938759
"rapamycin","regression","svm_linear",2,5,6,"epsilon","0.1",0.297430728938759
"rapamycin","regression","svm_linear",2,5,7,"cost","1",0.363980322417653
"rapamycin","regression","svm_linear",2,5,7,"epsilon","0.1",0.363980322417653
"rapamycin","regression","svm_linear",2,5,8,"cost","10",0.363980322417653
"rapamycin","regression","svm_linear",2,5,8,"epsilon","0.1",0.363980322417653
"rapamycin","regression","svm_linear",2,5,9,"cost","0.01",0.217653896389732
"rapamycin","regression","svm_linear",2,5,9,"epsilon","0.2",0.217653896389732
"rapamycin","regression","svm_linear",2,5,10,"cost","0.1",0.288087692330427
"rapamycin","regression","svm_linear",2,5,10,"epsilon","0.2",0.288087692330427
"rapamycin","regression","svm_linear",2,5,11,"cost","1",0.337342032328133
"rapamycin","regression","svm_linear",2,5,11,"epsilon","0.2",0.337342032328133
"rapamycin","regression","svm_linear",2,5,12,"cost","10",0.337342032328133
"rapamycin","regression","svm_linear",2,5,12,"epsilon","0.2",0.337342032328133
"rapamycin","regression","rf",3,1,1,"mtry","20",0.213002399140238
"rapamycin","regression","rf",3,1,1,"min.node.size","1",0.213002399140238
"rapamycin","regression","rf",3,1,1,"sample.fraction","0.75",0.213002399140238
"rapamycin","regression","rf",3,1,1,"max.depth","0",0.213002399140238
"rapamycin","regression","rf",3,1,1,"num.trees","500",0.213002399140238
"rapamycin","regression","rf",3,1,2,"mtry","35",0.215070513851007
"rapamycin","regression","rf",3,1,2,"min.node.size","5",0.215070513851007
"rapamycin","regression","rf",3,1,2,"sample.fraction","0.75",0.215070513851007
"rapamycin","regression","rf",3,1,2,"max.depth","0",0.215070513851007
"rapamycin","regression","rf",3,1,2,"num.trees","500",0.215070513851007
"rapamycin","regression","rf",3,1,3,"mtry","10",0.212354016432386
"rapamycin","regression","rf",3,1,3,"min.node.size","1",0.212354016432386
"rapamycin","regression","rf",3,1,3,"sample.fraction","0.55",0.212354016432386
"rapamycin","regression","rf",3,1,3,"max.depth","20",0.212354016432386
"rapamycin","regression","rf",3,1,3,"num.trees","500",0.212354016432386
"rapamycin","regression","rf",3,1,4,"mtry","20",0.210745604080972
"rapamycin","regression","rf",3,1,4,"min.node.size","10",0.210745604080972
"rapamycin","regression","rf",3,1,4,"sample.fraction","0.632",0.210745604080972
"rapamycin","regression","rf",3,1,4,"max.depth","20",0.210745604080972
"rapamycin","regression","rf",3,1,4,"num.trees","500",0.210745604080972
"rapamycin","regression","rf",3,1,5,"mtry","50",0.214125222259997
"rapamycin","regression","rf",3,1,5,"min.node.size","1",0.214125222259997
"rapamycin","regression","rf",3,1,5,"sample.fraction","0.55",0.214125222259997
"rapamycin","regression","rf",3,1,5,"max.depth","30",0.214125222259997
"rapamycin","regression","rf",3,1,5,"num.trees","500",0.214125222259997
"rapamycin","regression","rf",3,1,6,"mtry","20",0.209931740995177
"rapamycin","regression","rf",3,1,6,"min.node.size","10",0.209931740995177
"rapamycin","regression","rf",3,1,6,"sample.fraction","0.55",0.209931740995177
"rapamycin","regression","rf",3,1,6,"max.depth","30",0.209931740995177
"rapamycin","regression","rf",3,1,6,"num.trees","500",0.209931740995177
"rapamycin","regression","rf",3,1,7,"mtry","10",0.210589207199298
"rapamycin","regression","rf",3,1,7,"min.node.size","1",0.210589207199298
"rapamycin","regression","rf",3,1,7,"sample.fraction","0.632",0.210589207199298
"rapamycin","regression","rf",3,1,7,"max.depth","30",0.210589207199298
"rapamycin","regression","rf",3,1,7,"num.trees","500",0.210589207199298
"rapamycin","regression","rf",3,1,8,"mtry","14",0.211053726653027
"rapamycin","regression","rf",3,1,8,"min.node.size","5",0.211053726653027
"rapamycin","regression","rf",3,1,8,"sample.fraction","0.632",0.211053726653027
"rapamycin","regression","rf",3,1,8,"max.depth","30",0.211053726653027
"rapamycin","regression","rf",3,1,8,"num.trees","500",0.211053726653027
"rapamycin","regression","rf",3,1,9,"mtry","35",0.215609806842285
"rapamycin","regression","rf",3,1,9,"min.node.size","1",0.215609806842285
"rapamycin","regression","rf",3,1,9,"sample.fraction","0.75",0.215609806842285
"rapamycin","regression","rf",3,1,9,"max.depth","30",0.215609806842285
"rapamycin","regression","rf",3,1,9,"num.trees","500",0.215609806842285
"rapamycin","regression","rf",3,1,10,"mtry","10",0.212353174531954
"rapamycin","regression","rf",3,1,10,"min.node.size","1",0.212353174531954
"rapamycin","regression","rf",3,1,10,"sample.fraction","0.55",0.212353174531954
"rapamycin","regression","rf",3,1,10,"max.depth","40",0.212353174531954
"rapamycin","regression","rf",3,1,10,"num.trees","500",0.212353174531954
"rapamycin","regression","rf",3,1,11,"mtry","10",0.210605510925048
"rapamycin","regression","rf",3,1,11,"min.node.size","5",0.210605510925048
"rapamycin","regression","rf",3,1,11,"sample.fraction","0.632",0.210605510925048
"rapamycin","regression","rf",3,1,11,"max.depth","40",0.210605510925048
"rapamycin","regression","rf",3,1,11,"num.trees","500",0.210605510925048
"rapamycin","regression","rf",3,1,12,"mtry","14",0.211053726653027
"rapamycin","regression","rf",3,1,12,"min.node.size","5",0.211053726653027
"rapamycin","regression","rf",3,1,12,"sample.fraction","0.632",0.211053726653027
"rapamycin","regression","rf",3,1,12,"max.depth","40",0.211053726653027
"rapamycin","regression","rf",3,1,12,"num.trees","500",0.211053726653027
"rapamycin","regression","ridge",3,1,1,"alpha","0",0.213800364135995
"rapamycin","regression","ridge",3,1,1,"lambda","3.104282772",0.213800364135995
"rapamycin","regression","ridge",3,1,1,"measure","mse",0.213800364135995
"rapamycin","regression","lasso",3,1,1,"alpha","1",0.216592088851966
"rapamycin","regression","lasso",3,1,1,"lambda","0.04400240623",0.216592088851966
"rapamycin","regression","lasso",3,1,1,"measure","mse",0.216592088851966
"rapamycin","regression","enet",3,1,1,"alpha","0.1",0.215361182631492
"rapamycin","regression","enet",3,1,1,"lambda","0.2895064502",0.215361182631492
"rapamycin","regression","enet",3,1,1,"measure","mse",0.215361182631492
"rapamycin","regression","enet",3,1,2,"alpha","0.2",0.215953428436556
"rapamycin","regression","enet",3,1,2,"lambda","0.2004667687",0.215953428436556
"rapamycin","regression","enet",3,1,2,"measure","mse",0.215953428436556
"rapamycin","regression","enet",3,1,3,"alpha","0.3",0.216187062393368
"rapamycin","regression","enet",3,1,3,"lambda","0.1336445125",0.216187062393368
"rapamycin","regression","enet",3,1,3,"measure","mse",0.216187062393368
"rapamycin","regression","enet",3,1,4,"alpha","0.4",0.216325239769969
"rapamycin","regression","enet",3,1,4,"lambda","0.1050060724",0.216325239769969
"rapamycin","regression","enet",3,1,4,"measure","mse",0.216325239769969
"rapamycin","regression","enet",3,1,5,"alpha","0.5",0.216408172590271
"rapamycin","regression","enet",3,1,5,"lambda","0.08400485791",0.216408172590271
"rapamycin","regression","enet",3,1,5,"measure","mse",0.216408172590271
"rapamycin","regression","enet",3,1,6,"alpha","0.6",0.21646801162008
"rapamycin","regression","enet",3,1,6,"lambda","0.07333734372",0.21646801162008
"rapamycin","regression","enet",3,1,6,"measure","mse",0.21646801162008
"rapamycin","regression","enet",3,1,7,"alpha","0.7",0.216505240762022
"rapamycin","regression","enet",3,1,7,"lambda","0.06286058033",0.216505240762022
"rapamycin","regression","enet",3,1,7,"measure","mse",0.216505240762022
"rapamycin","regression","enet",3,1,8,"alpha","0.8",0.216536366916216
"rapamycin","regression","enet",3,1,8,"lambda","0.05500300779",0.216536366916216
"rapamycin","regression","enet",3,1,8,"measure","mse",0.216536366916216
"rapamycin","regression","enet",3,1,9,"alpha","0.9",0.216566753689503
"rapamycin","regression","enet",3,1,9,"lambda","0.04889156248",0.216566753689503
"rapamycin","regression","enet",3,1,9,"measure","mse",0.216566753689503
"rapamycin","regression","svm_linear",3,1,1,"cost","0.01",0.216339439183579
"rapamycin","regression","svm_linear",3,1,1,"epsilon","0.05",0.216339439183579
"rapamycin","regression","svm_linear",3,1,2,"cost","0.1",0.292047444053101
"rapamycin","regression","svm_linear",3,1,2,"epsilon","0.05",0.292047444053101
"rapamycin","regression","svm_linear",3,1,3,"cost","1",0.410248143165742
"rapamycin","regression","svm_linear",3,1,3,"epsilon","0.05",0.410248143165742
"rapamycin","regression","svm_linear",3,1,4,"cost","10",0.410248143165742
"rapamycin","regression","svm_linear",3,1,4,"epsilon","0.05",0.410248143165742
"rapamycin","regression","svm_linear",3,1,5,"cost","0.01",0.217802697732571
"rapamycin","regression","svm_linear",3,1,5,"epsilon","0.1",0.217802697732571
"rapamycin","regression","svm_linear",3,1,6,"cost","0.1",0.289714971763927
"rapamycin","regression","svm_linear",3,1,6,"epsilon","0.1",0.289714971763927
"rapamycin","regression","svm_linear",3,1,7,"cost","1",0.39446419346147
"rapamycin","regression","svm_linear",3,1,7,"epsilon","0.1",0.39446419346147
"rapamycin","regression","svm_linear",3,1,8,"cost","10",0.39446419346147
"rapamycin","regression","svm_linear",3,1,8,"epsilon","0.1",0.39446419346147
"rapamycin","regression","svm_linear",3,1,9,"cost","0.01",0.2196267347142
"rapamycin","regression","svm_linear",3,1,9,"epsilon","0.2",0.2196267347142
"rapamycin","regression","svm_linear",3,1,10,"cost","0.1",0.285586972580372
"rapamycin","regression","svm_linear",3,1,10,"epsilon","0.2",0.285586972580372
"rapamycin","regression","svm_linear",3,1,11,"cost","1",0.363374819698757
"rapamycin","regression","svm_linear",3,1,11,"epsilon","0.2",0.363374819698757
"rapamycin","regression","svm_linear",3,1,12,"cost","10",0.363374819698757
"rapamycin","regression","svm_linear",3,1,12,"epsilon","0.2",0.363374819698757
"rapamycin","regression","rf",3,2,1,"mtry","5",0.212793285831058
"rapamycin","regression","rf",3,2,1,"min.node.size","1",0.212793285831058
"rapamycin","regression","rf",3,2,1,"sample.fraction","0.55",0.212793285831058
"rapamycin","regression","rf",3,2,1,"max.depth","0",0.212793285831058
"rapamycin","regression","rf",3,2,1,"num.trees","500",0.212793285831058
"rapamycin","regression","rf",3,2,2,"mtry","14",0.212143630115266
"rapamycin","regression","rf",3,2,2,"min.node.size","10",0.212143630115266
"rapamycin","regression","rf",3,2,2,"sample.fraction","0.55",0.212143630115266
"rapamycin","regression","rf",3,2,2,"max.depth","0",0.212143630115266
"rapamycin","regression","rf",3,2,2,"num.trees","500",0.212143630115266
"rapamycin","regression","rf",3,2,3,"mtry","14",0.212879162782006
"rapamycin","regression","rf",3,2,3,"min.node.size","5",0.212879162782006
"rapamycin","regression","rf",3,2,3,"sample.fraction","0.632",0.212879162782006
"rapamycin","regression","rf",3,2,3,"max.depth","0",0.212879162782006
"rapamycin","regression","rf",3,2,3,"num.trees","500",0.212879162782006
"rapamycin","regression","rf",3,2,4,"mtry","35",0.213701863567685
"rapamycin","regression","rf",3,2,4,"min.node.size","5",0.213701863567685
"rapamycin","regression","rf",3,2,4,"sample.fraction","0.632",0.213701863567685
"rapamycin","regression","rf",3,2,4,"max.depth","0",0.213701863567685
"rapamycin","regression","rf",3,2,4,"num.trees","500",0.213701863567685
"rapamycin","regression","rf",3,2,5,"mtry","20",0.215322754282801
"rapamycin","regression","rf",3,2,5,"min.node.size","1",0.215322754282801
"rapamycin","regression","rf",3,2,5,"sample.fraction","0.75",0.215322754282801
"rapamycin","regression","rf",3,2,5,"max.depth","0",0.215322754282801
"rapamycin","regression","rf",3,2,5,"num.trees","500",0.215322754282801
"rapamycin","regression","rf",3,2,6,"mtry","35",0.214551691182272
"rapamycin","regression","rf",3,2,6,"min.node.size","10",0.214551691182272
"rapamycin","regression","rf",3,2,6,"sample.fraction","0.75",0.214551691182272
"rapamycin","regression","rf",3,2,6,"max.depth","0",0.214551691182272
"rapamycin","regression","rf",3,2,6,"num.trees","500",0.214551691182272
"rapamycin","regression","rf",3,2,7,"mtry","14",0.212878867082693
"rapamycin","regression","rf",3,2,7,"min.node.size","5",0.212878867082693
"rapamycin","regression","rf",3,2,7,"sample.fraction","0.632",0.212878867082693
"rapamycin","regression","rf",3,2,7,"max.depth","20",0.212878867082693
"rapamycin","regression","rf",3,2,7,"num.trees","500",0.212878867082693
"rapamycin","regression","rf",3,2,8,"mtry","50",0.216540078268816
"rapamycin","regression","rf",3,2,8,"min.node.size","1",0.216540078268816
"rapamycin","regression","rf",3,2,8,"sample.fraction","0.75",0.216540078268816
"rapamycin","regression","rf",3,2,8,"max.depth","30",0.216540078268816
"rapamycin","regression","rf",3,2,8,"num.trees","500",0.216540078268816
"rapamycin","regression","rf",3,2,9,"mtry","50",0.216331451184107
"rapamycin","regression","rf",3,2,9,"min.node.size","5",0.216331451184107
"rapamycin","regression","rf",3,2,9,"sample.fraction","0.75",0.216331451184107
"rapamycin","regression","rf",3,2,9,"max.depth","30",0.216331451184107
"rapamycin","regression","rf",3,2,9,"num.trees","500",0.216331451184107
"rapamycin","regression","rf",3,2,10,"mtry","50",0.214483828487023
"rapamycin","regression","rf",3,2,10,"min.node.size","3",0.214483828487023
"rapamycin","regression","rf",3,2,10,"sample.fraction","0.55",0.214483828487023
"rapamycin","regression","rf",3,2,10,"max.depth","40",0.214483828487023
"rapamycin","regression","rf",3,2,10,"num.trees","500",0.214483828487023
"rapamycin","regression","rf",3,2,11,"mtry","35",0.215331578206678
"rapamycin","regression","rf",3,2,11,"min.node.size","1",0.215331578206678
"rapamycin","regression","rf",3,2,11,"sample.fraction","0.75",0.215331578206678
"rapamycin","regression","rf",3,2,11,"max.depth","40",0.215331578206678
"rapamycin","regression","rf",3,2,11,"num.trees","500",0.215331578206678
"rapamycin","regression","rf",3,2,12,"mtry","10",0.214010125557029
"rapamycin","regression","rf",3,2,12,"min.node.size","3",0.214010125557029
"rapamycin","regression","rf",3,2,12,"sample.fraction","0.75",0.214010125557029
"rapamycin","regression","rf",3,2,12,"max.depth","40",0.214010125557029
"rapamycin","regression","rf",3,2,12,"num.trees","500",0.214010125557029
"rapamycin","regression","ridge",3,2,1,"alpha","0",0.216488374223105
"rapamycin","regression","ridge",3,2,1,"lambda","0.9716952265",0.216488374223105
"rapamycin","regression","ridge",3,2,1,"measure","mse",0.216488374223105
"rapamycin","regression","lasso",3,2,1,"alpha","1",0.218093042737948
"rapamycin","regression","lasso",3,2,1,"lambda","0.02899195781",0.218093042737948
"rapamycin","regression","lasso",3,2,1,"measure","mse",0.218093042737948
"rapamycin","regression","enet",3,2,1,"alpha","0.1",0.215288063238099
"rapamycin","regression","enet",3,2,1,"lambda","0.1659026418",0.215288063238099
"rapamycin","regression","enet",3,2,1,"measure","mse",0.215288063238099
"rapamycin","regression","enet",3,2,2,"alpha","0.2",0.215667535020438
"rapamycin","regression","enet",3,2,2,"lambda","0.09991515966",0.215667535020438
"rapamycin","regression","enet",3,2,2,"measure","mse",0.215667535020438
"rapamycin","regression","enet",3,2,3,"alpha","0.3",0.215964464599262
"rapamycin","regression","enet",3,2,3,"lambda","0.0697817968",0.215964464599262
"rapamycin","regression","enet",3,2,3,"measure","mse",0.215964464599262
"rapamycin","regression","enet",3,2,4,"alpha","0.4",0.216311943358366
"rapamycin","regression","enet",3,2,4,"lambda","0.06017408177",0.216311943358366
"rapamycin","regression","enet",3,2,4,"measure","mse",0.216311943358366
"rapamycin","regression","enet",3,2,5,"alpha","0.5",0.216653058199727
"rapamycin","regression","enet",3,2,5,"lambda","0.05043145278",0.216653058199727
"rapamycin","regression","enet",3,2,5,"measure","mse",0.216653058199727
"rapamycin","regression","enet",3,2,6,"alpha","0.6",0.216995699807006
"rapamycin","regression","enet",3,2,6,"lambda","0.04202621065",0.216995699807006
"rapamycin","regression","enet",3,2,6,"measure","mse",0.216995699807006
"rapamycin","regression","enet",3,2,7,"alpha","0.7",0.217319889377569
"rapamycin","regression","enet",3,2,7,"lambda","0.04338918815",0.217319889377569
"rapamycin","regression","enet",3,2,7,"measure","mse",0.217319889377569
"rapamycin","regression","enet",3,2,8,"alpha","0.8",0.217647548736324
"rapamycin","regression","enet",3,2,8,"lambda","0.03151965799",0.217647548736324
"rapamycin","regression","enet",3,2,8,"measure","mse",0.217647548736324
"rapamycin","regression","enet",3,2,9,"alpha","0.9",0.217876990820112
"rapamycin","regression","enet",3,2,9,"lambda","0.03221328646",0.217876990820112
"rapamycin","regression","enet",3,2,9,"measure","mse",0.217876990820112
"rapamycin","regression","svm_linear",3,2,1,"cost","0.01",0.218533365924037
"rapamycin","regression","svm_linear",3,2,1,"epsilon","0.05",0.218533365924037
"rapamycin","regression","svm_linear",3,2,2,"cost","0.1",0.273886424659244
"rapamycin","regression","svm_linear",3,2,2,"epsilon","0.05",0.273886424659244
"rapamycin","regression","svm_linear",3,2,3,"cost","1",0.328356205610675
"rapamycin","regression","svm_linear",3,2,3,"epsilon","0.05",0.328356205610675
"rapamycin","regression","svm_linear",3,2,4,"cost","10",0.328356205610675
"rapamycin","regression","svm_linear",3,2,4,"epsilon","0.05",0.328356205610675
"rapamycin","regression","svm_linear",3,2,5,"cost","0.01",0.216218777001962
"rapamycin","regression","svm_linear",3,2,5,"epsilon","0.1",0.216218777001962
"rapamycin","regression","svm_linear",3,2,6,"cost","0.1",0.264250764538236
"rapamycin","regression","svm_linear",3,2,6,"epsilon","0.1",0.264250764538236
"rapamycin","regression","svm_linear",3,2,7,"cost","1",0.308182664551749
"rapamycin","regression","svm_linear",3,2,7,"epsilon","0.1",0.308182664551749
"rapamycin","regression","svm_linear",3,2,8,"cost","10",0.308182664551749
"rapamycin","regression","svm_linear",3,2,8,"epsilon","0.1",0.308182664551749
"rapamycin","regression","svm_linear",3,2,9,"cost","0.01",0.211436359329006
"rapamycin","regression","svm_linear",3,2,9,"epsilon","0.2",0.211436359329006
"rapamycin","regression","svm_linear",3,2,10,"cost","0.1",0.249129141872906
"rapamycin","regression","svm_linear",3,2,10,"epsilon","0.2",0.249129141872906
"rapamycin","regression","svm_linear",3,2,11,"cost","1",0.276462923917648
"rapamycin","regression","svm_linear",3,2,11,"epsilon","0.2",0.276462923917648
"rapamycin","regression","svm_linear",3,2,12,"cost","10",0.276462923917648
"rapamycin","regression","svm_linear",3,2,12,"epsilon","0.2",0.276462923917648
"rapamycin","regression","rf",3,3,1,"mtry","50",0.208305608893388
"rapamycin","regression","rf",3,3,1,"min.node.size","10",0.208305608893388
"rapamycin","regression","rf",3,3,1,"sample.fraction","0.55",0.208305608893388
"rapamycin","regression","rf",3,3,1,"max.depth","0",0.208305608893388
"rapamycin","regression","rf",3,3,1,"num.trees","500",0.208305608893388
"rapamycin","regression","rf",3,3,2,"mtry","5",0.210250945168693
"rapamycin","regression","rf",3,3,2,"min.node.size","5",0.210250945168693
"rapamycin","regression","rf",3,3,2,"sample.fraction","0.632",0.210250945168693
"rapamycin","regression","rf",3,3,2,"max.depth","0",0.210250945168693
"rapamycin","regression","rf",3,3,2,"num.trees","500",0.210250945168693
"rapamycin","regression","rf",3,3,3,"mtry","50",0.209220369581268
"rapamycin","regression","rf",3,3,3,"min.node.size","10",0.209220369581268
"rapamycin","regression","rf",3,3,3,"sample.fraction","0.632",0.209220369581268
"rapamycin","regression","rf",3,3,3,"max.depth","0",0.209220369581268
"rapamycin","regression","rf",3,3,3,"num.trees","500",0.209220369581268
"rapamycin","regression","rf",3,3,4,"mtry","10",0.211048496779613
"rapamycin","regression","rf",3,3,4,"min.node.size","3",0.211048496779613
"rapamycin","regression","rf",3,3,4,"sample.fraction","0.55",0.211048496779613
"rapamycin","regression","rf",3,3,4,"max.depth","20",0.211048496779613
"rapamycin","regression","rf",3,3,4,"num.trees","500",0.211048496779613
"rapamycin","regression","rf",3,3,5,"mtry","10",0.209017257986536
"rapamycin","regression","rf",3,3,5,"min.node.size","10",0.209017257986536
"rapamycin","regression","rf",3,3,5,"sample.fraction","0.55",0.209017257986536
"rapamycin","regression","rf",3,3,5,"max.depth","20",0.209017257986536
"rapamycin","regression","rf",3,3,5,"num.trees","500",0.209017257986536
"rapamycin","regression","rf",3,3,6,"mtry","14",0.210993864915975
"rapamycin","regression","rf",3,3,6,"min.node.size","1",0.210993864915975
"rapamycin","regression","rf",3,3,6,"sample.fraction","0.632",0.210993864915975
"rapamycin","regression","rf",3,3,6,"max.depth","20",0.210993864915975
"rapamycin","regression","rf",3,3,6,"num.trees","500",0.210993864915975
"rapamycin","regression","rf",3,3,7,"mtry","50",0.210544593959533
"rapamycin","regression","rf",3,3,7,"min.node.size","3",0.210544593959533
"rapamycin","regression","rf",3,3,7,"sample.fraction","0.632",0.210544593959533
"rapamycin","regression","rf",3,3,7,"max.depth","20",0.210544593959533
"rapamycin","regression","rf",3,3,7,"num.trees","500",0.210544593959533
"rapamycin","regression","rf",3,3,8,"mtry","5",0.210293736096938
"rapamycin","regression","rf",3,3,8,"min.node.size","5",0.210293736096938
"rapamycin","regression","rf",3,3,8,"sample.fraction","0.75",0.210293736096938
"rapamycin","regression","rf",3,3,8,"max.depth","20",0.210293736096938
"rapamycin","regression","rf",3,3,8,"num.trees","500",0.210293736096938
"rapamycin","regression","rf",3,3,9,"mtry","50",0.209597135843318
"rapamycin","regression","rf",3,3,9,"min.node.size","1",0.209597135843318
"rapamycin","regression","rf",3,3,9,"sample.fraction","0.55",0.209597135843318
"rapamycin","regression","rf",3,3,9,"max.depth","30",0.209597135843318
"rapamycin","regression","rf",3,3,9,"num.trees","500",0.209597135843318
"rapamycin","regression","rf",3,3,10,"mtry","10",0.21035508254934
"rapamycin","regression","rf",3,3,10,"min.node.size","10",0.21035508254934
"rapamycin","regression","rf",3,3,10,"sample.fraction","0.632",0.21035508254934
"rapamycin","regression","rf",3,3,10,"max.depth","30",0.21035508254934
"rapamycin","regression","rf",3,3,10,"num.trees","500",0.21035508254934
"rapamycin","regression","rf",3,3,11,"mtry","20",0.210326072597904
"rapamycin","regression","rf",3,3,11,"min.node.size","3",0.210326072597904
"rapamycin","regression","rf",3,3,11,"sample.fraction","0.632",0.210326072597904
"rapamycin","regression","rf",3,3,11,"max.depth","40",0.210326072597904
"rapamycin","regression","rf",3,3,11,"num.trees","500",0.210326072597904
"rapamycin","regression","rf",3,3,12,"mtry","50",0.21227798443741
"rapamycin","regression","rf",3,3,12,"min.node.size","1",0.21227798443741
"rapamycin","regression","rf",3,3,12,"sample.fraction","0.75",0.21227798443741
"rapamycin","regression","rf",3,3,12,"max.depth","40",0.21227798443741
"rapamycin","regression","rf",3,3,12,"num.trees","500",0.21227798443741
"rapamycin","regression","ridge",3,3,1,"alpha","0",0.211164516877777
"rapamycin","regression","ridge",3,3,1,"lambda","1.735342038",0.211164516877777
"rapamycin","regression","ridge",3,3,1,"measure","mse",0.211164516877777
"rapamycin","regression","lasso",3,3,1,"alpha","1",0.20449668064934
"rapamycin","regression","lasso",3,3,1,"lambda","0.02459802502",0.20449668064934
"rapamycin","regression","lasso",3,3,1,"measure","mse",0.20449668064934
"rapamycin","regression","enet",3,3,1,"alpha","0.1",0.207921734421053
"rapamycin","regression","enet",3,3,1,"lambda","0.2139410773",0.207921734421053
"rapamycin","regression","enet",3,3,1,"measure","mse",0.207921734421053
"rapamycin","regression","enet",3,3,2,"alpha","0.2",0.206458813079309
"rapamycin","regression","enet",3,3,2,"lambda","0.1120640214",0.206458813079309
"rapamycin","regression","enet",3,3,2,"measure","mse",0.206458813079309
"rapamycin","regression","enet",3,3,3,"alpha","0.3",0.205766336124116
"rapamycin","regression","enet",3,3,3,"lambda","0.07470934759",0.205766336124116
"rapamycin","regression","enet",3,3,3,"measure","mse",0.205766336124116
"rapamycin","regression","enet",3,3,4,"alpha","0.4",0.205268909438496
"rapamycin","regression","enet",3,3,4,"lambda","0.05870001706",0.205268909438496
"rapamycin","regression","enet",3,3,4,"measure","mse",0.205268909438496
"rapamycin","regression","enet",3,3,5,"alpha","0.5",0.20496815767382
"rapamycin","regression","enet",3,3,5,"lambda","0.04696001365",0.20496815767382
"rapamycin","regression","enet",3,3,5,"measure","mse",0.20496815767382
"rapamycin","regression","enet",3,3,6,"alpha","0.6",0.204765924434035
"rapamycin","regression","enet",3,3,6,"lambda","0.03913334471",0.204765924434035
"rapamycin","regression","enet",3,3,6,"measure","mse",0.204765924434035
"rapamycin","regression","enet",3,3,7,"alpha","0.7",0.204660171986216
"rapamycin","regression","enet",3,3,7,"lambda","0.03354286689",0.204660171986216
"rapamycin","regression","enet",3,3,7,"measure","mse",0.204660171986216
"rapamycin","regression","enet",3,3,8,"alpha","0.8",0.204587829293499
"rapamycin","regression","enet",3,3,8,"lambda","0.03074753128",0.204587829293499
"rapamycin","regression","enet",3,3,8,"measure","mse",0.204587829293499
"rapamycin","regression","enet",3,3,9,"alpha","0.9",0.204535987413293
"rapamycin","regression","enet",3,3,9,"lambda","0.02733113892",0.204535987413293
"rapamycin","regression","enet",3,3,9,"measure","mse",0.204535987413293
"rapamycin","regression","svm_linear",3,3,1,"cost","0.01",0.213745655907332
"rapamycin","regression","svm_linear",3,3,1,"epsilon","0.05",0.213745655907332
"rapamycin","regression","svm_linear",3,3,2,"cost","0.1",0.263579396851652
"rapamycin","regression","svm_linear",3,3,2,"epsilon","0.05",0.263579396851652
"rapamycin","regression","svm_linear",3,3,3,"cost","1",0.31960789712431
"rapamycin","regression","svm_linear",3,3,3,"epsilon","0.05",0.31960789712431
"rapamycin","regression","svm_linear",3,3,4,"cost","10",0.31960789712431
"rapamycin","regression","svm_linear",3,3,4,"epsilon","0.05",0.31960789712431
"rapamycin","regression","svm_linear",3,3,5,"cost","0.01",0.213572096752447
"rapamycin","regression","svm_linear",3,3,5,"epsilon","0.1",0.213572096752447
"rapamycin","regression","svm_linear",3,3,6,"cost","0.1",0.256391269977044
"rapamycin","regression","svm_linear",3,3,6,"epsilon","0.1",0.256391269977044
"rapamycin","regression","svm_linear",3,3,7,"cost","1",0.304982283836382
"rapamycin","regression","svm_linear",3,3,7,"epsilon","0.1",0.304982283836382
"rapamycin","regression","svm_linear",3,3,8,"cost","10",0.304982283836382
"rapamycin","regression","svm_linear",3,3,8,"epsilon","0.1",0.304982283836382
"rapamycin","regression","svm_linear",3,3,9,"cost","0.01",0.212924896334803
"rapamycin","regression","svm_linear",3,3,9,"epsilon","0.2",0.212924896334803
"rapamycin","regression","svm_linear",3,3,10,"cost","0.1",0.246613078719273
"rapamycin","regression","svm_linear",3,3,10,"epsilon","0.2",0.246613078719273
"rapamycin","regression","svm_linear",3,3,11,"cost","1",0.282175576308801
"rapamycin","regression","svm_linear",3,3,11,"epsilon","0.2",0.282175576308801
"rapamycin","regression","svm_linear",3,3,12,"cost","10",0.282175576308801
"rapamycin","regression","svm_linear",3,3,12,"epsilon","0.2",0.282175576308801
"rapamycin","regression","rf",3,4,1,"mtry","50",0.206460846012778
"rapamycin","regression","rf",3,4,1,"min.node.size","3",0.206460846012778
"rapamycin","regression","rf",3,4,1,"sample.fraction","0.632",0.206460846012778
"rapamycin","regression","rf",3,4,1,"max.depth","0",0.206460846012778
"rapamycin","regression","rf",3,4,1,"num.trees","500",0.206460846012778
"rapamycin","regression","rf",3,4,2,"mtry","20",0.206721919678928
"rapamycin","regression","rf",3,4,2,"min.node.size","1",0.206721919678928
"rapamycin","regression","rf",3,4,2,"sample.fraction","0.55",0.206721919678928
"rapamycin","regression","rf",3,4,2,"max.depth","20",0.206721919678928
"rapamycin","regression","rf",3,4,2,"num.trees","500",0.206721919678928
"rapamycin","regression","rf",3,4,3,"mtry","14",0.206969135466548
"rapamycin","regression","rf",3,4,3,"min.node.size","1",0.206969135466548
"rapamycin","regression","rf",3,4,3,"sample.fraction","0.632",0.206969135466548
"rapamycin","regression","rf",3,4,3,"max.depth","20",0.206969135466548
"rapamycin","regression","rf",3,4,3,"num.trees","500",0.206969135466548
"rapamycin","regression","rf",3,4,4,"mtry","35",0.206909472739433
"rapamycin","regression","rf",3,4,4,"min.node.size","3",0.206909472739433
"rapamycin","regression","rf",3,4,4,"sample.fraction","0.632",0.206909472739433
"rapamycin","regression","rf",3,4,4,"max.depth","20",0.206909472739433
"rapamycin","regression","rf",3,4,4,"num.trees","500",0.206909472739433
"rapamycin","regression","rf",3,4,5,"mtry","5",0.206548868033067
"rapamycin","regression","rf",3,4,5,"min.node.size","1",0.206548868033067
"rapamycin","regression","rf",3,4,5,"sample.fraction","0.75",0.206548868033067
"rapamycin","regression","rf",3,4,5,"max.depth","20",0.206548868033067
"rapamycin","regression","rf",3,4,5,"num.trees","500",0.206548868033067
"rapamycin","regression","rf",3,4,6,"mtry","14",0.206727114975245
"rapamycin","regression","rf",3,4,6,"min.node.size","5",0.206727114975245
"rapamycin","regression","rf",3,4,6,"sample.fraction","0.75",0.206727114975245
"rapamycin","regression","rf",3,4,6,"max.depth","20",0.206727114975245
"rapamycin","regression","rf",3,4,6,"num.trees","500",0.206727114975245
"rapamycin","regression","rf",3,4,7,"mtry","35",0.205703977691378
"rapamycin","regression","rf",3,4,7,"min.node.size","10",0.205703977691378
"rapamycin","regression","rf",3,4,7,"sample.fraction","0.75",0.205703977691378
"rapamycin","regression","rf",3,4,7,"max.depth","20",0.205703977691378
"rapamycin","regression","rf",3,4,7,"num.trees","500",0.205703977691378
"rapamycin","regression","rf",3,4,8,"mtry","35",0.205860019216101
"rapamycin","regression","rf",3,4,8,"min.node.size","5",0.205860019216101
"rapamycin","regression","rf",3,4,8,"sample.fraction","0.55",0.205860019216101
"rapamycin","regression","rf",3,4,8,"max.depth","30",0.205860019216101
"rapamycin","regression","rf",3,4,8,"num.trees","500",0.205860019216101
"rapamycin","regression","rf",3,4,9,"mtry","50",0.20630089271142
"rapamycin","regression","rf",3,4,9,"min.node.size","1",0.20630089271142
"rapamycin","regression","rf",3,4,9,"sample.fraction","0.632",0.20630089271142
"rapamycin","regression","rf",3,4,9,"max.depth","30",0.20630089271142
"rapamycin","regression","rf",3,4,9,"num.trees","500",0.20630089271142
"rapamycin","regression","rf",3,4,10,"mtry","50",0.204789267461867
"rapamycin","regression","rf",3,4,10,"min.node.size","10",0.204789267461867
"rapamycin","regression","rf",3,4,10,"sample.fraction","0.632",0.204789267461867
"rapamycin","regression","rf",3,4,10,"max.depth","30",0.204789267461867
"rapamycin","regression","rf",3,4,10,"num.trees","500",0.204789267461867
"rapamycin","regression","rf",3,4,11,"mtry","14",0.207331087997992
"rapamycin","regression","rf",3,4,11,"min.node.size","1",0.207331087997992
"rapamycin","regression","rf",3,4,11,"sample.fraction","0.75",0.207331087997992
"rapamycin","regression","rf",3,4,11,"max.depth","30",0.207331087997992
"rapamycin","regression","rf",3,4,11,"num.trees","500",0.207331087997992
"rapamycin","regression","rf",3,4,12,"mtry","5",0.207816525138204
"rapamycin","regression","rf",3,4,12,"min.node.size","5",0.207816525138204
"rapamycin","regression","rf",3,4,12,"sample.fraction","0.75",0.207816525138204
"rapamycin","regression","rf",3,4,12,"max.depth","30",0.207816525138204
"rapamycin","regression","rf",3,4,12,"num.trees","500",0.207816525138204
"rapamycin","regression","ridge",3,4,1,"alpha","0",0.207810831178179
"rapamycin","regression","ridge",3,4,1,"lambda","0.8261203308",0.207810831178179
"rapamycin","regression","ridge",3,4,1,"measure","mse",0.207810831178179
"rapamycin","regression","lasso",3,4,1,"alpha","1",0.207540675016636
"rapamycin","regression","lasso",3,4,1,"lambda","0.03258388815",0.207540675016636
"rapamycin","regression","lasso",3,4,1,"measure","mse",0.207540675016636
"rapamycin","regression","enet",3,4,1,"alpha","0.1",0.207728569878877
"rapamycin","regression","enet",3,4,1,"lambda","0.09721882794",0.207728569878877
"rapamycin","regression","enet",3,4,1,"measure","mse",0.207728569878877
"rapamycin","regression","enet",3,4,2,"alpha","0.2",0.207958705511532
"rapamycin","regression","enet",3,4,2,"lambda","0.1352585819",0.207958705511532
"rapamycin","regression","enet",3,4,2,"measure","mse",0.207958705511532
"rapamycin","regression","enet",3,4,3,"alpha","0.3",0.207918212372814
"rapamycin","regression","enet",3,4,3,"lambda","0.09446601405",0.207918212372814
"rapamycin","regression","enet",3,4,3,"measure","mse",0.207918212372814
"rapamycin","regression","enet",3,4,4,"alpha","0.4",0.207920835831173
"rapamycin","regression","enet",3,4,4,"lambda","0.07422306332",0.207920835831173
"rapamycin","regression","enet",3,4,4,"measure","mse",0.207920835831173
"rapamycin","regression","enet",3,4,5,"alpha","0.5",0.207807726978953
"rapamycin","regression","enet",3,4,5,"lambda","0.06220580028",0.207807726978953
"rapamycin","regression","enet",3,4,5,"measure","mse",0.207807726978953
"rapamycin","regression","enet",3,4,6,"alpha","0.6",0.207734916222122
"rapamycin","regression","enet",3,4,6,"lambda","0.05430648024",0.207734916222122
"rapamycin","regression","enet",3,4,6,"measure","mse",0.207734916222122
"rapamycin","regression","enet",3,4,7,"alpha","0.7",0.207654249757821
"rapamycin","regression","enet",3,4,7,"lambda","0.04654841164",0.207654249757821
"rapamycin","regression","enet",3,4,7,"measure","mse",0.207654249757821
"rapamycin","regression","enet",3,4,8,"alpha","0.8",0.207599256793703
"rapamycin","regression","enet",3,4,8,"lambda","0.04072986018",0.207599256793703
"rapamycin","regression","enet",3,4,8,"measure","mse",0.207599256793703
"rapamycin","regression","enet",3,4,9,"alpha","0.9",0.207562175528836
"rapamycin","regression","enet",3,4,9,"lambda","0.03620432016",0.207562175528836
"rapamycin","regression","enet",3,4,9,"measure","mse",0.207562175528836
"rapamycin","regression","svm_linear",3,4,1,"cost","0.01",0.217088870556463
"rapamycin","regression","svm_linear",3,4,1,"epsilon","0.05",0.217088870556463
"rapamycin","regression","svm_linear",3,4,2,"cost","0.1",0.286570392553191
"rapamycin","regression","svm_linear",3,4,2,"epsilon","0.05",0.286570392553191
"rapamycin","regression","svm_linear",3,4,3,"cost","1",0.35759291659833
"rapamycin","regression","svm_linear",3,4,3,"epsilon","0.05",0.35759291659833
"rapamycin","regression","svm_linear",3,4,4,"cost","10",0.35759291659833
"rapamycin","regression","svm_linear",3,4,4,"epsilon","0.05",0.35759291659833
"rapamycin","regression","svm_linear",3,4,5,"cost","0.01",0.216057546710436
"rapamycin","regression","svm_linear",3,4,5,"epsilon","0.1",0.216057546710436
"rapamycin","regression","svm_linear",3,4,6,"cost","0.1",0.280367076663897
"rapamycin","regression","svm_linear",3,4,6,"epsilon","0.1",0.280367076663897
"rapamycin","regression","svm_linear",3,4,7,"cost","1",0.337979907975093
"rapamycin","regression","svm_linear",3,4,7,"epsilon","0.1",0.337979907975093
"rapamycin","regression","svm_linear",3,4,8,"cost","10",0.337979907975093
"rapamycin","regression","svm_linear",3,4,8,"epsilon","0.1",0.337979907975093
"rapamycin","regression","svm_linear",3,4,9,"cost","0.01",0.214685740961972
"rapamycin","regression","svm_linear",3,4,9,"epsilon","0.2",0.214685740961972
"rapamycin","regression","svm_linear",3,4,10,"cost","0.1",0.268805247528001
"rapamycin","regression","svm_linear",3,4,10,"epsilon","0.2",0.268805247528001
"rapamycin","regression","svm_linear",3,4,11,"cost","1",0.3075117864098
"rapamycin","regression","svm_linear",3,4,11,"epsilon","0.2",0.3075117864098
"rapamycin","regression","svm_linear",3,4,12,"cost","10",0.3075117864098
"rapamycin","regression","svm_linear",3,4,12,"epsilon","0.2",0.3075117864098
"rapamycin","regression","rf",3,5,1,"mtry","5",0.21979410525138
"rapamycin","regression","rf",3,5,1,"min.node.size","10",0.21979410525138
"rapamycin","regression","rf",3,5,1,"sample.fraction","0.55",0.21979410525138
"rapamycin","regression","rf",3,5,1,"max.depth","0",0.21979410525138
"rapamycin","regression","rf",3,5,1,"num.trees","500",0.21979410525138
"rapamycin","regression","rf",3,5,2,"mtry","20",0.220806121314357
"rapamycin","regression","rf",3,5,2,"min.node.size","3",0.220806121314357
"rapamycin","regression","rf",3,5,2,"sample.fraction","0.632",0.220806121314357
"rapamycin","regression","rf",3,5,2,"max.depth","0",0.220806121314357
"rapamycin","regression","rf",3,5,2,"num.trees","500",0.220806121314357
"rapamycin","regression","rf",3,5,3,"mtry","14",0.221366022535896
"rapamycin","regression","rf",3,5,3,"min.node.size","5",0.221366022535896
"rapamycin","regression","rf",3,5,3,"sample.fraction","0.632",0.221366022535896
"rapamycin","regression","rf",3,5,3,"max.depth","0",0.221366022535896
"rapamycin","regression","rf",3,5,3,"num.trees","500",0.221366022535896
"rapamycin","regression","rf",3,5,4,"mtry","5",0.220432519022202
"rapamycin","regression","rf",3,5,4,"min.node.size","1",0.220432519022202
"rapamycin","regression","rf",3,5,4,"sample.fraction","0.55",0.220432519022202
"rapamycin","regression","rf",3,5,4,"max.depth","20",0.220432519022202
"rapamycin","regression","rf",3,5,4,"num.trees","500",0.220432519022202
"rapamycin","regression","rf",3,5,5,"mtry","10",0.220998640624489
"rapamycin","regression","rf",3,5,5,"min.node.size","3",0.220998640624489
"rapamycin","regression","rf",3,5,5,"sample.fraction","0.55",0.220998640624489
"rapamycin","regression","rf",3,5,5,"max.depth","20",0.220998640624489
"rapamycin","regression","rf",3,5,5,"num.trees","500",0.220998640624489
"rapamycin","regression","rf",3,5,6,"mtry","20",0.219632258255715
"rapamycin","regression","rf",3,5,6,"min.node.size","10",0.219632258255715
"rapamycin","regression","rf",3,5,6,"sample.fraction","0.55",0.219632258255715
"rapamycin","regression","rf",3,5,6,"max.depth","20",0.219632258255715
"rapamycin","regression","rf",3,5,6,"num.trees","500",0.219632258255715
"rapamycin","regression","rf",3,5,7,"mtry","35",0.223729705572349
"rapamycin","regression","rf",3,5,7,"min.node.size","3",0.223729705572349
"rapamycin","regression","rf",3,5,7,"sample.fraction","0.632",0.223729705572349
"rapamycin","regression","rf",3,5,7,"max.depth","20",0.223729705572349
"rapamycin","regression","rf",3,5,7,"num.trees","500",0.223729705572349
"rapamycin","regression","rf",3,5,8,"mtry","14",0.221366532547029
"rapamycin","regression","rf",3,5,8,"min.node.size","5",0.221366532547029
"rapamycin","regression","rf",3,5,8,"sample.fraction","0.632",0.221366532547029
"rapamycin","regression","rf",3,5,8,"max.depth","20",0.221366532547029
"rapamycin","regression","rf",3,5,8,"num.trees","500",0.221366532547029
"rapamycin","regression","rf",3,5,9,"mtry","5",0.220432149692848
"rapamycin","regression","rf",3,5,9,"min.node.size","1",0.220432149692848
"rapamycin","regression","rf",3,5,9,"sample.fraction","0.55",0.220432149692848
"rapamycin","regression","rf",3,5,9,"max.depth","30",0.220432149692848
"rapamycin","regression","rf",3,5,9,"num.trees","500",0.220432149692848
"rapamycin","regression","rf",3,5,10,"mtry","5",0.21979410525138
"rapamycin","regression","rf",3,5,10,"min.node.size","10",0.21979410525138
"rapamycin","regression","rf",3,5,10,"sample.fraction","0.55",0.21979410525138
"rapamycin","regression","rf",3,5,10,"max.depth","40",0.21979410525138
"rapamycin","regression","rf",3,5,10,"num.trees","500",0.21979410525138
"rapamycin","regression","rf",3,5,11,"mtry","20",0.220837305851539
"rapamycin","regression","rf",3,5,11,"min.node.size","5",0.220837305851539
"rapamycin","regression","rf",3,5,11,"sample.fraction","0.632",0.220837305851539
"rapamycin","regression","rf",3,5,11,"max.depth","40",0.220837305851539
"rapamycin","regression","rf",3,5,11,"num.trees","500",0.220837305851539
"rapamycin","regression","rf",3,5,12,"mtry","14",0.222427282344836
"rapamycin","regression","rf",3,5,12,"min.node.size","5",0.222427282344836
"rapamycin","regression","rf",3,5,12,"sample.fraction","0.75",0.222427282344836
"rapamycin","regression","rf",3,5,12,"max.depth","40",0.222427282344836
"rapamycin","regression","rf",3,5,12,"num.trees","500",0.222427282344836
"rapamycin","regression","ridge",3,5,1,"alpha","0",0.217115246587886
"rapamycin","regression","ridge",3,5,1,"lambda","0.8816046178",0.217115246587886
"rapamycin","regression","ridge",3,5,1,"measure","mse",0.217115246587886
"rapamycin","regression","lasso",3,5,1,"alpha","1",0.216270997692447
"rapamycin","regression","lasso",3,5,1,"lambda","0.03024317564",0.216270997692447
"rapamycin","regression","lasso",3,5,1,"measure","mse",0.216270997692447
"rapamycin","regression","enet",3,5,1,"alpha","0.1",0.216945654989247
"rapamycin","regression","enet",3,5,1,"lambda","0.2755645527",0.216945654989247
"rapamycin","regression","enet",3,5,1,"measure","mse",0.216945654989247
"rapamycin","regression","enet",3,5,2,"alpha","0.2",0.216293338115228
"rapamycin","regression","enet",3,5,2,"lambda","0.1512158782",0.216293338115228
"rapamycin","regression","enet",3,5,2,"measure","mse",0.216293338115228
"rapamycin","regression","enet",3,5,3,"alpha","0.3",0.216261094747252
"rapamycin","regression","enet",3,5,3,"lambda","0.1008105855",0.216261094747252
"rapamycin","regression","enet",3,5,3,"measure","mse",0.216261094747252
"rapamycin","regression","enet",3,5,4,"alpha","0.4",0.216354408748738
"rapamycin","regression","enet",3,5,4,"lambda","0.0756079391",0.216354408748738
"rapamycin","regression","enet",3,5,4,"measure","mse",0.216354408748738
"rapamycin","regression","enet",3,5,5,"alpha","0.5",0.216311663732962
"rapamycin","regression","enet",3,5,5,"lambda","0.06048635128",0.216311663732962
"rapamycin","regression","enet",3,5,5,"measure","mse",0.216311663732962
"rapamycin","regression","enet",3,5,6,"alpha","0.6",0.216295555018089
"rapamycin","regression","enet",3,5,6,"lambda","0.05040529273",0.216295555018089
"rapamycin","regression","enet",3,5,6,"measure","mse",0.216295555018089
"rapamycin","regression","enet",3,5,7,"alpha","0.7",0.216304724311987
"rapamycin","regression","enet",3,5,7,"lambda","0.04320453663",0.216304724311987
"rapamycin","regression","enet",3,5,7,"measure","mse",0.216304724311987
"rapamycin","regression","enet",3,5,8,"alpha","0.8",0.216318317754386
"rapamycin","regression","enet",3,5,8,"lambda","0.03780396955",0.216318317754386
"rapamycin","regression","enet",3,5,8,"measure","mse",0.216318317754386
"rapamycin","regression","enet",3,5,9,"alpha","0.9",0.216291391707188
"rapamycin","regression","enet",3,5,9,"lambda","0.03360352849",0.216291391707188
"rapamycin","regression","enet",3,5,9,"measure","mse",0.216291391707188
"rapamycin","regression","svm_linear",3,5,1,"cost","0.01",0.230188563535565
"rapamycin","regression","svm_linear",3,5,1,"epsilon","0.05",0.230188563535565
"rapamycin","regression","svm_linear",3,5,2,"cost","0.1",0.311475964222868
"rapamycin","regression","svm_linear",3,5,2,"epsilon","0.05",0.311475964222868
"rapamycin","regression","svm_linear",3,5,3,"cost","1",0.395451790092671
"rapamycin","regression","svm_linear",3,5,3,"epsilon","0.05",0.395451790092671
"rapamycin","regression","svm_linear",3,5,4,"cost","10",0.395451790092671
"rapamycin","regression","svm_linear",3,5,4,"epsilon","0.05",0.395451790092671
"rapamycin","regression","svm_linear",3,5,5,"cost","0.01",0.229464778633526
"rapamycin","regression","svm_linear",3,5,5,"epsilon","0.1",0.229464778633526
"rapamycin","regression","svm_linear",3,5,6,"cost","0.1",0.303767889969651
"rapamycin","regression","svm_linear",3,5,6,"epsilon","0.1",0.303767889969651
"rapamycin","regression","svm_linear",3,5,7,"cost","1",0.37263096990807
"rapamycin","regression","svm_linear",3,5,7,"epsilon","0.1",0.37263096990807
"rapamycin","regression","svm_linear",3,5,8,"cost","10",0.37263096990807
"rapamycin","regression","svm_linear",3,5,8,"epsilon","0.1",0.37263096990807
"rapamycin","regression","svm_linear",3,5,9,"cost","0.01",0.227695426321862
"rapamycin","regression","svm_linear",3,5,9,"epsilon","0.2",0.227695426321862
"rapamycin","regression","svm_linear",3,5,10,"cost","0.1",0.288845517547452
"rapamycin","regression","svm_linear",3,5,10,"epsilon","0.2",0.288845517547452
"rapamycin","regression","svm_linear",3,5,11,"cost","1",0.331851407322902
"rapamycin","regression","svm_linear",3,5,11,"epsilon","0.2",0.331851407322902
"rapamycin","regression","svm_linear",3,5,12,"cost","10",0.331851407322902
"rapamycin","regression","svm_linear",3,5,12,"epsilon","0.2",0.331851407322902
