"drug","task","model","repeat","fold","candidate","parameter","value","inner_score"
"erlotinib","regression","rf",1,1,1,"mtry","5",0.058461429287398
"erlotinib","regression","rf",1,1,1,"min.node.size","5",0.058461429287398
"erlotinib","regression","rf",1,1,1,"sample.fraction","0.55",0.058461429287398
"erlotinib","regression","rf",1,1,1,"max.depth","0",0.058461429287398
"erlotinib","regression","rf",1,1,1,"num.trees","500",0.058461429287398
"erlotinib","regression","rf",1,1,2,"mtry","35",0.0603698993070081
"erlotinib","regression","rf",1,1,2,"min.node.size","5",0.0603698993070081
"erlotinib","regression","rf",1,1,2,"sample.fraction","0.632",0.0603698993070081
"erlotinib","regression","rf",1,1,2,"max.depth","0",0.0603698993070081
"erlotinib","regression","rf",1,1,2,"num.trees","500",0.0603698993070081
"erlotinib","regression","rf",1,1,3,"mtry","5",0.0578906912653568
"erlotinib","regression","rf",1,1,3,"min.node.size","10",0.0578906912653568
"erlotinib","regression","rf",1,1,3,"sample.fraction","0.75",0.0578906912653568
"erlotinib","regression","rf",1,1,3,"max.depth","0",0.0578906912653568
"erlotinib","regression","rf",1,1,3,"num.trees","500",0.0578906912653568
"erlotinib","regression","rf",1,1,4,"mtry","35",0.0606193732414957
"erlotinib","regression","rf",1,1,4,"min.node.size","10",0.0606193732414957
"erlotinib","regression","rf",1,1,4,"sample.fraction","0.75",0.0606193732414957
"erlotinib","regression","rf",1,1,4,"max.depth","0",0.0606193732414957
"erlotinib","regression","rf",1,1,4,"num.trees","500",0.0606193732414957
"erlotinib","regression","rf",1,1,5,"mtry","10",0.0582882083056884
"erlotinib","regression","rf",1,1,5,"min.node.size","3",0.0582882083056884
"erlotinib","regression","rf",1,1,5,"sample.fraction","0.632",0.0582882083056884
"erlotinib","regression","rf",1,1,5,"max.depth","20",0.0582882083056884
"erlotinib","regression","rf",1,1,5,"num.trees","500",0.0582882083056884
"erlotinib","regression","rf",1,1,6,"mtry","50",0.0611950072031171
"erlotinib","regression","rf",1,1,6,"min.node.size","5",0.0611950072031171
"erlotinib","regression","rf",1,1,6,"sample.fraction","0.632",0.0611950072031171
"erlotinib","regression","rf",1,1,6,"max.depth","20",0.0611950072031171
"erlotinib","regression","rf",1,1,6,"num.trees","500",0.0611950072031171
"erlotinib","regression","rf",1,1,7,"mtry","14",0.0594628894982318
"erlotinib","regression","rf",1,1,7,"min.node.size","1",0.0594628894982318
"erlotinib","regression","rf",1,1,7,"sample.fraction","0.55",0.0594628894982318
"erlotinib","regression","rf",1,1,7,"max.depth","30",0.0594628894982318
"erlotinib","regression","rf",1,1,7,"num.trees","500",0.0594628894982318
"erlotinib","regression","rf",1,1,8,"mtry","20",0.0597025495272602
"erlotinib","regression","rf",1,1,8,"min.node.size","5",0.0597025495272602
"erlotinib","regression","rf",1,1,8,"sample.fraction","0.75",0.0597025495272602
"erlotinib","regression","rf",1,1,8,"max.depth","30",0.0597025495272602
"erlotinib","regression","rf",1,1,8,"num.trees","500",0.0597025495272602
"erlotinib","regression","rf",1,1,9,"mtry","50",0.0607066239795679
"erlotinib","regression","rf",1,1,9,"min.node.size","3",0.0607066239795679
"erlotinib","regression","rf",1,1,9,"sample.fraction","0.55",0.0607066239795679
"erlotinib","regression","rf",1,1,9,"max.depth","40",0.0607066239795679
"erlotinib","regression","rf",1,1,9,"num.trees","500",0.0607066239795679
"erlotinib","regression","rf",1,1,10,"mtry","14",0.0591680168200516
"erlotinib","regression","rf",1,1,10,"min.node.size","5",0.0591680168200516
"erlotinib","regression","rf",1,1,10,"sample.fraction","0.55",0.0591680168200516
"erlotinib","regression","rf",1,1,10,"max.depth","40",0.0591680168200516
"erlotinib","regression","rf",1,1,10,"num.trees","500",0.0591680168200516
"erlotinib","regression","rf",1,1,11,"mtry","14",0.0595267386537714
"erlotinib","regression","rf",1,1,11,"min.node.size","1",0.0595267386537714
"erlotinib","regression","rf",1,1,11,"sample.fraction","0.632",0.0595267386537714
"erlotinib","regression","rf",1,1,11,"max.depth","40",0.0595267386537714
"erlotinib","regression","rf",1,1,11,"num.trees","500",0.0595267386537714
"erlotinib","regression","rf",1,1,12,"mtry","5",0.0581581467500283
"erlotinib","regression","rf",1,1,12,"min.node.size","10",0.0581581467500283
"erlotinib","regression","rf",1,1,12,"sample.fraction","0.632",0.0581581467500283
"erlotinib","regression","rf",1,1,12,"max.depth","40",0.0581581467500283
"erlotinib","regression","rf",1,1,12,"num.trees","500",0.0581581467500283
"erlotinib","regression","ridge",1,1,1,"alpha","0",0.0610647995487944
"erlotinib","regression","ridge",1,1,1,"lambda","0.2750077016",0.0610647995487944
"erlotinib","regression","ridge",1,1,1,"measure","mse",0.0610647995487944
"erlotinib","regression","lasso",1,1,1,"alpha","1",0.0616177270626861
"erlotinib","regression","lasso",1,1,1,"lambda","0.00900526239",0.0616177270626861
"erlotinib","regression","lasso",1,1,1,"measure","mse",0.0616177270626861
"erlotinib","regression","enet",1,1,1,"alpha","0.1",0.0612821586056128
"erlotinib","regression","enet",1,1,1,"lambda","0.04918923959",0.0612821586056128
"erlotinib","regression","enet",1,1,1,"measure","mse",0.0612821586056128
"erlotinib","regression","enet",1,1,2,"alpha","0.2",0.0613756561770563
"erlotinib","regression","enet",1,1,2,"lambda","0.02699256486",0.0613756561770563
"erlotinib","regression","enet",1,1,2,"measure","mse",0.0613756561770563
"erlotinib","regression","enet",1,1,3,"alpha","0.3",0.0615539082768845
"erlotinib","regression","enet",1,1,3,"lambda","0.01885189077",0.0615539082768845
"erlotinib","regression","enet",1,1,3,"measure","mse",0.0615539082768845
"erlotinib","regression","enet",1,1,4,"alpha","0.4",0.0616896586666141
"erlotinib","regression","enet",1,1,4,"lambda","0.01481215331",0.0616896586666141
"erlotinib","regression","enet",1,1,4,"measure","mse",0.0616896586666141
"erlotinib","regression","enet",1,1,5,"alpha","0.5",0.0617431332450899
"erlotinib","regression","enet",1,1,5,"lambda","0.01241395611",0.0617431332450899
"erlotinib","regression","enet",1,1,5,"measure","mse",0.0617431332450899
"erlotinib","regression","enet",1,1,6,"alpha","0.6",0.0617504224384118
"erlotinib","regression","enet",1,1,6,"lambda","0.0130538633",0.0617504224384118
"erlotinib","regression","enet",1,1,6,"measure","mse",0.0617504224384118
"erlotinib","regression","enet",1,1,7,"alpha","0.7",0.0617256775607393
"erlotinib","regression","enet",1,1,7,"lambda","0.01172179957",0.0617256775607393
"erlotinib","regression","enet",1,1,7,"measure","mse",0.0617256775607393
"erlotinib","regression","enet",1,1,8,"alpha","0.8",0.0616758818868303
"erlotinib","regression","enet",1,1,8,"lambda","0.01125657799",0.0616758818868303
"erlotinib","regression","enet",1,1,8,"measure","mse",0.0616758818868303
"erlotinib","regression","enet",1,1,9,"alpha","0.9",0.0616382291546747
"erlotinib","regression","enet",1,1,9,"lambda","0.0100058471",0.0616382291546747
"erlotinib","regression","enet",1,1,9,"measure","mse",0.0616382291546747
"erlotinib","regression","svm_linear",1,1,1,"cost","0.01",0.0592147745493371
"erlotinib","regression","svm_linear",1,1,1,"epsilon","0.05",0.0592147745493371
"erlotinib","regression","svm_linear",1,1,2,"cost","0.1",0.0732047166746919
"erlotinib","regression","svm_linear",1,1,2,"epsilon","0.05",0.0732047166746919
"erlotinib","regression","svm_linear",1,1,3,"cost","1",0.105145149971438
"erlotinib","regression","svm_linear",1,1,3,"epsilon","0.05",0.105145149971438
"erlotinib","regression","svm_linear",1,1,4,"cost","10",0.1052785975349
"erlotinib","regression","svm_linear",1,1,4,"epsilon","0.05",0.1052785975349
"erlotinib","regression","svm_linear",1,1,5,"cost","0.01",0.0587993829054037
"erlotinib","regression","svm_linear",1,1,5,"epsilon","0.1",0.0587993829054037
"erlotinib","regression","svm_linear",1,1,6,"cost","0.1",0.0725188067803139
"erlotinib","regression","svm_linear",1,1,6,"epsilon","0.1",0.0725188067803139
"erlotinib","regression","svm_linear",1,1,7,"cost","1",0.100328378083154
"erlotinib","regression","svm_linear",1,1,7,"epsilon","0.1",0.100328378083154
"erlotinib","regression","svm_linear",1,1,8,"cost","10",0.100328378083154
"erlotinib","regression","svm_linear",1,1,8,"epsilon","0.1",0.100328378083154
"erlotinib","regression","svm_linear",1,1,9,"cost","0.01",0.0579618799975263
"erlotinib","regression","svm_linear",1,1,9,"epsilon","0.2",0.0579618799975263
"erlotinib","regression","svm_linear",1,1,10,"cost","0.1",0.0722769166965867
"erlotinib","regression","svm_linear",1,1,10,"epsilon","0.2",0.0722769166965867
"erlotinib","regression","svm_linear",1,1,11,"cost","1",0.0927511443740899
"erlotinib","regression","svm_linear",1,1,11,"epsilon","0.2",0.0927511443740899
"erlotinib","regression","svm_linear",1,1,12,"cost","10",0.0927511443740899
"erlotinib","regression","svm_linear",1,1,12,"epsilon","0.2",0.0927511443740899
"erlotinib","regression","rf",1,2,1,"mtry","5",0.07888825740854
"erlotinib","regression","rf",1,2,1,"min.node.size","10",0.07888825740854
"erlotinib","regression","rf",1,2,1,"sample.fraction","0.55",0.07888825740854
"erlotinib","regression","rf",1,2,1,"max.depth","0",0.07888825740854
"erlotinib","regression","rf",1,2,1,"num.trees","500",0.07888825740854
"erlotinib","regression","rf",1,2,2,"mtry","14",0.0782247883829919
"erlotinib","regression","rf",1,2,2,"min.node.size","5",0.0782247883829919
"erlotinib","regression","rf",1,2,2,"sample.fraction","0.75",0.0782247883829919
"erlotinib","regression","rf",1,2,2,"max.depth","0",0.0782247883829919
"erlotinib","regression","rf",1,2,2,"num.trees","500",0.0782247883829919
"erlotinib","regression","rf",1,2,3,"mtry","5",0.0788687214650091
"erlotinib","regression","rf",1,2,3,"min.node.size","1",0.0788687214650091
"erlotinib","regression","rf",1,2,3,"sample.fraction","0.55",0.0788687214650091
"erlotinib","regression","rf",1,2,3,"max.depth","20",0.0788687214650091
"erlotinib","regression","rf",1,2,3,"num.trees","500",0.0788687214650091
"erlotinib","regression","rf",1,2,4,"mtry","50",0.0816969576000969
"erlotinib","regression","rf",1,2,4,"min.node.size","10",0.0816969576000969
"erlotinib","regression","rf",1,2,4,"sample.fraction","0.632",0.0816969576000969
"erlotinib","regression","rf",1,2,4,"max.depth","20",0.0816969576000969
"erlotinib","regression","rf",1,2,4,"num.trees","500",0.0816969576000969
"erlotinib","regression","rf",1,2,5,"mtry","14",0.0788096063246503
"erlotinib","regression","rf",1,2,5,"min.node.size","1",0.0788096063246503
"erlotinib","regression","rf",1,2,5,"sample.fraction","0.75",0.0788096063246503
"erlotinib","regression","rf",1,2,5,"max.depth","20",0.0788096063246503
"erlotinib","regression","rf",1,2,5,"num.trees","500",0.0788096063246503
"erlotinib","regression","rf",1,2,6,"mtry","20",0.078709897486171
"erlotinib","regression","rf",1,2,6,"min.node.size","5",0.078709897486171
"erlotinib","regression","rf",1,2,6,"sample.fraction","0.75",0.078709897486171
"erlotinib","regression","rf",1,2,6,"max.depth","20",0.078709897486171
"erlotinib","regression","rf",1,2,6,"num.trees","500",0.078709897486171
"erlotinib","regression","rf",1,2,7,"mtry","14",0.0787393095766744
"erlotinib","regression","rf",1,2,7,"min.node.size","5",0.0787393095766744
"erlotinib","regression","rf",1,2,7,"sample.fraction","0.55",0.0787393095766744
"erlotinib","regression","rf",1,2,7,"max.depth","30",0.0787393095766744
"erlotinib","regression","rf",1,2,7,"num.trees","500",0.0787393095766744
"erlotinib","regression","rf",1,2,8,"mtry","50",0.0816283041656265
"erlotinib","regression","rf",1,2,8,"min.node.size","1",0.0816283041656265
"erlotinib","regression","rf",1,2,8,"sample.fraction","0.632",0.0816283041656265
"erlotinib","regression","rf",1,2,8,"max.depth","30",0.0816283041656265
"erlotinib","regression","rf",1,2,8,"num.trees","500",0.0816283041656265
"erlotinib","regression","rf",1,2,9,"mtry","20",0.0788373137045864
"erlotinib","regression","rf",1,2,9,"min.node.size","3",0.0788373137045864
"erlotinib","regression","rf",1,2,9,"sample.fraction","0.75",0.0788373137045864
"erlotinib","regression","rf",1,2,9,"max.depth","30",0.0788373137045864
"erlotinib","regression","rf",1,2,9,"num.trees","500",0.0788373137045864
"erlotinib","regression","rf",1,2,10,"mtry","5",0.078868666797587
"erlotinib","regression","rf",1,2,10,"min.node.size","1",0.078868666797587
"erlotinib","regression","rf",1,2,10,"sample.fraction","0.55",0.078868666797587
"erlotinib","regression","rf",1,2,10,"max.depth","40",0.078868666797587
"erlotinib","regression","rf",1,2,10,"num.trees","500",0.078868666797587
"erlotinib","regression","rf",1,2,11,"mtry","5",0.0783782248476097
"erlotinib","regression","rf",1,2,11,"min.node.size","1",0.0783782248476097
"erlotinib","regression","rf",1,2,11,"sample.fraction","0.632",0.0783782248476097
"erlotinib","regression","rf",1,2,11,"max.depth","40",0.0783782248476097
"erlotinib","regression","rf",1,2,11,"num.trees","500",0.0783782248476097
"erlotinib","regression","rf",1,2,12,"mtry","20",0.0789001718238384
"erlotinib","regression","rf",1,2,12,"min.node.size","1",0.0789001718238384
"erlotinib","regression","rf",1,2,12,"sample.fraction","0.75",0.0789001718238384
"erlotinib","regression","rf",1,2,12,"max.depth","40",0.0789001718238384
"erlotinib","regression","rf",1,2,12,"num.trees","500",0.0789001718238384
"erlotinib","regression","ridge",1,2,1,"alpha","0",0.0829568442368921
"erlotinib","regression","ridge",1,2,1,"lambda","0.3410773315",0.0829568442368921
"erlotinib","regression","ridge",1,2,1,"measure","mse",0.0829568442368921
"erlotinib","regression","lasso",1,2,1,"alpha","1",0.0834151980369239
"erlotinib","regression","lasso",1,2,1,"lambda","0.009714004741",0.0834151980369239
"erlotinib","regression","lasso",1,2,1,"measure","mse",0.0834151980369239
"erlotinib","regression","enet",1,2,1,"alpha","0.1",0.0826125489117076
"erlotinib","regression","enet",1,2,1,"lambda","0.05306058679",0.0826125489117076
"erlotinib","regression","enet",1,2,1,"measure","mse",0.0826125489117076
"erlotinib","regression","enet",1,2,2,"alpha","0.2",0.0829419643965899
"erlotinib","regression","enet",1,2,2,"lambda","0.03674144175",0.0829419643965899
"erlotinib","regression","enet",1,2,2,"measure","mse",0.0829419643965899
"erlotinib","regression","enet",1,2,3,"alpha","0.3",0.0830155168838486
"erlotinib","regression","enet",1,2,3,"lambda","0.02816248645",0.0830155168838486
"erlotinib","regression","enet",1,2,3,"measure","mse",0.0830155168838486
"erlotinib","regression","enet",1,2,4,"alpha","0.4",0.0830997692656637
"erlotinib","regression","enet",1,2,4,"lambda","0.02112186484",0.0830997692656637
"erlotinib","regression","enet",1,2,4,"measure","mse",0.0830997692656637
"erlotinib","regression","enet",1,2,5,"alpha","0.5",0.0831538146460261
"erlotinib","regression","enet",1,2,5,"lambda","0.01770207866",0.0831538146460261
"erlotinib","regression","enet",1,2,5,"measure","mse",0.0831538146460261
"erlotinib","regression","enet",1,2,6,"alpha","0.6",0.0832017622858252
"erlotinib","regression","enet",1,2,6,"lambda","0.01475173222",0.0832017622858252
"erlotinib","regression","enet",1,2,6,"measure","mse",0.0832017622858252
"erlotinib","regression","enet",1,2,7,"alpha","0.7",0.0832646150103279
"erlotinib","regression","enet",1,2,7,"lambda","0.0126443419",0.0832646150103279
"erlotinib","regression","enet",1,2,7,"measure","mse",0.0832646150103279
"erlotinib","regression","enet",1,2,8,"alpha","0.8",0.0833284775834397
"erlotinib","regression","enet",1,2,8,"lambda","0.01106379917",0.0833284775834397
"erlotinib","regression","enet",1,2,8,"measure","mse",0.0833284775834397
"erlotinib","regression","enet",1,2,9,"alpha","0.9",0.0833793574335534
"erlotinib","regression","enet",1,2,9,"lambda","0.0103027647",0.0833793574335534
"erlotinib","regression","enet",1,2,9,"measure","mse",0.0833793574335534
"erlotinib","regression","svm_linear",1,2,1,"cost","0.01",0.0801401895525336
"erlotinib","regression","svm_linear",1,2,1,"epsilon","0.05",0.0801401895525336
"erlotinib","regression","svm_linear",1,2,2,"cost","0.1",0.101173305789194
"erlotinib","regression","svm_linear",1,2,2,"epsilon","0.05",0.101173305789194
"erlotinib","regression","svm_linear",1,2,3,"cost","1",0.162633696390708
"erlotinib","regression","svm_linear",1,2,3,"epsilon","0.05",0.162633696390708
"erlotinib","regression","svm_linear",1,2,4,"cost","10",0.162633696390708
"erlotinib","regression","svm_linear",1,2,4,"epsilon","0.05",0.162633696390708
"erlotinib","regression","svm_linear",1,2,5,"cost","0.01",0.0789200113378263
"erlotinib","regression","svm_linear",1,2,5,"epsilon","0.1",0.0789200113378263
"erlotinib","regression","svm_linear",1,2,6,"cost","0.1",0.0993201292141651
"erlotinib","regression","svm_linear",1,2,6,"epsilon","0.1",0.0993201292141651
"erlotinib","regression","svm_linear",1,2,7,"cost","1",0.153826909290779
"erlotinib","regression","svm_linear",1,2,7,"epsilon","0.1",0.153826909290779
"erlotinib","regression","svm_linear",1,2,8,"cost","10",0.153826909290779
"erlotinib","regression","svm_linear",1,2,8,"epsilon","0.1",0.153826909290779
"erlotinib","regression","svm_linear",1,2,9,"cost","0.01",0.0773930533487238
"erlotinib","regression","svm_linear",1,2,9,"epsilon","0.2",0.0773930533487238
"erlotinib","regression","svm_linear",1,2,10,"cost","0.1",0.0977014913518159
"erlotinib","regression","svm_linear",1,2,10,"epsilon","0.2",0.0977014913518159
"erlotinib","regression","svm_linear",1,2,11,"cost","1",0.139186455631683
"erlotinib","regression","svm_linear",1,2,11,"epsilon","0.2",0.139186455631683
"erlotinib","regression","svm_linear",1,2,12,"cost","10",0.139186455631683
"erlotinib","regression","svm_linear",1,2,12,"epsilon","0.2",0.139186455631683
"erlotinib","regression","rf",1,3,1,"mtry","35",0.0823208631342148
"erlotinib","regression","rf",1,3,1,"min.node.size","1",0.0823208631342148
"erlotinib","regression","rf",1,3,1,"sample.fraction","0.55",0.0823208631342148
"erlotinib","regression","rf",1,3,1,"max.depth","0",0.0823208631342148
"erlotinib","regression","rf",1,3,1,"num.trees","500",0.0823208631342148
"erlotinib","regression","rf",1,3,2,"mtry","50",0.0832101862035293
"erlotinib","regression","rf",1,3,2,"min.node.size","3",0.0832101862035293
"erlotinib","regression","rf",1,3,2,"sample.fraction","0.55",0.0832101862035293
"erlotinib","regression","rf",1,3,2,"max.depth","0",0.0832101862035293
"erlotinib","regression","rf",1,3,2,"num.trees","500",0.0832101862035293
"erlotinib","regression","rf",1,3,3,"mtry","14",0.0807321959765235
"erlotinib","regression","rf",1,3,3,"min.node.size","5",0.0807321959765235
"erlotinib","regression","rf",1,3,3,"sample.fraction","0.55",0.0807321959765235
"erlotinib","regression","rf",1,3,3,"max.depth","0",0.0807321959765235
"erlotinib","regression","rf",1,3,3,"num.trees","500",0.0807321959765235
"erlotinib","regression","rf",1,3,4,"mtry","10",0.0803915852126103
"erlotinib","regression","rf",1,3,4,"min.node.size","3",0.0803915852126103
"erlotinib","regression","rf",1,3,4,"sample.fraction","0.55",0.0803915852126103
"erlotinib","regression","rf",1,3,4,"max.depth","20",0.0803915852126103
"erlotinib","regression","rf",1,3,4,"num.trees","500",0.0803915852126103
"erlotinib","regression","rf",1,3,5,"mtry","50",0.08313147332804
"erlotinib","regression","rf",1,3,5,"min.node.size","5",0.08313147332804
"erlotinib","regression","rf",1,3,5,"sample.fraction","0.632",0.08313147332804
"erlotinib","regression","rf",1,3,5,"max.depth","20",0.08313147332804
"erlotinib","regression","rf",1,3,5,"num.trees","500",0.08313147332804
"erlotinib","regression","rf",1,3,6,"mtry","14",0.0812959854007179
"erlotinib","regression","rf",1,3,6,"min.node.size","1",0.0812959854007179
"erlotinib","regression","rf",1,3,6,"sample.fraction","0.75",0.0812959854007179
"erlotinib","regression","rf",1,3,6,"max.depth","20",0.0812959854007179
"erlotinib","regression","rf",1,3,6,"num.trees","500",0.0812959854007179
"erlotinib","regression","rf",1,3,7,"mtry","10",0.0801522302159723
"erlotinib","regression","rf",1,3,7,"min.node.size","5",0.0801522302159723
"erlotinib","regression","rf",1,3,7,"sample.fraction","0.75",0.0801522302159723
"erlotinib","regression","rf",1,3,7,"max.depth","20",0.0801522302159723
"erlotinib","regression","rf",1,3,7,"num.trees","500",0.0801522302159723
"erlotinib","regression","rf",1,3,8,"mtry","50",0.0829378437953524
"erlotinib","regression","rf",1,3,8,"min.node.size","5",0.0829378437953524
"erlotinib","regression","rf",1,3,8,"sample.fraction","0.55",0.0829378437953524
"erlotinib","regression","rf",1,3,8,"max.depth","30",0.0829378437953524
"erlotinib","regression","rf",1,3,8,"num.trees","500",0.0829378437953524
"erlotinib","regression","rf",1,3,9,"mtry","10",0.0807207571923609
"erlotinib","regression","rf",1,3,9,"min.node.size","1",0.0807207571923609
"erlotinib","regression","rf",1,3,9,"sample.fraction","0.632",0.0807207571923609
"erlotinib","regression","rf",1,3,9,"max.depth","30",0.0807207571923609
"erlotinib","regression","rf",1,3,9,"num.trees","500",0.0807207571923609
"erlotinib","regression","rf",1,3,10,"mtry","10",0.080391732557254
"erlotinib","regression","rf",1,3,10,"min.node.size","3",0.080391732557254
"erlotinib","regression","rf",1,3,10,"sample.fraction","0.55",0.080391732557254
"erlotinib","regression","rf",1,3,10,"max.depth","40",0.080391732557254
"erlotinib","regression","rf",1,3,10,"num.trees","500",0.080391732557254
"erlotinib","regression","rf",1,3,11,"mtry","10",0.080653498768881
"erlotinib","regression","rf",1,3,11,"min.node.size","10",0.080653498768881
"erlotinib","regression","rf",1,3,11,"sample.fraction","0.55",0.080653498768881
"erlotinib","regression","rf",1,3,11,"max.depth","40",0.080653498768881
"erlotinib","regression","rf",1,3,11,"num.trees","500",0.080653498768881
"erlotinib","regression","rf",1,3,12,"mtry","14",0.0812959839590138
"erlotinib","regression","rf",1,3,12,"min.node.size","1",0.0812959839590138
"erlotinib","regression","rf",1,3,12,"sample.fraction","0.75",0.0812959839590138
"erlotinib","regression","rf",1,3,12,"max.depth","40",0.0812959839590138
"erlotinib","regression","rf",1,3,12,"num.trees","500",0.0812959839590138
"erlotinib","regression","ridge",1,3,1,"alpha","0",0.0805082563857416
"erlotinib","regression","ridge",1,3,1,"lambda","0.3246007592",0.0805082563857416
"erlotinib","regression","ridge",1,3,1,"measure","mse",0.0805082563857416
"erlotinib","regression","lasso",1,3,1,"alpha","1",0.0804345537155835
"erlotinib","regression","lasso",1,3,1,"lambda","0.006082425581",0.0804345537155835
"erlotinib","regression","lasso",1,3,1,"measure","mse",0.0804345537155835
"erlotinib","regression","enet",1,3,1,"alpha","0.1",0.0793255615696465
"erlotinib","regression","enet",1,3,1,"lambda","0.03819940532",0.0793255615696465
"erlotinib","regression","enet",1,3,1,"measure","mse",0.0793255615696465
"erlotinib","regression","enet",1,3,2,"alpha","0.2",0.0793697205165276
"erlotinib","regression","enet",1,3,2,"lambda","0.02524868287",0.0793697205165276
"erlotinib","regression","enet",1,3,2,"measure","mse",0.0793697205165276
"erlotinib","regression","enet",1,3,3,"alpha","0.3",0.0795756016445406
"erlotinib","regression","enet",1,3,3,"lambda","0.01763394528",0.0795756016445406
"erlotinib","regression","enet",1,3,3,"measure","mse",0.0795756016445406
"erlotinib","regression","enet",1,3,4,"alpha","0.4",0.0797879930090504
"erlotinib","regression","enet",1,3,4,"lambda","0.01322545896",0.0797879930090504
"erlotinib","regression","enet",1,3,4,"measure","mse",0.0797879930090504
"erlotinib","regression","enet",1,3,5,"alpha","0.5",0.0799677084055441
"erlotinib","regression","enet",1,3,5,"lambda","0.01108415931",0.0799677084055441
"erlotinib","regression","enet",1,3,5,"measure","mse",0.0799677084055441
"erlotinib","regression","enet",1,3,6,"alpha","0.6",0.0801064886295086
"erlotinib","regression","enet",1,3,6,"lambda","0.009676616586",0.0801064886295086
"erlotinib","regression","enet",1,3,6,"measure","mse",0.0801064886295086
"erlotinib","regression","enet",1,3,7,"alpha","0.7",0.0802084122912629
"erlotinib","regression","enet",1,3,7,"lambda","0.008294242788",0.0802084122912629
"erlotinib","regression","enet",1,3,7,"measure","mse",0.0802084122912629
"erlotinib","regression","enet",1,3,8,"alpha","0.8",0.0802907818264773
"erlotinib","regression","enet",1,3,8,"lambda","0.007257462439",0.0802907818264773
"erlotinib","regression","enet",1,3,8,"measure","mse",0.0802907818264773
"erlotinib","regression","enet",1,3,9,"alpha","0.9",0.0803650433194601
"erlotinib","regression","enet",1,3,9,"lambda","0.006451077724",0.0803650433194601
"erlotinib","regression","enet",1,3,9,"measure","mse",0.0803650433194601
"erlotinib","regression","svm_linear",1,3,1,"cost","0.01",0.0807120391734278
"erlotinib","regression","svm_linear",1,3,1,"epsilon","0.05",0.0807120391734278
"erlotinib","regression","svm_linear",1,3,2,"cost","0.1",0.0915249706476883
"erlotinib","regression","svm_linear",1,3,2,"epsilon","0.05",0.0915249706476883
"erlotinib","regression","svm_linear",1,3,3,"cost","1",0.147308761110684
"erlotinib","regression","svm_linear",1,3,3,"epsilon","0.05",0.147308761110684
"erlotinib","regression","svm_linear",1,3,4,"cost","10",0.147308761110684
"erlotinib","regression","svm_linear",1,3,4,"epsilon","0.05",0.147308761110684
"erlotinib","regression","svm_linear",1,3,5,"cost","0.01",0.0797182785484237
"erlotinib","regression","svm_linear",1,3,5,"epsilon","0.1",0.0797182785484237
"erlotinib","regression","svm_linear",1,3,6,"cost","0.1",0.0907233822276307
"erlotinib","regression","svm_linear",1,3,6,"epsilon","0.1",0.0907233822276307
"erlotinib","regression","svm_linear",1,3,7,"cost","1",0.139085301524897
"erlotinib","regression","svm_linear",1,3,7,"epsilon","0.1",0.139085301524897
"erlotinib","regression","svm_linear",1,3,8,"cost","10",0.139085301524897
"erlotinib","regression","svm_linear",1,3,8,"epsilon","0.1",0.139085301524897
"erlotinib","regression","svm_linear",1,3,9,"cost","0.01",0.0779132208348166
"erlotinib","regression","svm_linear",1,3,9,"epsilon","0.2",0.0779132208348166
"erlotinib","regression","svm_linear",1,3,10,"cost","0.1",0.0908642730627604
"erlotinib","regression","svm_linear",1,3,10,"epsilon","0.2",0.0908642730627604
"erlotinib","regression","svm_linear",1,3,11,"cost","1",0.125573091518896
"erlotinib","regression","svm_linear",1,3,11,"epsilon","0.2",0.125573091518896
"erlotinib","regression","svm_linear",1,3,12,"cost","10",0.125573091518896
"erlotinib","regression","svm_linear",1,3,12,"epsilon","0.2",0.125573091518896
"erlotinib","regression","rf",1,4,1,"mtry","35",0.0694192301839721
"erlotinib","regression","rf",1,4,1,"min.node.size","1",0.0694192301839721
"erlotinib","regression","rf",1,4,1,"sample.fraction","0.55",0.0694192301839721
"erlotinib","regression","rf",1,4,1,"max.depth","0",0.0694192301839721
"erlotinib","regression","rf",1,4,1,"num.trees","500",0.0694192301839721
"erlotinib","regression","rf",1,4,2,"mtry","14",0.0676678241146126
"erlotinib","regression","rf",1,4,2,"min.node.size","10",0.0676678241146126
"erlotinib","regression","rf",1,4,2,"sample.fraction","0.55",0.0676678241146126
"erlotinib","regression","rf",1,4,2,"max.depth","0",0.0676678241146126
"erlotinib","regression","rf",1,4,2,"num.trees","500",0.0676678241146126
"erlotinib","regression","rf",1,4,3,"mtry","5",0.0671552483280745
"erlotinib","regression","rf",1,4,3,"min.node.size","10",0.0671552483280745
"erlotinib","regression","rf",1,4,3,"sample.fraction","0.632",0.0671552483280745
"erlotinib","regression","rf",1,4,3,"max.depth","0",0.0671552483280745
"erlotinib","regression","rf",1,4,3,"num.trees","500",0.0671552483280745
"erlotinib","regression","rf",1,4,4,"mtry","5",0.067005684951281
"erlotinib","regression","rf",1,4,4,"min.node.size","3",0.067005684951281
"erlotinib","regression","rf",1,4,4,"sample.fraction","0.75",0.067005684951281
"erlotinib","regression","rf",1,4,4,"max.depth","0",0.067005684951281
"erlotinib","regression","rf",1,4,4,"num.trees","500",0.067005684951281
"erlotinib","regression","rf",1,4,5,"mtry","5",0.0668594109306919
"erlotinib","regression","rf",1,4,5,"min.node.size","5",0.0668594109306919
"erlotinib","regression","rf",1,4,5,"sample.fraction","0.75",0.0668594109306919
"erlotinib","regression","rf",1,4,5,"max.depth","0",0.0668594109306919
"erlotinib","regression","rf",1,4,5,"num.trees","500",0.0668594109306919
"erlotinib","regression","rf",1,4,6,"mtry","20",0.0679296488861057
"erlotinib","regression","rf",1,4,6,"min.node.size","10",0.0679296488861057
"erlotinib","regression","rf",1,4,6,"sample.fraction","0.55",0.0679296488861057
"erlotinib","regression","rf",1,4,6,"max.depth","20",0.0679296488861057
"erlotinib","regression","rf",1,4,6,"num.trees","500",0.0679296488861057
"erlotinib","regression","rf",1,4,7,"mtry","20",0.0679929770942775
"erlotinib","regression","rf",1,4,7,"min.node.size","1",0.0679929770942775
"erlotinib","regression","rf",1,4,7,"sample.fraction","0.632",0.0679929770942775
"erlotinib","regression","rf",1,4,7,"max.depth","20",0.0679929770942775
"erlotinib","regression","rf",1,4,7,"num.trees","500",0.0679929770942775
"erlotinib","regression","rf",1,4,8,"mtry","35",0.0691629545915005
"erlotinib","regression","rf",1,4,8,"min.node.size","10",0.0691629545915005
"erlotinib","regression","rf",1,4,8,"sample.fraction","0.632",0.0691629545915005
"erlotinib","regression","rf",1,4,8,"max.depth","20",0.0691629545915005
"erlotinib","regression","rf",1,4,8,"num.trees","500",0.0691629545915005
"erlotinib","regression","rf",1,4,9,"mtry","20",0.0680730272459849
"erlotinib","regression","rf",1,4,9,"min.node.size","10",0.0680730272459849
"erlotinib","regression","rf",1,4,9,"sample.fraction","0.75",0.0680730272459849
"erlotinib","regression","rf",1,4,9,"max.depth","20",0.0680730272459849
"erlotinib","regression","rf",1,4,9,"num.trees","500",0.0680730272459849
"erlotinib","regression","rf",1,4,10,"mtry","14",0.0676678241146126
"erlotinib","regression","rf",1,4,10,"min.node.size","10",0.0676678241146126
"erlotinib","regression","rf",1,4,10,"sample.fraction","0.55",0.0676678241146126
"erlotinib","regression","rf",1,4,10,"max.depth","30",0.0676678241146126
"erlotinib","regression","rf",1,4,10,"num.trees","500",0.0676678241146126
"erlotinib","regression","rf",1,4,11,"mtry","10",0.0676659967892915
"erlotinib","regression","rf",1,4,11,"min.node.size","3",0.0676659967892915
"erlotinib","regression","rf",1,4,11,"sample.fraction","0.75",0.0676659967892915
"erlotinib","regression","rf",1,4,11,"max.depth","30",0.0676659967892915
"erlotinib","regression","rf",1,4,11,"num.trees","500",0.0676659967892915
"erlotinib","regression","rf",1,4,12,"mtry","5",0.0666732979686884
"erlotinib","regression","rf",1,4,12,"min.node.size","10",0.0666732979686884
"erlotinib","regression","rf",1,4,12,"sample.fraction","0.75",0.0666732979686884
"erlotinib","regression","rf",1,4,12,"max.depth","40",0.0666732979686884
"erlotinib","regression","rf",1,4,12,"num.trees","500",0.0666732979686884
"erlotinib","regression","ridge",1,4,1,"alpha","0",0.0763635233910305
"erlotinib","regression","ridge",1,4,1,"lambda","0.2867139052",0.0763635233910305
"erlotinib","regression","ridge",1,4,1,"measure","mse",0.0763635233910305
"erlotinib","regression","lasso",1,4,1,"alpha","1",0.0770856845494969
"erlotinib","regression","lasso",1,4,1,"lambda","0.0103039635",0.0770856845494969
"erlotinib","regression","lasso",1,4,1,"measure","mse",0.0770856845494969
"erlotinib","regression","enet",1,4,1,"alpha","0.1",0.076478764225515
"erlotinib","regression","enet",1,4,1,"lambda","0.07102122354",0.076478764225515
"erlotinib","regression","enet",1,4,1,"measure","mse",0.076478764225515
"erlotinib","regression","enet",1,4,2,"alpha","0.2",0.0767030636727278
"erlotinib","regression","enet",1,4,2,"lambda","0.0427726576",0.0767030636727278
"erlotinib","regression","enet",1,4,2,"measure","mse",0.0767030636727278
"erlotinib","regression","enet",1,4,3,"alpha","0.3",0.0768479512713481
"erlotinib","regression","enet",1,4,3,"lambda","0.02987287326",0.0768479512713481
"erlotinib","regression","enet",1,4,3,"measure","mse",0.0768479512713481
"erlotinib","regression","enet",1,4,4,"alpha","0.4",0.0769331122330466
"erlotinib","regression","enet",1,4,4,"lambda","0.02240465494",0.0769331122330466
"erlotinib","regression","enet",1,4,4,"measure","mse",0.0769331122330466
"erlotinib","regression","enet",1,4,5,"alpha","0.5",0.0769835147016442
"erlotinib","regression","enet",1,4,5,"lambda","0.01792372395",0.0769835147016442
"erlotinib","regression","enet",1,4,5,"measure","mse",0.0769835147016442
"erlotinib","regression","enet",1,4,6,"alpha","0.6",0.0770261201712684
"erlotinib","regression","enet",1,4,6,"lambda","0.0156476463",0.0770261201712684
"erlotinib","regression","enet",1,4,6,"measure","mse",0.0770261201712684
"erlotinib","regression","enet",1,4,7,"alpha","0.7",0.0770639475488929
"erlotinib","regression","enet",1,4,7,"lambda","0.01341226826",0.0770639475488929
"erlotinib","regression","enet",1,4,7,"measure","mse",0.0770639475488929
"erlotinib","regression","enet",1,4,8,"alpha","0.8",0.077086506827244
"erlotinib","regression","enet",1,4,8,"lambda","0.01229454057",0.077086506827244
"erlotinib","regression","enet",1,4,8,"measure","mse",0.077086506827244
"erlotinib","regression","enet",1,4,9,"alpha","0.9",0.0770902048465452
"erlotinib","regression","enet",1,4,9,"lambda","0.01144884833",0.0770902048465452
"erlotinib","regression","enet",1,4,9,"measure","mse",0.0770902048465452
"erlotinib","regression","svm_linear",1,4,1,"cost","0.01",0.0691815829960103
"erlotinib","regression","svm_linear",1,4,1,"epsilon","0.05",0.0691815829960103
"erlotinib","regression","svm_linear",1,4,2,"cost","0.1",0.0975960932466392
"erlotinib","regression","svm_linear",1,4,2,"epsilon","0.05",0.0975960932466392
"erlotinib","regression","svm_linear",1,4,3,"cost","1",0.135539075446205
"erlotinib","regression","svm_linear",1,4,3,"epsilon","0.05",0.135539075446205
"erlotinib","regression","svm_linear",1,4,4,"cost","10",0.135539075446205
"erlotinib","regression","svm_linear",1,4,4,"epsilon","0.05",0.135539075446205
"erlotinib","regression","svm_linear",1,4,5,"cost","0.01",0.0685974340532309
"erlotinib","regression","svm_linear",1,4,5,"epsilon","0.1",0.0685974340532309
"erlotinib","regression","svm_linear",1,4,6,"cost","0.1",0.0965506438069095
"erlotinib","regression","svm_linear",1,4,6,"epsilon","0.1",0.0965506438069095
"erlotinib","regression","svm_linear",1,4,7,"cost","1",0.129249392807219
"erlotinib","regression","svm_linear",1,4,7,"epsilon","0.1",0.129249392807219
"erlotinib","regression","svm_linear",1,4,8,"cost","10",0.129249392807219
"erlotinib","regression","svm_linear",1,4,8,"epsilon","0.1",0.129249392807219
"erlotinib","regression","svm_linear",1,4,9,"cost","0.01",0.0679190022792354
"erlotinib","regression","svm_linear",1,4,9,"epsilon","0.2",0.0679190022792354
"erlotinib","regression","svm_linear",1,4,10,"cost","0.1",0.093997945616949
"erlotinib","regression","svm_linear",1,4,10,"epsilon","0.2",0.093997945616949
"erlotinib","regression","svm_linear",1,4,11,"cost","1",0.11956123688316
"erlotinib","regression","svm_linear",1,4,11,"epsilon","0.2",0.11956123688316
"erlotinib","regression","svm_linear",1,4,12,"cost","10",0.11956123688316
"erlotinib","regression","svm_linear",1,4,12,"epsilon","0.2",0.11956123688316
"erlotinib","regression","rf",1,5,1,"mtry","10",0.0716015085669178
"erlotinib","regression","rf",1,5,1,"min.node.size","3",0.0716015085669178
"erlotinib","regression","rf",1,5,1,"sample.fraction","0.632",0.0716015085669178
"erlotinib","regression","rf",1,5,1,"max.depth","0",0.0716015085669178
"erlotinib","regression","rf",1,5,1,"num.trees","500",0.0716015085669178
"erlotinib","regression","rf",1,5,2,"mtry","14",0.0723962495803766
"erlotinib","regression","rf",1,5,2,"min.node.size","1",0.0723962495803766
"erlotinib","regression","rf",1,5,2,"sample.fraction","0.75",0.0723962495803766
"erlotinib","regression","rf",1,5,2,"max.depth","0",0.0723962495803766
"erlotinib","regression","rf",1,5,2,"num.trees","500",0.0723962495803766
"erlotinib","regression","rf",1,5,3,"mtry","35",0.0740247279765456
"erlotinib","regression","rf",1,5,3,"min.node.size","3",0.0740247279765456
"erlotinib","regression","rf",1,5,3,"sample.fraction","0.75",0.0740247279765456
"erlotinib","regression","rf",1,5,3,"max.depth","0",0.0740247279765456
"erlotinib","regression","rf",1,5,3,"num.trees","500",0.0740247279765456
"erlotinib","regression","rf",1,5,4,"mtry","5",0.0711073223830265
"erlotinib","regression","rf",1,5,4,"min.node.size","5",0.0711073223830265
"erlotinib","regression","rf",1,5,4,"sample.fraction","0.55",0.0711073223830265
"erlotinib","regression","rf",1,5,4,"max.depth","20",0.0711073223830265
"erlotinib","regression","rf",1,5,4,"num.trees","500",0.0711073223830265
"erlotinib","regression","rf",1,5,5,"mtry","35",0.0744026292959062
"erlotinib","regression","rf",1,5,5,"min.node.size","3",0.0744026292959062
"erlotinib","regression","rf",1,5,5,"sample.fraction","0.55",0.0744026292959062
"erlotinib","regression","rf",1,5,5,"max.depth","30",0.0744026292959062
"erlotinib","regression","rf",1,5,5,"num.trees","500",0.0744026292959062
"erlotinib","regression","rf",1,5,6,"mtry","50",0.0742584690591183
"erlotinib","regression","rf",1,5,6,"min.node.size","5",0.0742584690591183
"erlotinib","regression","rf",1,5,6,"sample.fraction","0.55",0.0742584690591183
"erlotinib","regression","rf",1,5,6,"max.depth","30",0.0742584690591183
"erlotinib","regression","rf",1,5,6,"num.trees","500",0.0742584690591183
"erlotinib","regression","rf",1,5,7,"mtry","5",0.0718246067167027
"erlotinib","regression","rf",1,5,7,"min.node.size","1",0.0718246067167027
"erlotinib","regression","rf",1,5,7,"sample.fraction","0.75",0.0718246067167027
"erlotinib","regression","rf",1,5,7,"max.depth","30",0.0718246067167027
"erlotinib","regression","rf",1,5,7,"num.trees","500",0.0718246067167027
"erlotinib","regression","rf",1,5,8,"mtry","20",0.0730339413326766
"erlotinib","regression","rf",1,5,8,"min.node.size","3",0.0730339413326766
"erlotinib","regression","rf",1,5,8,"sample.fraction","0.75",0.0730339413326766
"erlotinib","regression","rf",1,5,8,"max.depth","30",0.0730339413326766
"erlotinib","regression","rf",1,5,8,"num.trees","500",0.0730339413326766
"erlotinib","regression","rf",1,5,9,"mtry","10",0.0718639919186953
"erlotinib","regression","rf",1,5,9,"min.node.size","1",0.0718639919186953
"erlotinib","regression","rf",1,5,9,"sample.fraction","0.55",0.0718639919186953
"erlotinib","regression","rf",1,5,9,"max.depth","40",0.0718639919186953
"erlotinib","regression","rf",1,5,9,"num.trees","500",0.0718639919186953
"erlotinib","regression","rf",1,5,10,"mtry","5",0.0712471417772063
"erlotinib","regression","rf",1,5,10,"min.node.size","3",0.0712471417772063
"erlotinib","regression","rf",1,5,10,"sample.fraction","0.632",0.0712471417772063
"erlotinib","regression","rf",1,5,10,"max.depth","40",0.0712471417772063
"erlotinib","regression","rf",1,5,10,"num.trees","500",0.0712471417772063
"erlotinib","regression","rf",1,5,11,"mtry","35",0.074239269826092
"erlotinib","regression","rf",1,5,11,"min.node.size","10",0.074239269826092
"erlotinib","regression","rf",1,5,11,"sample.fraction","0.632",0.074239269826092
"erlotinib","regression","rf",1,5,11,"max.depth","40",0.074239269826092
"erlotinib","regression","rf",1,5,11,"num.trees","500",0.074239269826092
"erlotinib","regression","rf",1,5,12,"mtry","10",0.0719720534941581
"erlotinib","regression","rf",1,5,12,"min.node.size","1",0.0719720534941581
"erlotinib","regression","rf",1,5,12,"sample.fraction","0.75",0.0719720534941581
"erlotinib","regression","rf",1,5,12,"max.depth","40",0.0719720534941581
"erlotinib","regression","rf",1,5,12,"num.trees","500",0.0719720534941581
"erlotinib","regression","ridge",1,5,1,"alpha","0",0.0801117658164914
"erlotinib","regression","ridge",1,5,1,"lambda","0.2985229597",0.0801117658164914
"erlotinib","regression","ridge",1,5,1,"measure","mse",0.0801117658164914
"erlotinib","regression","lasso",1,5,1,"alpha","1",0.0799354892144695
"erlotinib","regression","lasso",1,5,1,"lambda","0.007058543776",0.0799354892144695
"erlotinib","regression","lasso",1,5,1,"measure","mse",0.0799354892144695
"erlotinib","regression","enet",1,5,1,"alpha","0.1",0.0794875938954108
"erlotinib","regression","enet",1,5,1,"lambda","0.04432971207",0.0794875938954108
"erlotinib","regression","enet",1,5,1,"measure","mse",0.0794875938954108
"erlotinib","regression","enet",1,5,2,"alpha","0.2",0.0795757202878278
"erlotinib","regression","enet",1,5,2,"lambda","0.02669764756",0.0795757202878278
"erlotinib","regression","enet",1,5,2,"measure","mse",0.0795757202878278
"erlotinib","regression","enet",1,5,3,"alpha","0.3",0.0796736999625973
"erlotinib","regression","enet",1,5,3,"lambda","0.01864591743",0.0796736999625973
"erlotinib","regression","enet",1,5,3,"measure","mse",0.0796736999625973
"erlotinib","regression","enet",1,5,4,"alpha","0.4",0.0797414103144906
"erlotinib","regression","enet",1,5,4,"lambda","0.01534790352",0.0797414103144906
"erlotinib","regression","enet",1,5,4,"measure","mse",0.0797414103144906
"erlotinib","regression","enet",1,5,5,"alpha","0.5",0.0797946943439448
"erlotinib","regression","enet",1,5,5,"lambda","0.0128629644",0.0797946943439448
"erlotinib","regression","enet",1,5,5,"measure","mse",0.0797946943439448
"erlotinib","regression","enet",1,5,6,"alpha","0.6",0.0798431098743317
"erlotinib","regression","enet",1,5,6,"lambda","0.010719137",0.0798431098743317
"erlotinib","regression","enet",1,5,6,"measure","mse",0.0798431098743317
"erlotinib","regression","enet",1,5,7,"alpha","0.7",0.0798709057819669
"erlotinib","regression","enet",1,5,7,"lambda","0.009625317239",0.0798709057819669
"erlotinib","regression","enet",1,5,7,"measure","mse",0.0798709057819669
"erlotinib","regression","enet",1,5,8,"alpha","0.8",0.079893555311049
"erlotinib","regression","enet",1,5,8,"lambda","0.00882317972",0.079893555311049
"erlotinib","regression","enet",1,5,8,"measure","mse",0.079893555311049
"erlotinib","regression","enet",1,5,9,"alpha","0.9",0.07991018350878
"erlotinib","regression","enet",1,5,9,"lambda","0.007842826418",0.07991018350878
"erlotinib","regression","enet",1,5,9,"measure","mse",0.07991018350878
"erlotinib","regression","svm_linear",1,5,1,"cost","0.01",0.0705336920451659
"erlotinib","regression","svm_linear",1,5,1,"epsilon","0.05",0.0705336920451659
"erlotinib","regression","svm_linear",1,5,2,"cost","0.1",0.09615237613008
"erlotinib","regression","svm_linear",1,5,2,"epsilon","0.05",0.09615237613008
"erlotinib","regression","svm_linear",1,5,3,"cost","1",0.172057714821292
"erlotinib","regression","svm_linear",1,5,3,"epsilon","0.05",0.172057714821292
"erlotinib","regression","svm_linear",1,5,4,"cost","10",0.172057714821292
"erlotinib","regression","svm_linear",1,5,4,"epsilon","0.05",0.172057714821292
"erlotinib","regression","svm_linear",1,5,5,"cost","0.01",0.0702424004794318
"erlotinib","regression","svm_linear",1,5,5,"epsilon","0.1",0.0702424004794318
"erlotinib","regression","svm_linear",1,5,6,"cost","0.1",0.0957203170942378
"erlotinib","regression","svm_linear",1,5,6,"epsilon","0.1",0.0957203170942378
"erlotinib","regression","svm_linear",1,5,7,"cost","1",0.164349770922328
"erlotinib","regression","svm_linear",1,5,7,"epsilon","0.1",0.164349770922328
"erlotinib","regression","svm_linear",1,5,8,"cost","10",0.164349770922328
"erlotinib","regression","svm_linear",1,5,8,"epsilon","0.1",0.164349770922328
"erlotinib","regression","svm_linear",1,5,9,"cost","0.01",0.0693885156079726
"erlotinib","regression","svm_linear",1,5,9,"epsilon","0.2",0.0693885156079726
"erlotinib","regression","svm_linear",1,5,10,"cost","0.1",0.0958960854310122
"erlotinib","regression","svm_linear",1,5,10,"epsilon","0.2",0.0958960854310122
"erlotinib","regression","svm_linear",1,5,11,"cost","1",0.149963099101816
"erlotinib","regression","svm_linear",1,5,11,"epsilon","0.2",0.149963099101816
"erlotinib","regression","svm_linear",1,5,12,"cost","10",0.149963099101816
"erlotinib","regression","svm_linear",1,5,12,"epsilon","0.2",0.149963099101816
"erlotinib","regression","rf",2,1,1,"mtry","5",0.0812106393427928
"erlotinib","regression","rf",2,1,1,"min.node.size","5",0.0812106393427928
"erlotinib","regression","rf",2,1,1,"sample.fraction","0.55",0.0812106393427928
"erlotinib","regression","rf",2,1,1,"max.depth","0",0.0812106393427928
"erlotinib","regression","rf",2,1,1,"num.trees","500",0.0812106393427928
"erlotinib","regression","rf",2,1,2,"mtry","5",0.0808639946157852
"erlotinib","regression","rf",2,1,2,"min.node.size","10",0.0808639946157852
"erlotinib","regression","rf",2,1,2,"sample.fraction","0.75",0.0808639946157852
"erlotinib","regression","rf",2,1,2,"max.depth","0",0.0808639946157852
"erlotinib","regression","rf",2,1,2,"num.trees","500",0.0808639946157852
"erlotinib","regression","rf",2,1,3,"mtry","10",0.0821676006386481
"erlotinib","regression","rf",2,1,3,"min.node.size","1",0.0821676006386481
"erlotinib","regression","rf",2,1,3,"sample.fraction","0.55",0.0821676006386481
"erlotinib","regression","rf",2,1,3,"max.depth","20",0.0821676006386481
"erlotinib","regression","rf",2,1,3,"num.trees","500",0.0821676006386481
"erlotinib","regression","rf",2,1,4,"mtry","14",0.0829657139340938
"erlotinib","regression","rf",2,1,4,"min.node.size","1",0.0829657139340938
"erlotinib","regression","rf",2,1,4,"sample.fraction","0.55",0.0829657139340938
"erlotinib","regression","rf",2,1,4,"max.depth","20",0.0829657139340938
"erlotinib","regression","rf",2,1,4,"num.trees","500",0.0829657139340938
"erlotinib","regression","rf",2,1,5,"mtry","35",0.0853079015251677
"erlotinib","regression","rf",2,1,5,"min.node.size","1",0.0853079015251677
"erlotinib","regression","rf",2,1,5,"sample.fraction","0.632",0.0853079015251677
"erlotinib","regression","rf",2,1,5,"max.depth","20",0.0853079015251677
"erlotinib","regression","rf",2,1,5,"num.trees","500",0.0853079015251677
"erlotinib","regression","rf",2,1,6,"mtry","10",0.0818671443570052
"erlotinib","regression","rf",2,1,6,"min.node.size","5",0.0818671443570052
"erlotinib","regression","rf",2,1,6,"sample.fraction","0.632",0.0818671443570052
"erlotinib","regression","rf",2,1,6,"max.depth","20",0.0818671443570052
"erlotinib","regression","rf",2,1,6,"num.trees","500",0.0818671443570052
"erlotinib","regression","rf",2,1,7,"mtry","14",0.0827700677293478
"erlotinib","regression","rf",2,1,7,"min.node.size","3",0.0827700677293478
"erlotinib","regression","rf",2,1,7,"sample.fraction","0.75",0.0827700677293478
"erlotinib","regression","rf",2,1,7,"max.depth","20",0.0827700677293478
"erlotinib","regression","rf",2,1,7,"num.trees","500",0.0827700677293478
"erlotinib","regression","rf",2,1,8,"mtry","35",0.0851214812825126
"erlotinib","regression","rf",2,1,8,"min.node.size","5",0.0851214812825126
"erlotinib","regression","rf",2,1,8,"sample.fraction","0.75",0.0851214812825126
"erlotinib","regression","rf",2,1,8,"max.depth","20",0.0851214812825126
"erlotinib","regression","rf",2,1,8,"num.trees","500",0.0851214812825126
"erlotinib","regression","rf",2,1,9,"mtry","10",0.0814734949588717
"erlotinib","regression","rf",2,1,9,"min.node.size","10",0.0814734949588717
"erlotinib","regression","rf",2,1,9,"sample.fraction","0.55",0.0814734949588717
"erlotinib","regression","rf",2,1,9,"max.depth","30",0.0814734949588717
"erlotinib","regression","rf",2,1,9,"num.trees","500",0.0814734949588717
"erlotinib","regression","rf",2,1,10,"mtry","5",0.0814690109496342
"erlotinib","regression","rf",2,1,10,"min.node.size","3",0.0814690109496342
"erlotinib","regression","rf",2,1,10,"sample.fraction","0.632",0.0814690109496342
"erlotinib","regression","rf",2,1,10,"max.depth","40",0.0814690109496342
"erlotinib","regression","rf",2,1,10,"num.trees","500",0.0814690109496342
"erlotinib","regression","rf",2,1,11,"mtry","10",0.0821783782867902
"erlotinib","regression","rf",2,1,11,"min.node.size","3",0.0821783782867902
"erlotinib","regression","rf",2,1,11,"sample.fraction","0.632",0.0821783782867902
"erlotinib","regression","rf",2,1,11,"max.depth","40",0.0821783782867902
"erlotinib","regression","rf",2,1,11,"num.trees","500",0.0821783782867902
"erlotinib","regression","rf",2,1,12,"mtry","10",0.0823723691314264
"erlotinib","regression","rf",2,1,12,"min.node.size","1",0.0823723691314264
"erlotinib","regression","rf",2,1,12,"sample.fraction","0.75",0.0823723691314264
"erlotinib","regression","rf",2,1,12,"max.depth","40",0.0823723691314264
"erlotinib","regression","rf",2,1,12,"num.trees","500",0.0823723691314264
"erlotinib","regression","ridge",2,1,1,"alpha","0",0.0805205965823322
"erlotinib","regression","ridge",2,1,1,"lambda","0.345205823",0.0805205965823322
"erlotinib","regression","ridge",2,1,1,"measure","mse",0.0805205965823322
"erlotinib","regression","lasso",2,1,1,"alpha","1",0.0803508852105507
"erlotinib","regression","lasso",2,1,1,"lambda","0.005126196911",0.0803508852105507
"erlotinib","regression","lasso",2,1,1,"measure","mse",0.0803508852105507
"erlotinib","regression","enet",2,1,1,"alpha","0.1",0.0805172277950577
"erlotinib","regression","enet",2,1,1,"lambda","0.05126196911",0.0805172277950577
"erlotinib","regression","enet",2,1,1,"measure","mse",0.0805172277950577
"erlotinib","regression","enet",2,1,2,"alpha","0.2",0.0805692057631965
"erlotinib","regression","enet",2,1,2,"lambda","0.02563098456",0.0805692057631965
"erlotinib","regression","enet",2,1,2,"measure","mse",0.0805692057631965
"erlotinib","regression","enet",2,1,3,"alpha","0.3",0.0805233143503879
"erlotinib","regression","enet",2,1,3,"lambda","0.01790094879",0.0805233143503879
"erlotinib","regression","enet",2,1,3,"measure","mse",0.0805233143503879
"erlotinib","regression","enet",2,1,4,"alpha","0.4",0.080437641546143
"erlotinib","regression","enet",2,1,4,"lambda","0.01342571159",0.080437641546143
"erlotinib","regression","enet",2,1,4,"measure","mse",0.080437641546143
"erlotinib","regression","enet",2,1,5,"alpha","0.5",0.0803800786461529
"erlotinib","regression","enet",2,1,5,"lambda","0.01074056927",0.0803800786461529
"erlotinib","regression","enet",2,1,5,"measure","mse",0.0803800786461529
"erlotinib","regression","enet",2,1,6,"alpha","0.6",0.0803434845336832
"erlotinib","regression","enet",2,1,6,"lambda","0.008950474394",0.0803434845336832
"erlotinib","regression","enet",2,1,6,"measure","mse",0.0803434845336832
"erlotinib","regression","enet",2,1,7,"alpha","0.7",0.0803453424373896
"erlotinib","regression","enet",2,1,7,"lambda","0.007671835195",0.0803453424373896
"erlotinib","regression","enet",2,1,7,"measure","mse",0.0803453424373896
"erlotinib","regression","enet",2,1,8,"alpha","0.8",0.0803499491314125
"erlotinib","regression","enet",2,1,8,"lambda","0.006712855795",0.0803499491314125
"erlotinib","regression","enet",2,1,8,"measure","mse",0.0803499491314125
"erlotinib","regression","enet",2,1,9,"alpha","0.9",0.0803532473842109
"erlotinib","regression","enet",2,1,9,"lambda","0.005695774346",0.0803532473842109
"erlotinib","regression","enet",2,1,9,"measure","mse",0.0803532473842109
"erlotinib","regression","svm_linear",2,1,1,"cost","0.01",0.0833659555666538
"erlotinib","regression","svm_linear",2,1,1,"epsilon","0.05",0.0833659555666538
"erlotinib","regression","svm_linear",2,1,2,"cost","0.1",0.101961278332004
"erlotinib","regression","svm_linear",2,1,2,"epsilon","0.05",0.101961278332004
"erlotinib","regression","svm_linear",2,1,3,"cost","1",0.153710784438143
"erlotinib","regression","svm_linear",2,1,3,"epsilon","0.05",0.153710784438143
"erlotinib","regression","svm_linear",2,1,4,"cost","10",0.153710784438143
"erlotinib","regression","svm_linear",2,1,4,"epsilon","0.05",0.153710784438143
"erlotinib","regression","svm_linear",2,1,5,"cost","0.01",0.0825818995165861
"erlotinib","regression","svm_linear",2,1,5,"epsilon","0.1",0.0825818995165861
"erlotinib","regression","svm_linear",2,1,6,"cost","0.1",0.102232342490253
"erlotinib","regression","svm_linear",2,1,6,"epsilon","0.1",0.102232342490253
"erlotinib","regression","svm_linear",2,1,7,"cost","1",0.147129597810094
"erlotinib","regression","svm_linear",2,1,7,"epsilon","0.1",0.147129597810094
"erlotinib","regression","svm_linear",2,1,8,"cost","10",0.147129597810094
"erlotinib","regression","svm_linear",2,1,8,"epsilon","0.1",0.147129597810094
"erlotinib","regression","svm_linear",2,1,9,"cost","0.01",0.0812393946214203
"erlotinib","regression","svm_linear",2,1,9,"epsilon","0.2",0.0812393946214203
"erlotinib","regression","svm_linear",2,1,10,"cost","0.1",0.101474102908436
"erlotinib","regression","svm_linear",2,1,10,"epsilon","0.2",0.101474102908436
"erlotinib","regression","svm_linear",2,1,11,"cost","1",0.13611340687983
"erlotinib","regression","svm_linear",2,1,11,"epsilon","0.2",0.13611340687983
"erlotinib","regression","svm_linear",2,1,12,"cost","10",0.13611340687983
"erlotinib","regression","svm_linear",2,1,12,"epsilon","0.2",0.13611340687983
"erlotinib","regression","rf",2,2,1,"mtry","10",0.0621302935057501
"erlotinib","regression","rf",2,2,1,"min.node.size","3",0.0621302935057501
"erlotinib","regression","rf",2,2,1,"sample.fraction","0.55",0.0621302935057501
"erlotinib","regression","rf",2,2,1,"max.depth","0",0.0621302935057501
"erlotinib","regression","rf",2,2,1,"num.trees","500",0.0621302935057501
"erlotinib","regression","rf",2,2,2,"mtry","10",0.0623140227400654
"erlotinib","regression","rf",2,2,2,"min.node.size","1",0.0623140227400654
"erlotinib","regression","rf",2,2,2,"sample.fraction","0.632",0.0623140227400654
"erlotinib","regression","rf",2,2,2,"max.depth","0",0.0623140227400654
"erlotinib","regression","rf",2,2,2,"num.trees","500",0.0623140227400654
"erlotinib","regression","rf",2,2,3,"mtry","20",0.0630997666665722
"erlotinib","regression","rf",2,2,3,"min.node.size","3",0.0630997666665722
"erlotinib","regression","rf",2,2,3,"sample.fraction","0.632",0.0630997666665722
"erlotinib","regression","rf",2,2,3,"max.depth","0",0.0630997666665722
"erlotinib","regression","rf",2,2,3,"num.trees","500",0.0630997666665722
"erlotinib","regression","rf",2,2,4,"mtry","35",0.0649256153818436
"erlotinib","regression","rf",2,2,4,"min.node.size","3",0.0649256153818436
"erlotinib","regression","rf",2,2,4,"sample.fraction","0.75",0.0649256153818436
"erlotinib","regression","rf",2,2,4,"max.depth","0",0.0649256153818436
"erlotinib","regression","rf",2,2,4,"num.trees","500",0.0649256153818436
"erlotinib","regression","rf",2,2,5,"mtry","50",0.0643170341445978
"erlotinib","regression","rf",2,2,5,"min.node.size","1",0.0643170341445978
"erlotinib","regression","rf",2,2,5,"sample.fraction","0.55",0.0643170341445978
"erlotinib","regression","rf",2,2,5,"max.depth","20",0.0643170341445978
"erlotinib","regression","rf",2,2,5,"num.trees","500",0.0643170341445978
"erlotinib","regression","rf",2,2,6,"mtry","10",0.0620935312582377
"erlotinib","regression","rf",2,2,6,"min.node.size","5",0.0620935312582377
"erlotinib","regression","rf",2,2,6,"sample.fraction","0.55",0.0620935312582377
"erlotinib","regression","rf",2,2,6,"max.depth","20",0.0620935312582377
"erlotinib","regression","rf",2,2,6,"num.trees","500",0.0620935312582377
"erlotinib","regression","rf",2,2,7,"mtry","14",0.0621879253007479
"erlotinib","regression","rf",2,2,7,"min.node.size","3",0.0621879253007479
"erlotinib","regression","rf",2,2,7,"sample.fraction","0.632",0.0621879253007479
"erlotinib","regression","rf",2,2,7,"max.depth","20",0.0621879253007479
"erlotinib","regression","rf",2,2,7,"num.trees","500",0.0621879253007479
"erlotinib","regression","rf",2,2,8,"mtry","20",0.0630997666665722
"erlotinib","regression","rf",2,2,8,"min.node.size","3",0.0630997666665722
"erlotinib","regression","rf",2,2,8,"sample.fraction","0.632",0.0630997666665722
"erlotinib","regression","rf",2,2,8,"max.depth","30",0.0630997666665722
"erlotinib","regression","rf",2,2,8,"num.trees","500",0.0630997666665722
"erlotinib","regression","rf",2,2,9,"mtry","5",0.0616154287022315
"erlotinib","regression","rf",2,2,9,"min.node.size","3",0.0616154287022315
"erlotinib","regression","rf",2,2,9,"sample.fraction","0.75",0.0616154287022315
"erlotinib","regression","rf",2,2,9,"max.depth","30",0.0616154287022315
"erlotinib","regression","rf",2,2,9,"num.trees","500",0.0616154287022315
"erlotinib","regression","rf",2,2,10,"mtry","10",0.0624155940581555
"erlotinib","regression","rf",2,2,10,"min.node.size","10",0.0624155940581555
"erlotinib","regression","rf",2,2,10,"sample.fraction","0.75",0.0624155940581555
"erlotinib","regression","rf",2,2,10,"max.depth","30",0.0624155940581555
"erlotinib","regression","rf",2,2,10,"num.trees","500",0.0624155940581555
"erlotinib","regression","rf",2,2,11,"mtry","35",0.0643514804520999
"erlotinib","regression","rf",2,2,11,"min.node.size","1",0.0643514804520999
"erlotinib","regression","rf",2,2,11,"sample.fraction","0.632",0.0643514804520999
"erlotinib","regression","rf",2,2,11,"max.depth","40",0.0643514804520999
"erlotinib","regression","rf",2,2,11,"num.trees","500",0.0643514804520999
"erlotinib","regression","rf",2,2,12,"mtry","35",0.0649256153818436
"erlotinib","regression","rf",2,2,12,"min.node.size","3",0.0649256153818436
"erlotinib","regression","rf",2,2,12,"sample.fraction","0.75",0.0649256153818436
"erlotinib","regression","rf",2,2,12,"max.depth","40",0.0649256153818436
"erlotinib","regression","rf",2,2,12,"num.trees","500",0.0649256153818436
"erlotinib","regression","ridge",2,2,1,"alpha","0",0.0672467352479313
"erlotinib","regression","ridge",2,2,1,"lambda","0.3086239836",0.0672467352479313
"erlotinib","regression","ridge",2,2,1,"measure","mse",0.0672467352479313
"erlotinib","regression","lasso",2,2,1,"alpha","1",0.0679150348427216
"erlotinib","regression","lasso",2,2,1,"lambda","0.007644851727",0.0679150348427216
"erlotinib","regression","lasso",2,2,1,"measure","mse",0.0679150348427216
"erlotinib","regression","enet",2,2,1,"alpha","0.1",0.0672266334302683
"erlotinib","regression","enet",2,2,1,"lambda","0.04582968206",0.0672266334302683
"erlotinib","regression","enet",2,2,1,"measure","mse",0.0672266334302683
"erlotinib","regression","enet",2,2,2,"alpha","0.2",0.0675156809188945
"erlotinib","regression","enet",2,2,2,"lambda","0.02514900974",0.0675156809188945
"erlotinib","regression","enet",2,2,2,"measure","mse",0.0675156809188945
"erlotinib","regression","enet",2,2,3,"alpha","0.3",0.067654117116652
"erlotinib","regression","enet",2,2,3,"lambda","0.01676600649",0.067654117116652
"erlotinib","regression","enet",2,2,3,"measure","mse",0.067654117116652
"erlotinib","regression","enet",2,2,4,"alpha","0.4",0.0677659294778134
"erlotinib","regression","enet",2,2,4,"lambda","0.01317324939",0.0677659294778134
"erlotinib","regression","enet",2,2,4,"measure","mse",0.0677659294778134
"erlotinib","regression","enet",2,2,5,"alpha","0.5",0.0678533987585323
"erlotinib","regression","enet",2,2,5,"lambda","0.01156609995",0.0678533987585323
"erlotinib","regression","enet",2,2,5,"measure","mse",0.0678533987585323
"erlotinib","regression","enet",2,2,6,"alpha","0.6",0.0678803079765865
"erlotinib","regression","enet",2,2,6,"lambda","0.01057815035",0.0678803079765865
"erlotinib","regression","enet",2,2,6,"measure","mse",0.0678803079765865
"erlotinib","regression","enet",2,2,7,"alpha","0.7",0.0678922196203658
"erlotinib","regression","enet",2,2,7,"lambda","0.009066986013",0.0678922196203658
"erlotinib","regression","enet",2,2,7,"measure","mse",0.0678922196203658
"erlotinib","regression","enet",2,2,8,"alpha","0.8",0.0679028888333478
"erlotinib","regression","enet",2,2,8,"lambda","0.007933612761",0.0679028888333478
"erlotinib","regression","enet",2,2,8,"measure","mse",0.0679028888333478
"erlotinib","regression","enet",2,2,9,"alpha","0.9",0.0679160986917609
"erlotinib","regression","enet",2,2,9,"lambda","0.007052100232",0.0679160986917609
"erlotinib","regression","enet",2,2,9,"measure","mse",0.0679160986917609
"erlotinib","regression","svm_linear",2,2,1,"cost","0.01",0.0669683595944446
"erlotinib","regression","svm_linear",2,2,1,"epsilon","0.05",0.0669683595944446
"erlotinib","regression","svm_linear",2,2,2,"cost","0.1",0.0886362106431627
"erlotinib","regression","svm_linear",2,2,2,"epsilon","0.05",0.0886362106431627
"erlotinib","regression","svm_linear",2,2,3,"cost","1",0.136198502186677
"erlotinib","regression","svm_linear",2,2,3,"epsilon","0.05",0.136198502186677
"erlotinib","regression","svm_linear",2,2,4,"cost","10",0.136198502186677
"erlotinib","regression","svm_linear",2,2,4,"epsilon","0.05",0.136198502186677
"erlotinib","regression","svm_linear",2,2,5,"cost","0.01",0.065905306123867
"erlotinib","regression","svm_linear",2,2,5,"epsilon","0.1",0.065905306123867
"erlotinib","regression","svm_linear",2,2,6,"cost","0.1",0.0868115683068692
"erlotinib","regression","svm_linear",2,2,6,"epsilon","0.1",0.0868115683068692
"erlotinib","regression","svm_linear",2,2,7,"cost","1",0.130150550808923
"erlotinib","regression","svm_linear",2,2,7,"epsilon","0.1",0.130150550808923
"erlotinib","regression","svm_linear",2,2,8,"cost","10",0.130150550808923
"erlotinib","regression","svm_linear",2,2,8,"epsilon","0.1",0.130150550808923
"erlotinib","regression","svm_linear",2,2,9,"cost","0.01",0.0635248375494551
"erlotinib","regression","svm_linear",2,2,9,"epsilon","0.2",0.0635248375494551
"erlotinib","regression","svm_linear",2,2,10,"cost","0.1",0.0840664594093462
"erlotinib","regression","svm_linear",2,2,10,"epsilon","0.2",0.0840664594093462
"erlotinib","regression","svm_linear",2,2,11,"cost","1",0.119784319863801
"erlotinib","regression","svm_linear",2,2,11,"epsilon","0.2",0.119784319863801
"erlotinib","regression","svm_linear",2,2,12,"cost","10",0.119784319863801
"erlotinib","regression","svm_linear",2,2,12,"epsilon","0.2",0.119784319863801
"erlotinib","regression","rf",2,3,1,"mtry","20",0.0806297650592594
"erlotinib","regression","rf",2,3,1,"min.node.size","5",0.0806297650592594
"erlotinib","regression","rf",2,3,1,"sample.fraction","0.632",0.0806297650592594
"erlotinib","regression","rf",2,3,1,"max.depth","0",0.0806297650592594
"erlotinib","regression","rf",2,3,1,"num.trees","500",0.0806297650592594
"erlotinib","regression","rf",2,3,2,"mtry","14",0.0801602271644773
"erlotinib","regression","rf",2,3,2,"min.node.size","10",0.0801602271644773
"erlotinib","regression","rf",2,3,2,"sample.fraction","0.632",0.0801602271644773
"erlotinib","regression","rf",2,3,2,"max.depth","0",0.0801602271644773
"erlotinib","regression","rf",2,3,2,"num.trees","500",0.0801602271644773
"erlotinib","regression","rf",2,3,3,"mtry","20",0.0806300703971417
"erlotinib","regression","rf",2,3,3,"min.node.size","5",0.0806300703971417
"erlotinib","regression","rf",2,3,3,"sample.fraction","0.632",0.0806300703971417
"erlotinib","regression","rf",2,3,3,"max.depth","20",0.0806300703971417
"erlotinib","regression","rf",2,3,3,"num.trees","500",0.0806300703971417
"erlotinib","regression","rf",2,3,4,"mtry","50",0.084042308038693
"erlotinib","regression","rf",2,3,4,"min.node.size","1",0.084042308038693
"erlotinib","regression","rf",2,3,4,"sample.fraction","0.75",0.084042308038693
"erlotinib","regression","rf",2,3,4,"max.depth","20",0.084042308038693
"erlotinib","regression","rf",2,3,4,"num.trees","500",0.084042308038693
"erlotinib","regression","rf",2,3,5,"mtry","14",0.0800993699527075
"erlotinib","regression","rf",2,3,5,"min.node.size","5",0.0800993699527075
"erlotinib","regression","rf",2,3,5,"sample.fraction","0.75",0.0800993699527075
"erlotinib","regression","rf",2,3,5,"max.depth","20",0.0800993699527075
"erlotinib","regression","rf",2,3,5,"num.trees","500",0.0800993699527075
"erlotinib","regression","rf",2,3,6,"mtry","50",0.0836225334313417
"erlotinib","regression","rf",2,3,6,"min.node.size","5",0.0836225334313417
"erlotinib","regression","rf",2,3,6,"sample.fraction","0.75",0.0836225334313417
"erlotinib","regression","rf",2,3,6,"max.depth","20",0.0836225334313417
"erlotinib","regression","rf",2,3,6,"num.trees","500",0.0836225334313417
"erlotinib","regression","rf",2,3,7,"mtry","5",0.0806885372748633
"erlotinib","regression","rf",2,3,7,"min.node.size","3",0.0806885372748633
"erlotinib","regression","rf",2,3,7,"sample.fraction","0.75",0.0806885372748633
"erlotinib","regression","rf",2,3,7,"max.depth","30",0.0806885372748633
"erlotinib","regression","rf",2,3,7,"num.trees","500",0.0806885372748633
"erlotinib","regression","rf",2,3,8,"mtry","14",0.0800986728864996
"erlotinib","regression","rf",2,3,8,"min.node.size","5",0.0800986728864996
"erlotinib","regression","rf",2,3,8,"sample.fraction","0.75",0.0800986728864996
"erlotinib","regression","rf",2,3,8,"max.depth","30",0.0800986728864996
"erlotinib","regression","rf",2,3,8,"num.trees","500",0.0800986728864996
"erlotinib","regression","rf",2,3,9,"mtry","14",0.0801919715497089
"erlotinib","regression","rf",2,3,9,"min.node.size","1",0.0801919715497089
"erlotinib","regression","rf",2,3,9,"sample.fraction","0.55",0.0801919715497089
"erlotinib","regression","rf",2,3,9,"max.depth","40",0.0801919715497089
"erlotinib","regression","rf",2,3,9,"num.trees","500",0.0801919715497089
"erlotinib","regression","rf",2,3,10,"mtry","10",0.0802171121056889
"erlotinib","regression","rf",2,3,10,"min.node.size","5",0.0802171121056889
"erlotinib","regression","rf",2,3,10,"sample.fraction","0.55",0.0802171121056889
"erlotinib","regression","rf",2,3,10,"max.depth","40",0.0802171121056889
"erlotinib","regression","rf",2,3,10,"num.trees","500",0.0802171121056889
"erlotinib","regression","rf",2,3,11,"mtry","10",0.080244102781662
"erlotinib","regression","rf",2,3,11,"min.node.size","3",0.080244102781662
"erlotinib","regression","rf",2,3,11,"sample.fraction","0.632",0.080244102781662
"erlotinib","regression","rf",2,3,11,"max.depth","40",0.080244102781662
"erlotinib","regression","rf",2,3,11,"num.trees","500",0.080244102781662
"erlotinib","regression","rf",2,3,12,"mtry","5",0.0805161460129616
"erlotinib","regression","rf",2,3,12,"min.node.size","5",0.0805161460129616
"erlotinib","regression","rf",2,3,12,"sample.fraction","0.75",0.0805161460129616
"erlotinib","regression","rf",2,3,12,"max.depth","40",0.0805161460129616
"erlotinib","regression","rf",2,3,12,"num.trees","500",0.0805161460129616
"erlotinib","regression","ridge",2,3,1,"alpha","0",0.0821455422907565
"erlotinib","regression","ridge",2,3,1,"lambda","0.3413463512",0.0821455422907565
"erlotinib","regression","ridge",2,3,1,"measure","mse",0.0821455422907565
"erlotinib","regression","lasso",2,3,1,"alpha","1",0.0815583263245995
"erlotinib","regression","lasso",2,3,1,"lambda","0.008858020459",0.0815583263245995
"erlotinib","regression","lasso",2,3,1,"measure","mse",0.0815583263245995
"erlotinib","regression","enet",2,3,1,"alpha","0.1",0.0808244977597756
"erlotinib","regression","enet",2,3,1,"lambda","0.06105489904",0.0808244977597756
"erlotinib","regression","enet",2,3,1,"measure","mse",0.0808244977597756
"erlotinib","regression","enet",2,3,2,"alpha","0.2",0.0807027067352823
"erlotinib","regression","enet",2,3,2,"lambda","0.03509914864",0.0807027067352823
"erlotinib","regression","enet",2,3,2,"measure","mse",0.0807027067352823
"erlotinib","regression","enet",2,3,3,"alpha","0.3",0.0807968071215031
"erlotinib","regression","enet",2,3,3,"lambda","0.02451361401",0.0807968071215031
"erlotinib","regression","enet",2,3,3,"measure","mse",0.0807968071215031
"erlotinib","regression","enet",2,3,4,"alpha","0.4",0.0809590982524016
"erlotinib","regression","enet",2,3,4,"lambda","0.01838521051",0.0809590982524016
"erlotinib","regression","enet",2,3,4,"measure","mse",0.0809590982524016
"erlotinib","regression","enet",2,3,5,"alpha","0.5",0.0811319451233483
"erlotinib","regression","enet",2,3,5,"lambda","0.01691081952",0.0811319451233483
"erlotinib","regression","enet",2,3,5,"measure","mse",0.0811319451233483
"erlotinib","regression","enet",2,3,6,"alpha","0.6",0.0812223866684287
"erlotinib","regression","enet",2,3,6,"lambda","0.0140923496",0.0812223866684287
"erlotinib","regression","enet",2,3,6,"measure","mse",0.0812223866684287
"erlotinib","regression","enet",2,3,7,"alpha","0.7",0.0813289607394203
"erlotinib","regression","enet",2,3,7,"lambda","0.0120791568",0.0813289607394203
"erlotinib","regression","enet",2,3,7,"measure","mse",0.0813289607394203
"erlotinib","regression","enet",2,3,8,"alpha","0.8",0.0814235708115583
"erlotinib","regression","enet",2,3,8,"lambda","0.0105692622",0.0814235708115583
"erlotinib","regression","enet",2,3,8,"measure","mse",0.0814235708115583
"erlotinib","regression","enet",2,3,9,"alpha","0.9",0.0814957877048315
"erlotinib","regression","enet",2,3,9,"lambda","0.009842244955",0.0814957877048315
"erlotinib","regression","enet",2,3,9,"measure","mse",0.0814957877048315
"erlotinib","regression","svm_linear",2,3,1,"cost","0.01",0.0815880135234887
"erlotinib","regression","svm_linear",2,3,1,"epsilon","0.05",0.0815880135234887
"erlotinib","regression","svm_linear",2,3,2,"cost","0.1",0.0973570758804163
"erlotinib","regression","svm_linear",2,3,2,"epsilon","0.05",0.0973570758804163
"erlotinib","regression","svm_linear",2,3,3,"cost","1",0.15903036882937
"erlotinib","regression","svm_linear",2,3,3,"epsilon","0.05",0.15903036882937
"erlotinib","regression","svm_linear",2,3,4,"cost","10",0.16054205596477
"erlotinib","regression","svm_linear",2,3,4,"epsilon","0.05",0.16054205596477
"erlotinib","regression","svm_linear",2,3,5,"cost","0.01",0.0816371539586507
"erlotinib","regression","svm_linear",2,3,5,"epsilon","0.1",0.0816371539586507
"erlotinib","regression","svm_linear",2,3,6,"cost","0.1",0.0964634989034836
"erlotinib","regression","svm_linear",2,3,6,"epsilon","0.1",0.0964634989034836
"erlotinib","regression","svm_linear",2,3,7,"cost","1",0.153273815214813
"erlotinib","regression","svm_linear",2,3,7,"epsilon","0.1",0.153273815214813
"erlotinib","regression","svm_linear",2,3,8,"cost","10",0.153497958234481
"erlotinib","regression","svm_linear",2,3,8,"epsilon","0.1",0.153497958234481
"erlotinib","regression","svm_linear",2,3,9,"cost","0.01",0.0810354088707666
"erlotinib","regression","svm_linear",2,3,9,"epsilon","0.2",0.0810354088707666
"erlotinib","regression","svm_linear",2,3,10,"cost","0.1",0.0948313307008914
"erlotinib","regression","svm_linear",2,3,10,"epsilon","0.2",0.0948313307008914
"erlotinib","regression","svm_linear",2,3,11,"cost","1",0.140869397491024
"erlotinib","regression","svm_linear",2,3,11,"epsilon","0.2",0.140869397491024
"erlotinib","regression","svm_linear",2,3,12,"cost","10",0.140869397491024
"erlotinib","regression","svm_linear",2,3,12,"epsilon","0.2",0.140869397491024
"erlotinib","regression","rf",2,4,1,"mtry","20",0.0724678144215478
"erlotinib","regression","rf",2,4,1,"min.node.size","5",0.0724678144215478
"erlotinib","regression","rf",2,4,1,"sample.fraction","0.55",0.0724678144215478
"erlotinib","regression","rf",2,4,1,"max.depth","0",0.0724678144215478
"erlotinib","regression","rf",2,4,1,"num.trees","500",0.0724678144215478
"erlotinib","regression","rf",2,4,2,"mtry","35",0.0734868446389483
"erlotinib","regression","rf",2,4,2,"min.node.size","5",0.0734868446389483
"erlotinib","regression","rf",2,4,2,"sample.fraction","0.55",0.0734868446389483
"erlotinib","regression","rf",2,4,2,"max.depth","0",0.0734868446389483
"erlotinib","regression","rf",2,4,2,"num.trees","500",0.0734868446389483
"erlotinib","regression","rf",2,4,3,"mtry","35",0.0738841408391205
"erlotinib","regression","rf",2,4,3,"min.node.size","10",0.0738841408391205
"erlotinib","regression","rf",2,4,3,"sample.fraction","0.632",0.0738841408391205
"erlotinib","regression","rf",2,4,3,"max.depth","0",0.0738841408391205
"erlotinib","regression","rf",2,4,3,"num.trees","500",0.0738841408391205
"erlotinib","regression","rf",2,4,4,"mtry","5",0.0712462042898289
"erlotinib","regression","rf",2,4,4,"min.node.size","3",0.0712462042898289
"erlotinib","regression","rf",2,4,4,"sample.fraction","0.75",0.0712462042898289
"erlotinib","regression","rf",2,4,4,"max.depth","0",0.0712462042898289
"erlotinib","regression","rf",2,4,4,"num.trees","500",0.0712462042898289
"erlotinib","regression","rf",2,4,5,"mtry","14",0.0714312713209349
"erlotinib","regression","rf",2,4,5,"min.node.size","5",0.0714312713209349
"erlotinib","regression","rf",2,4,5,"sample.fraction","0.75",0.0714312713209349
"erlotinib","regression","rf",2,4,5,"max.depth","0",0.0714312713209349
"erlotinib","regression","rf",2,4,5,"num.trees","500",0.0714312713209349
"erlotinib","regression","rf",2,4,6,"mtry","20",0.0724280249549829
"erlotinib","regression","rf",2,4,6,"min.node.size","10",0.0724280249549829
"erlotinib","regression","rf",2,4,6,"sample.fraction","0.55",0.0724280249549829
"erlotinib","regression","rf",2,4,6,"max.depth","20",0.0724280249549829
"erlotinib","regression","rf",2,4,6,"num.trees","500",0.0724280249549829
"erlotinib","regression","rf",2,4,7,"mtry","10",0.0710901483420386
"erlotinib","regression","rf",2,4,7,"min.node.size","10",0.0710901483420386
"erlotinib","regression","rf",2,4,7,"sample.fraction","0.632",0.0710901483420386
"erlotinib","regression","rf",2,4,7,"max.depth","20",0.0710901483420386
"erlotinib","regression","rf",2,4,7,"num.trees","500",0.0710901483420386
"erlotinib","regression","rf",2,4,8,"mtry","20",0.0731142824573769
"erlotinib","regression","rf",2,4,8,"min.node.size","1",0.0731142824573769
"erlotinib","regression","rf",2,4,8,"sample.fraction","0.55",0.0731142824573769
"erlotinib","regression","rf",2,4,8,"max.depth","30",0.0731142824573769
"erlotinib","regression","rf",2,4,8,"num.trees","500",0.0731142824573769
"erlotinib","regression","rf",2,4,9,"mtry","35",0.0737532680340252
"erlotinib","regression","rf",2,4,9,"min.node.size","10",0.0737532680340252
"erlotinib","regression","rf",2,4,9,"sample.fraction","0.55",0.0737532680340252
"erlotinib","regression","rf",2,4,9,"max.depth","30",0.0737532680340252
"erlotinib","regression","rf",2,4,9,"num.trees","500",0.0737532680340252
"erlotinib","regression","rf",2,4,10,"mtry","50",0.0769607873890034
"erlotinib","regression","rf",2,4,10,"min.node.size","1",0.0769607873890034
"erlotinib","regression","rf",2,4,10,"sample.fraction","0.632",0.0769607873890034
"erlotinib","regression","rf",2,4,10,"max.depth","30",0.0769607873890034
"erlotinib","regression","rf",2,4,10,"num.trees","500",0.0769607873890034
"erlotinib","regression","rf",2,4,11,"mtry","50",0.0775162239531574
"erlotinib","regression","rf",2,4,11,"min.node.size","1",0.0775162239531574
"erlotinib","regression","rf",2,4,11,"sample.fraction","0.75",0.0775162239531574
"erlotinib","regression","rf",2,4,11,"max.depth","30",0.0775162239531574
"erlotinib","regression","rf",2,4,11,"num.trees","500",0.0775162239531574
"erlotinib","regression","rf",2,4,12,"mtry","35",0.0745348328207061
"erlotinib","regression","rf",2,4,12,"min.node.size","1",0.0745348328207061
"erlotinib","regression","rf",2,4,12,"sample.fraction","0.632",0.0745348328207061
"erlotinib","regression","rf",2,4,12,"max.depth","40",0.0745348328207061
"erlotinib","regression","rf",2,4,12,"num.trees","500",0.0745348328207061
"erlotinib","regression","ridge",2,4,1,"alpha","0",0.0717746649215842
"erlotinib","regression","ridge",2,4,1,"lambda","0.2682326686",0.0717746649215842
"erlotinib","regression","ridge",2,4,1,"measure","mse",0.0717746649215842
"erlotinib","regression","lasso",2,4,1,"alpha","1",0.0725552748921529
"erlotinib","regression","lasso",2,4,1,"lambda","0.006054064224",0.0725552748921529
"erlotinib","regression","lasso",2,4,1,"measure","mse",0.0725552748921529
"erlotinib","regression","enet",2,4,1,"alpha","0.1",0.071945311307425
"erlotinib","regression","enet",2,4,1,"lambda","0.04172831635",0.071945311307425
"erlotinib","regression","enet",2,4,1,"measure","mse",0.071945311307425
"erlotinib","regression","enet",2,4,2,"alpha","0.2",0.0721741406524216
"erlotinib","regression","enet",2,4,2,"lambda","0.02185762077",0.0721741406524216
"erlotinib","regression","enet",2,4,2,"measure","mse",0.0721741406524216
"erlotinib","regression","enet",2,4,3,"alpha","0.3",0.072302865097895
"erlotinib","regression","enet",2,4,3,"lambda","0.01838745948",0.072302865097895
"erlotinib","regression","enet",2,4,3,"measure","mse",0.072302865097895
"erlotinib","regression","enet",2,4,4,"alpha","0.4",0.0723730886203004
"erlotinib","regression","enet",2,4,4,"lambda","0.01379059461",0.0723730886203004
"erlotinib","regression","enet",2,4,4,"measure","mse",0.0723730886203004
"erlotinib","regression","enet",2,4,5,"alpha","0.5",0.0724253925987297
"erlotinib","regression","enet",2,4,5,"lambda","0.01155779532",0.0724253925987297
"erlotinib","regression","enet",2,4,5,"measure","mse",0.0724253925987297
"erlotinib","regression","enet",2,4,6,"alpha","0.6",0.0724571922180866
"erlotinib","regression","enet",2,4,6,"lambda","0.009631496103",0.0724571922180866
"erlotinib","regression","enet",2,4,6,"measure","mse",0.0724571922180866
"erlotinib","regression","enet",2,4,7,"alpha","0.7",0.0724769886106334
"erlotinib","regression","enet",2,4,7,"lambda","0.008255568088",0.0724769886106334
"erlotinib","regression","enet",2,4,7,"measure","mse",0.0724769886106334
"erlotinib","regression","enet",2,4,8,"alpha","0.8",0.0725128912498826
"erlotinib","regression","enet",2,4,8,"lambda","0.00756758028",0.0725128912498826
"erlotinib","regression","enet",2,4,8,"measure","mse",0.0725128912498826
"erlotinib","regression","enet",2,4,9,"alpha","0.9",0.0725337463516079
"erlotinib","regression","enet",2,4,9,"lambda","0.006726738027",0.0725337463516079
"erlotinib","regression","enet",2,4,9,"measure","mse",0.0725337463516079
"erlotinib","regression","svm_linear",2,4,1,"cost","0.01",0.0699539152621997
"erlotinib","regression","svm_linear",2,4,1,"epsilon","0.05",0.0699539152621997
"erlotinib","regression","svm_linear",2,4,2,"cost","0.1",0.0862083685012022
"erlotinib","regression","svm_linear",2,4,2,"epsilon","0.05",0.0862083685012022
"erlotinib","regression","svm_linear",2,4,3,"cost","1",0.11227788098089
"erlotinib","regression","svm_linear",2,4,3,"epsilon","0.05",0.11227788098089
"erlotinib","regression","svm_linear",2,4,4,"cost","10",0.11227788098089
"erlotinib","regression","svm_linear",2,4,4,"epsilon","0.05",0.11227788098089
"erlotinib","regression","svm_linear",2,4,5,"cost","0.01",0.0690133695929356
"erlotinib","regression","svm_linear",2,4,5,"epsilon","0.1",0.0690133695929356
"erlotinib","regression","svm_linear",2,4,6,"cost","0.1",0.08459040580346
"erlotinib","regression","svm_linear",2,4,6,"epsilon","0.1",0.08459040580346
"erlotinib","regression","svm_linear",2,4,7,"cost","1",0.106978381186384
"erlotinib","regression","svm_linear",2,4,7,"epsilon","0.1",0.106978381186384
"erlotinib","regression","svm_linear",2,4,8,"cost","10",0.106978381186384
"erlotinib","regression","svm_linear",2,4,8,"epsilon","0.1",0.106978381186384
"erlotinib","regression","svm_linear",2,4,9,"cost","0.01",0.0675022824004332
"erlotinib","regression","svm_linear",2,4,9,"epsilon","0.2",0.0675022824004332
"erlotinib","regression","svm_linear",2,4,10,"cost","0.1",0.0813487137968909
"erlotinib","regression","svm_linear",2,4,10,"epsilon","0.2",0.0813487137968909
"erlotinib","regression","svm_linear",2,4,11,"cost","1",0.098027392538698
"erlotinib","regression","svm_linear",2,4,11,"epsilon","0.2",0.098027392538698
"erlotinib","regression","svm_linear",2,4,12,"cost","10",0.098027392538698
"erlotinib","regression","svm_linear",2,4,12,"epsilon","0.2",0.098027392538698
"erlotinib","regression","rf",2,5,1,"mtry","10",0.0786750766738647
"erlotinib","regression","rf",2,5,1,"min.node.size","5",0.0786750766738647
"erlotinib","regression","rf",2,5,1,"sample.fraction","0.55",0.0786750766738647
"erlotinib","regression","rf",2,5,1,"max.depth","0",0.0786750766738647
"erlotinib","regression","rf",2,5,1,"num.trees","500",0.0786750766738647
"erlotinib","regression","rf",2,5,2,"mtry","14",0.0789594503212213
"erlotinib","regression","rf",2,5,2,"min.node.size","5",0.0789594503212213
"erlotinib","regression","rf",2,5,2,"sample.fraction","0.632",0.0789594503212213
"erlotinib","regression","rf",2,5,2,"max.depth","0",0.0789594503212213
"erlotinib","regression","rf",2,5,2,"num.trees","500",0.0789594503212213
"erlotinib","regression","rf",2,5,3,"mtry","10",0.0792143579147994
"erlotinib","regression","rf",2,5,3,"min.node.size","1",0.0792143579147994
"erlotinib","regression","rf",2,5,3,"sample.fraction","0.75",0.0792143579147994
"erlotinib","regression","rf",2,5,3,"max.depth","0",0.0792143579147994
"erlotinib","regression","rf",2,5,3,"num.trees","500",0.0792143579147994
"erlotinib","regression","rf",2,5,4,"mtry","5",0.0779085035383892
"erlotinib","regression","rf",2,5,4,"min.node.size","5",0.0779085035383892
"erlotinib","regression","rf",2,5,4,"sample.fraction","0.55",0.0779085035383892
"erlotinib","regression","rf",2,5,4,"max.depth","20",0.0779085035383892
"erlotinib","regression","rf",2,5,4,"num.trees","500",0.0779085035383892
"erlotinib","regression","rf",2,5,5,"mtry","35",0.0822811131865896
"erlotinib","regression","rf",2,5,5,"min.node.size","5",0.0822811131865896
"erlotinib","regression","rf",2,5,5,"sample.fraction","0.632",0.0822811131865896
"erlotinib","regression","rf",2,5,5,"max.depth","20",0.0822811131865896
"erlotinib","regression","rf",2,5,5,"num.trees","500",0.0822811131865896
"erlotinib","regression","rf",2,5,6,"mtry","14",0.0793646275249293
"erlotinib","regression","rf",2,5,6,"min.node.size","5",0.0793646275249293
"erlotinib","regression","rf",2,5,6,"sample.fraction","0.75",0.0793646275249293
"erlotinib","regression","rf",2,5,6,"max.depth","20",0.0793646275249293
"erlotinib","regression","rf",2,5,6,"num.trees","500",0.0793646275249293
"erlotinib","regression","rf",2,5,7,"mtry","50",0.084182524324484
"erlotinib","regression","rf",2,5,7,"min.node.size","1",0.084182524324484
"erlotinib","regression","rf",2,5,7,"sample.fraction","0.632",0.084182524324484
"erlotinib","regression","rf",2,5,7,"max.depth","30",0.084182524324484
"erlotinib","regression","rf",2,5,7,"num.trees","500",0.084182524324484
"erlotinib","regression","rf",2,5,8,"mtry","5",0.0783197547158545
"erlotinib","regression","rf",2,5,8,"min.node.size","1",0.0783197547158545
"erlotinib","regression","rf",2,5,8,"sample.fraction","0.75",0.0783197547158545
"erlotinib","regression","rf",2,5,8,"max.depth","30",0.0783197547158545
"erlotinib","regression","rf",2,5,8,"num.trees","500",0.0783197547158545
"erlotinib","regression","rf",2,5,9,"mtry","14",0.0800477532175481
"erlotinib","regression","rf",2,5,9,"min.node.size","1",0.0800477532175481
"erlotinib","regression","rf",2,5,9,"sample.fraction","0.75",0.0800477532175481
"erlotinib","regression","rf",2,5,9,"max.depth","30",0.0800477532175481
"erlotinib","regression","rf",2,5,9,"num.trees","500",0.0800477532175481
"erlotinib","regression","rf",2,5,10,"mtry","20",0.0807303714016572
"erlotinib","regression","rf",2,5,10,"min.node.size","3",0.0807303714016572
"erlotinib","regression","rf",2,5,10,"sample.fraction","0.55",0.0807303714016572
"erlotinib","regression","rf",2,5,10,"max.depth","40",0.0807303714016572
"erlotinib","regression","rf",2,5,10,"num.trees","500",0.0807303714016572
"erlotinib","regression","rf",2,5,11,"mtry","35",0.0826329862348531
"erlotinib","regression","rf",2,5,11,"min.node.size","3",0.0826329862348531
"erlotinib","regression","rf",2,5,11,"sample.fraction","0.632",0.0826329862348531
"erlotinib","regression","rf",2,5,11,"max.depth","40",0.0826329862348531
"erlotinib","regression","rf",2,5,11,"num.trees","500",0.0826329862348531
"erlotinib","regression","rf",2,5,12,"mtry","20",0.0808224749368718
"erlotinib","regression","rf",2,5,12,"min.node.size","5",0.0808224749368718
"erlotinib","regression","rf",2,5,12,"sample.fraction","0.75",0.0808224749368718
"erlotinib","regression","rf",2,5,12,"max.depth","40",0.0808224749368718
"erlotinib","regression","rf",2,5,12,"num.trees","500",0.0808224749368718
"erlotinib","regression","ridge",2,5,1,"alpha","0",0.0821108253527525
"erlotinib","regression","ridge",2,5,1,"lambda","0.2734453046",0.0821108253527525
"erlotinib","regression","ridge",2,5,1,"measure","mse",0.0821108253527525
"erlotinib","regression","lasso",2,5,1,"alpha","1",0.0832647385759002
"erlotinib","regression","lasso",2,5,1,"lambda","0.006171714447",0.0832647385759002
"erlotinib","regression","lasso",2,5,1,"measure","mse",0.0832647385759002
"erlotinib","regression","enet",2,5,1,"alpha","0.1",0.0826366928502709
"erlotinib","regression","enet",2,5,1,"lambda","0.04668675647",0.0826366928502709
"erlotinib","regression","enet",2,5,1,"measure","mse",0.0826366928502709
"erlotinib","regression","enet",2,5,2,"alpha","0.2",0.082695837644407
"erlotinib","regression","enet",2,5,2,"lambda","0.0256193288",0.082695837644407
"erlotinib","regression","enet",2,5,2,"measure","mse",0.082695837644407
"erlotinib","regression","enet",2,5,3,"alpha","0.3",0.082799198088323
"erlotinib","regression","enet",2,5,3,"lambda","0.01874478782",0.082799198088323
"erlotinib","regression","enet",2,5,3,"measure","mse",0.082799198088323
"erlotinib","regression","enet",2,5,4,"alpha","0.4",0.0828631266590932
"erlotinib","regression","enet",2,5,4,"lambda","0.01542928612",0.0828631266590932
"erlotinib","regression","enet",2,5,4,"measure","mse",0.0828631266590932
"erlotinib","regression","enet",2,5,5,"alpha","0.5",0.082937546844769
"erlotinib","regression","enet",2,5,5,"lambda","0.01124687269",0.082937546844769
"erlotinib","regression","enet",2,5,5,"measure","mse",0.082937546844769
"erlotinib","regression","enet",2,5,6,"alpha","0.6",0.0830295940799532
"erlotinib","regression","enet",2,5,6,"lambda","0.01077597546",0.0830295940799532
"erlotinib","regression","enet",2,5,6,"measure","mse",0.0830295940799532
"erlotinib","regression","enet",2,5,7,"alpha","0.7",0.0830964494579709
"erlotinib","regression","enet",2,5,7,"lambda","0.009236550395",0.0830964494579709
"erlotinib","regression","enet",2,5,7,"measure","mse",0.0830964494579709
"erlotinib","regression","enet",2,5,8,"alpha","0.8",0.0831552851615656
"erlotinib","regression","enet",2,5,8,"lambda","0.008081981595",0.0831552851615656
"erlotinib","regression","enet",2,5,8,"measure","mse",0.0831552851615656
"erlotinib","regression","enet",2,5,9,"alpha","0.9",0.0832159729485679
"erlotinib","regression","enet",2,5,9,"lambda","0.00718398364",0.0832159729485679
"erlotinib","regression","enet",2,5,9,"measure","mse",0.0832159729485679
"erlotinib","regression","svm_linear",2,5,1,"cost","0.01",0.0769860766165988
"erlotinib","regression","svm_linear",2,5,1,"epsilon","0.05",0.0769860766165988
"erlotinib","regression","svm_linear",2,5,2,"cost","0.1",0.10063136468507
"erlotinib","regression","svm_linear",2,5,2,"epsilon","0.05",0.10063136468507
"erlotinib","regression","svm_linear",2,5,3,"cost","1",0.160575726003301
"erlotinib","regression","svm_linear",2,5,3,"epsilon","0.05",0.160575726003301
"erlotinib","regression","svm_linear",2,5,4,"cost","10",0.160737038727929
"erlotinib","regression","svm_linear",2,5,4,"epsilon","0.05",0.160737038727929
"erlotinib","regression","svm_linear",2,5,5,"cost","0.01",0.0757546172684752
"erlotinib","regression","svm_linear",2,5,5,"epsilon","0.1",0.0757546172684752
"erlotinib","regression","svm_linear",2,5,6,"cost","0.1",0.100135208408878
"erlotinib","regression","svm_linear",2,5,6,"epsilon","0.1",0.100135208408878
"erlotinib","regression","svm_linear",2,5,7,"cost","1",0.154391680310116
"erlotinib","regression","svm_linear",2,5,7,"epsilon","0.1",0.154391680310116
"erlotinib","regression","svm_linear",2,5,8,"cost","10",0.154391680310116
"erlotinib","regression","svm_linear",2,5,8,"epsilon","0.1",0.154391680310116
"erlotinib","regression","svm_linear",2,5,9,"cost","0.01",0.0745513308637395
"erlotinib","regression","svm_linear",2,5,9,"epsilon","0.2",0.0745513308637395
"erlotinib","regression","svm_linear",2,5,10,"cost","0.1",0.0993217782329447
"erlotinib","regression","svm_linear",2,5,10,"epsilon","0.2",0.0993217782329447
"erlotinib","regression","svm_linear",2,5,11,"cost","1",0.143438731075317
"erlotinib","regression","svm_linear",2,5,11,"epsilon","0.2",0.143438731075317
"erlotinib","regression","svm_linear",2,5,12,"cost","10",0.143438731075317
"erlotinib","regression","svm_linear",2,5,12,"epsilon","0.2",0.143438731075317
"erlotinib","regression","rf",3,1,1,"mtry","20",0.0689708309088847
"erlotinib","regression","rf",3,1,1,"min.node.size","1",0.0689708309088847
"erlotinib","regression","rf",3,1,1,"sample.fraction","0.75",0.0689708309088847
"erlotinib","regression","rf",3,1,1,"max.depth","0",0.0689708309088847
"erlotinib","regression","rf",3,1,1,"num.trees","500",0.0689708309088847
"erlotinib","regression","rf",3,1,2,"mtry","35",0.0708571081623171
"erlotinib","regression","rf",3,1,2,"min.node.size","5",0.0708571081623171
"erlotinib","regression","rf",3,1,2,"sample.fraction","0.75",0.0708571081623171
"erlotinib","regression","rf",3,1,2,"max.depth","0",0.0708571081623171
"erlotinib","regression","rf",3,1,2,"num.trees","500",0.0708571081623171
"erlotinib","regression","rf",3,1,3,"mtry","10",0.068733296362209
"erlotinib","regression","rf",3,1,3,"min.node.size","1",0.068733296362209
"erlotinib","regression","rf",3,1,3,"sample.fraction","0.55",0.068733296362209
"erlotinib","regression","rf",3,1,3,"max.depth","20",0.068733296362209
"erlotinib","regression","rf",3,1,3,"num.trees","500",0.068733296362209
"erlotinib","regression","rf",3,1,4,"mtry","20",0.0697018391955321
"erlotinib","regression","rf",3,1,4,"min.node.size","10",0.0697018391955321
"erlotinib","regression","rf",3,1,4,"sample.fraction","0.632",0.0697018391955321
"erlotinib","regression","rf",3,1,4,"max.depth","20",0.0697018391955321
"erlotinib","regression","rf",3,1,4,"num.trees","500",0.0697018391955321
"erlotinib","regression","rf",3,1,5,"mtry","50",0.0718516742476106
"erlotinib","regression","rf",3,1,5,"min.node.size","1",0.0718516742476106
"erlotinib","regression","rf",3,1,5,"sample.fraction","0.55",0.0718516742476106
"erlotinib","regression","rf",3,1,5,"max.depth","30",0.0718516742476106
"erlotinib","regression","rf",3,1,5,"num.trees","500",0.0718516742476106
"erlotinib","regression","rf",3,1,6,"mtry","20",0.070058050198739
"erlotinib","regression","rf",3,1,6,"min.node.size","10",0.070058050198739
"erlotinib","regression","rf",3,1,6,"sample.fraction","0.55",0.070058050198739
"erlotinib","regression","rf",3,1,6,"max.depth","30",0.070058050198739
"erlotinib","regression","rf",3,1,6,"num.trees","500",0.070058050198739
"erlotinib","regression","rf",3,1,7,"mtry","10",0.0682998865410798
"erlotinib","regression","rf",3,1,7,"min.node.size","1",0.0682998865410798
"erlotinib","regression","rf",3,1,7,"sample.fraction","0.632",0.0682998865410798
"erlotinib","regression","rf",3,1,7,"max.depth","30",0.0682998865410798
"erlotinib","regression","rf",3,1,7,"num.trees","500",0.0682998865410798
"erlotinib","regression","rf",3,1,8,"mtry","14",0.0690864033935779
"erlotinib","regression","rf",3,1,8,"min.node.size","5",0.0690864033935779
"erlotinib","regression","rf",3,1,8,"sample.fraction","0.632",0.0690864033935779
"erlotinib","regression","rf",3,1,8,"max.depth","30",0.0690864033935779
"erlotinib","regression","rf",3,1,8,"num.trees","500",0.0690864033935779
"erlotinib","regression","rf",3,1,9,"mtry","35",0.0709462939330689
"erlotinib","regression","rf",3,1,9,"min.node.size","1",0.0709462939330689
"erlotinib","regression","rf",3,1,9,"sample.fraction","0.75",0.0709462939330689
"erlotinib","regression","rf",3,1,9,"max.depth","30",0.0709462939330689
"erlotinib","regression","rf",3,1,9,"num.trees","500",0.0709462939330689
"erlotinib","regression","rf",3,1,10,"mtry","10",0.0687330921824283
"erlotinib","regression","rf",3,1,10,"min.node.size","1",0.0687330921824283
"erlotinib","regression","rf",3,1,10,"sample.fraction","0.55",0.0687330921824283
"erlotinib","regression","rf",3,1,10,"max.depth","40",0.0687330921824283
"erlotinib","regression","rf",3,1,10,"num.trees","500",0.0687330921824283
"erlotinib","regression","rf",3,1,11,"mtry","10",0.0681505927949346
"erlotinib","regression","rf",3,1,11,"min.node.size","5",0.0681505927949346
"erlotinib","regression","rf",3,1,11,"sample.fraction","0.632",0.0681505927949346
"erlotinib","regression","rf",3,1,11,"max.depth","40",0.0681505927949346
"erlotinib","regression","rf",3,1,11,"num.trees","500",0.0681505927949346
"erlotinib","regression","rf",3,1,12,"mtry","14",0.0690864033935779
"erlotinib","regression","rf",3,1,12,"min.node.size","5",0.0690864033935779
"erlotinib","regression","rf",3,1,12,"sample.fraction","0.632",0.0690864033935779
"erlotinib","regression","rf",3,1,12,"max.depth","40",0.0690864033935779
"erlotinib","regression","rf",3,1,12,"num.trees","500",0.0690864033935779
"erlotinib","regression","ridge",3,1,1,"alpha","0",0.0715737849147936
"erlotinib","regression","ridge",3,1,1,"lambda","0.3244597964",0.0715737849147936
"erlotinib","regression","ridge",3,1,1,"measure","mse",0.0715737849147936
"erlotinib","regression","lasso",3,1,1,"alpha","1",0.0724017865645433
"erlotinib","regression","lasso",3,1,1,"lambda","0.006369277697",0.0724017865645433
"erlotinib","regression","lasso",3,1,1,"measure","mse",0.0724017865645433
"erlotinib","regression","enet",3,1,1,"alpha","0.1",0.0715537632382843
"erlotinib","regression","enet",3,1,1,"lambda","0.03644734871",0.0715537632382843
"erlotinib","regression","enet",3,1,1,"measure","mse",0.0715537632382843
"erlotinib","regression","enet",3,1,2,"alpha","0.2",0.0718905164952685
"erlotinib","regression","enet",3,1,2,"lambda","0.02299566892",0.0718905164952685
"erlotinib","regression","enet",3,1,2,"measure","mse",0.0718905164952685
"erlotinib","regression","enet",3,1,3,"alpha","0.3",0.0720350496585667
"erlotinib","regression","enet",3,1,3,"lambda","0.01762628747",0.0720350496585667
"erlotinib","regression","enet",3,1,3,"measure","mse",0.0720350496585667
"erlotinib","regression","enet",3,1,4,"alpha","0.4",0.0720829393990008
"erlotinib","regression","enet",3,1,4,"lambda","0.01519946049",0.0720829393990008
"erlotinib","regression","enet",3,1,4,"measure","mse",0.0720829393990008
"erlotinib","regression","enet",3,1,5,"alpha","0.5",0.0721061452444892
"erlotinib","regression","enet",3,1,5,"lambda","0.01215956839",0.0721061452444892
"erlotinib","regression","enet",3,1,5,"measure","mse",0.0721061452444892
"erlotinib","regression","enet",3,1,6,"alpha","0.6",0.072157824189993
"erlotinib","regression","enet",3,1,6,"lambda","0.01013297366",0.072157824189993
"erlotinib","regression","enet",3,1,6,"measure","mse",0.072157824189993
"erlotinib","regression","enet",3,1,7,"alpha","0.7",0.0722134654737867
"erlotinib","regression","enet",3,1,7,"lambda","0.008685405994",0.0722134654737867
"erlotinib","regression","enet",3,1,7,"measure","mse",0.0722134654737867
"erlotinib","regression","enet",3,1,8,"alpha","0.8",0.0722780633175238
"erlotinib","regression","enet",3,1,8,"lambda","0.007599730245",0.0722780633175238
"erlotinib","regression","enet",3,1,8,"measure","mse",0.0722780633175238
"erlotinib","regression","enet",3,1,9,"alpha","0.9",0.072341954524537
"erlotinib","regression","enet",3,1,9,"lambda","0.007076975219",0.072341954524537
"erlotinib","regression","enet",3,1,9,"measure","mse",0.072341954524537
"erlotinib","regression","svm_linear",3,1,1,"cost","0.01",0.0692130540772082
"erlotinib","regression","svm_linear",3,1,1,"epsilon","0.05",0.0692130540772082
"erlotinib","regression","svm_linear",3,1,2,"cost","0.1",0.0822607083882176
"erlotinib","regression","svm_linear",3,1,2,"epsilon","0.05",0.0822607083882176
"erlotinib","regression","svm_linear",3,1,3,"cost","1",0.125200528644124
"erlotinib","regression","svm_linear",3,1,3,"epsilon","0.05",0.125200528644124
"erlotinib","regression","svm_linear",3,1,4,"cost","10",0.125200528644124
"erlotinib","regression","svm_linear",3,1,4,"epsilon","0.05",0.125200528644124
"erlotinib","regression","svm_linear",3,1,5,"cost","0.01",0.0677559380405071
"erlotinib","regression","svm_linear",3,1,5,"epsilon","0.1",0.0677559380405071
"erlotinib","regression","svm_linear",3,1,6,"cost","0.1",0.0807718889544685
"erlotinib","regression","svm_linear",3,1,6,"epsilon","0.1",0.0807718889544685
"erlotinib","regression","svm_linear",3,1,7,"cost","1",0.119647110355842
"erlotinib","regression","svm_linear",3,1,7,"epsilon","0.1",0.119647110355842
"erlotinib","regression","svm_linear",3,1,8,"cost","10",0.119647110355842
"erlotinib","regression","svm_linear",3,1,8,"epsilon","0.1",0.119647110355842
"erlotinib","regression","svm_linear",3,1,9,"cost","0.01",0.0658766794127383
"erlotinib","regression","svm_linear",3,1,9,"epsilon","0.2",0.0658766794127383
"erlotinib","regression","svm_linear",3,1,10,"cost","0.1",0.0791148429470952
"erlotinib","regression","svm_linear",3,1,10,"epsilon","0.2",0.0791148429470952
"erlotinib","regression","svm_linear",3,1,11,"cost","1",0.111385712532362
"erlotinib","regression","svm_linear",3,1,11,"epsilon","0.2",0.111385712532362
"erlotinib","regression","svm_linear",3,1,12,"cost","10",0.111385712532362
"erlotinib","regression","svm_linear",3,1,12,"epsilon","0.2",0.111385712532362
"erlotinib","regression","rf",3,2,1,"mtry","5",0.0701871186156531
"erlotinib","regression","rf",3,2,1,"min.node.size","1",0.0701871186156531
"erlotinib","regression","rf",3,2,1,"sample.fraction","0.55",0.0701871186156531
"erlotinib","regression","rf",3,2,1,"max.depth","0",0.0701871186156531
"erlotinib","regression","rf",3,2,1,"num.trees","500",0.0701871186156531
"erlotinib","regression","rf",3,2,2,"mtry","14",0.0712962252241598
"erlotinib","regression","rf",3,2,2,"min.node.size","10",0.0712962252241598
"erlotinib","regression","rf",3,2,2,"sample.fraction","0.55",0.0712962252241598
"erlotinib","regression","rf",3,2,2,"max.depth","0",0.0712962252241598
"erlotinib","regression","rf",3,2,2,"num.trees","500",0.0712962252241598
"erlotinib","regression","rf",3,2,3,"mtry","14",0.070462503884431
"erlotinib","regression","rf",3,2,3,"min.node.size","5",0.070462503884431
"erlotinib","regression","rf",3,2,3,"sample.fraction","0.632",0.070462503884431
"erlotinib","regression","rf",3,2,3,"max.depth","0",0.070462503884431
"erlotinib","regression","rf",3,2,3,"num.trees","500",0.070462503884431
"erlotinib","regression","rf",3,2,4,"mtry","35",0.0725268689980954
"erlotinib","regression","rf",3,2,4,"min.node.size","5",0.0725268689980954
"erlotinib","regression","rf",3,2,4,"sample.fraction","0.632",0.0725268689980954
"erlotinib","regression","rf",3,2,4,"max.depth","0",0.0725268689980954
"erlotinib","regression","rf",3,2,4,"num.trees","500",0.0725268689980954
"erlotinib","regression","rf",3,2,5,"mtry","20",0.0712771930728902
"erlotinib","regression","rf",3,2,5,"min.node.size","1",0.0712771930728902
"erlotinib","regression","rf",3,2,5,"sample.fraction","0.75",0.0712771930728902
"erlotinib","regression","rf",3,2,5,"max.depth","0",0.0712771930728902
"erlotinib","regression","rf",3,2,5,"num.trees","500",0.0712771930728902
"erlotinib","regression","rf",3,2,6,"mtry","35",0.0724820921808942
"erlotinib","regression","rf",3,2,6,"min.node.size","10",0.0724820921808942
"erlotinib","regression","rf",3,2,6,"sample.fraction","0.75",0.0724820921808942
"erlotinib","regression","rf",3,2,6,"max.depth","0",0.0724820921808942
"erlotinib","regression","rf",3,2,6,"num.trees","500",0.0724820921808942
"erlotinib","regression","rf",3,2,7,"mtry","14",0.070462306972366
"erlotinib","regression","rf",3,2,7,"min.node.size","5",0.070462306972366
"erlotinib","regression","rf",3,2,7,"sample.fraction","0.632",0.070462306972366
"erlotinib","regression","rf",3,2,7,"max.depth","20",0.070462306972366
"erlotinib","regression","rf",3,2,7,"num.trees","500",0.070462306972366
"erlotinib","regression","rf",3,2,8,"mtry","50",0.0738324116861563
"erlotinib","regression","rf",3,2,8,"min.node.size","1",0.0738324116861563
"erlotinib","regression","rf",3,2,8,"sample.fraction","0.75",0.0738324116861563
"erlotinib","regression","rf",3,2,8,"max.depth","30",0.0738324116861563
"erlotinib","regression","rf",3,2,8,"num.trees","500",0.0738324116861563
"erlotinib","regression","rf",3,2,9,"mtry","50",0.0738371618057195
"erlotinib","regression","rf",3,2,9,"min.node.size","5",0.0738371618057195
"erlotinib","regression","rf",3,2,9,"sample.fraction","0.75",0.0738371618057195
"erlotinib","regression","rf",3,2,9,"max.depth","30",0.0738371618057195
"erlotinib","regression","rf",3,2,9,"num.trees","500",0.0738371618057195
"erlotinib","regression","rf",3,2,10,"mtry","50",0.0750068241551701
"erlotinib","regression","rf",3,2,10,"min.node.size","3",0.0750068241551701
"erlotinib","regression","rf",3,2,10,"sample.fraction","0.55",0.0750068241551701
"erlotinib","regression","rf",3,2,10,"max.depth","40",0.0750068241551701
"erlotinib","regression","rf",3,2,10,"num.trees","500",0.0750068241551701
"erlotinib","regression","rf",3,2,11,"mtry","35",0.0730551336439077
"erlotinib","regression","rf",3,2,11,"min.node.size","1",0.0730551336439077
"erlotinib","regression","rf",3,2,11,"sample.fraction","0.75",0.0730551336439077
"erlotinib","regression","rf",3,2,11,"max.depth","40",0.0730551336439077
"erlotinib","regression","rf",3,2,11,"num.trees","500",0.0730551336439077
"erlotinib","regression","rf",3,2,12,"mtry","10",0.0704534513770428
"erlotinib","regression","rf",3,2,12,"min.node.size","3",0.0704534513770428
"erlotinib","regression","rf",3,2,12,"sample.fraction","0.75",0.0704534513770428
"erlotinib","regression","rf",3,2,12,"max.depth","40",0.0704534513770428
"erlotinib","regression","rf",3,2,12,"num.trees","500",0.0704534513770428
"erlotinib","regression","ridge",3,2,1,"alpha","0",0.0807412443206003
"erlotinib","regression","ridge",3,2,1,"lambda","0.3699240843",0.0807412443206003
"erlotinib","regression","ridge",3,2,1,"measure","mse",0.0807412443206003
"erlotinib","regression","lasso",3,2,1,"alpha","1",0.0823835463842202
"erlotinib","regression","lasso",3,2,1,"lambda","0.009163302027",0.0823835463842202
"erlotinib","regression","lasso",3,2,1,"measure","mse",0.0823835463842202
"erlotinib","regression","enet",3,2,1,"alpha","0.1",0.0811844871685861
"erlotinib","regression","enet",3,2,1,"lambda","0.06616645392",0.0811844871685861
"erlotinib","regression","enet",3,2,1,"measure","mse",0.0811844871685861
"erlotinib","regression","enet",3,2,2,"alpha","0.2",0.0813743171439856
"erlotinib","regression","enet",3,2,2,"lambda","0.04174629765",0.0813743171439856
"erlotinib","regression","enet",3,2,2,"measure","mse",0.0813743171439856
"erlotinib","regression","enet",3,2,3,"alpha","0.3",0.0815072565639516
"erlotinib","regression","enet",3,2,3,"lambda","0.02915605269",0.0815072565639516
"erlotinib","regression","enet",3,2,3,"measure","mse",0.0815072565639516
"erlotinib","regression","enet",3,2,4,"alpha","0.4",0.0816668442517961
"erlotinib","regression","enet",3,2,4,"lambda","0.02186703952",0.0816668442517961
"erlotinib","regression","enet",3,2,4,"measure","mse",0.0816668442517961
"erlotinib","regression","enet",3,2,5,"alpha","0.5",0.0818197159902519
"erlotinib","regression","enet",3,2,5,"lambda","0.01749363162",0.0818197159902519
"erlotinib","regression","enet",3,2,5,"measure","mse",0.0818197159902519
"erlotinib","regression","enet",3,2,6,"alpha","0.6",0.0819544599666923
"erlotinib","regression","enet",3,2,6,"lambda","0.01527217005",0.0819544599666923
"erlotinib","regression","enet",3,2,6,"measure","mse",0.0819544599666923
"erlotinib","regression","enet",3,2,7,"alpha","0.7",0.0820790675853598
"erlotinib","regression","enet",3,2,7,"lambda","0.01309043147",0.0820790675853598
"erlotinib","regression","enet",3,2,7,"measure","mse",0.0820790675853598
"erlotinib","regression","enet",3,2,8,"alpha","0.8",0.0821957582585211
"erlotinib","regression","enet",3,2,8,"lambda","0.01145412753",0.0821957582585211
"erlotinib","regression","enet",3,2,8,"measure","mse",0.0821957582585211
"erlotinib","regression","enet",3,2,9,"alpha","0.9",0.0822849144397525
"erlotinib","regression","enet",3,2,9,"lambda","0.0101814467",0.0822849144397525
"erlotinib","regression","enet",3,2,9,"measure","mse",0.0822849144397525
"erlotinib","regression","svm_linear",3,2,1,"cost","0.01",0.0717808431219635
"erlotinib","regression","svm_linear",3,2,1,"epsilon","0.05",0.0717808431219635
"erlotinib","regression","svm_linear",3,2,2,"cost","0.1",0.0936776132184236
"erlotinib","regression","svm_linear",3,2,2,"epsilon","0.05",0.0936776132184236
"erlotinib","regression","svm_linear",3,2,3,"cost","1",0.137946441941817
"erlotinib","regression","svm_linear",3,2,3,"epsilon","0.05",0.137946441941817
"erlotinib","regression","svm_linear",3,2,4,"cost","10",0.137946441941817
"erlotinib","regression","svm_linear",3,2,4,"epsilon","0.05",0.137946441941817
"erlotinib","regression","svm_linear",3,2,5,"cost","0.01",0.0704199707305115
"erlotinib","regression","svm_linear",3,2,5,"epsilon","0.1",0.0704199707305115
"erlotinib","regression","svm_linear",3,2,6,"cost","0.1",0.0917198217402242
"erlotinib","regression","svm_linear",3,2,6,"epsilon","0.1",0.0917198217402242
"erlotinib","regression","svm_linear",3,2,7,"cost","1",0.130608122505799
"erlotinib","regression","svm_linear",3,2,7,"epsilon","0.1",0.130608122505799
"erlotinib","regression","svm_linear",3,2,8,"cost","10",0.130608122505799
"erlotinib","regression","svm_linear",3,2,8,"epsilon","0.1",0.130608122505799
"erlotinib","regression","svm_linear",3,2,9,"cost","0.01",0.0698911242825486
"erlotinib","regression","svm_linear",3,2,9,"epsilon","0.2",0.0698911242825486
"erlotinib","regression","svm_linear",3,2,10,"cost","0.1",0.088891104593417
"erlotinib","regression","svm_linear",3,2,10,"epsilon","0.2",0.088891104593417
"erlotinib","regression","svm_linear",3,2,11,"cost","1",0.118814520700369
"erlotinib","regression","svm_linear",3,2,11,"epsilon","0.2",0.118814520700369
"erlotinib","regression","svm_linear",3,2,12,"cost","10",0.118814520700369
"erlotinib","regression","svm_linear",3,2,12,"epsilon","0.2",0.118814520700369
"erlotinib","regression","rf",3,3,1,"mtry","50",0.0823333968567175
"erlotinib","regression","rf",3,3,1,"min.node.size","10",0.0823333968567175
"erlotinib","regression","rf",3,3,1,"sample.fraction","0.55",0.0823333968567175
"erlotinib","regression","rf",3,3,1,"max.depth","0",0.0823333968567175
"erlotinib","regression","rf",3,3,1,"num.trees","500",0.0823333968567175
"erlotinib","regression","rf",3,3,2,"mtry","5",0.0800265469572705
"erlotinib","regression","rf",3,3,2,"min.node.size","5",0.0800265469572705
"erlotinib","regression","rf",3,3,2,"sample.fraction","0.632",0.0800265469572705
"erlotinib","regression","rf",3,3,2,"max.depth","0",0.0800265469572705
"erlotinib","regression","rf",3,3,2,"num.trees","500",0.0800265469572705
"erlotinib","regression","rf",3,3,3,"mtry","50",0.0828317434067886
"erlotinib","regression","rf",3,3,3,"min.node.size","10",0.0828317434067886
"erlotinib","regression","rf",3,3,3,"sample.fraction","0.632",0.0828317434067886
"erlotinib","regression","rf",3,3,3,"max.depth","0",0.0828317434067886
"erlotinib","regression","rf",3,3,3,"num.trees","500",0.0828317434067886
"erlotinib","regression","rf",3,3,4,"mtry","10",0.0803236998077017
"erlotinib","regression","rf",3,3,4,"min.node.size","3",0.0803236998077017
"erlotinib","regression","rf",3,3,4,"sample.fraction","0.55",0.0803236998077017
"erlotinib","regression","rf",3,3,4,"max.depth","20",0.0803236998077017
"erlotinib","regression","rf",3,3,4,"num.trees","500",0.0803236998077017
"erlotinib","regression","rf",3,3,5,"mtry","10",0.0799003213249638
"erlotinib","regression","rf",3,3,5,"min.node.size","10",0.0799003213249638
"erlotinib","regression","rf",3,3,5,"sample.fraction","0.55",0.0799003213249638
"erlotinib","regression","rf",3,3,5,"max.depth","20",0.0799003213249638
"erlotinib","regression","rf",3,3,5,"num.trees","500",0.0799003213249638
"erlotinib","regression","rf",3,3,6,"mtry","14",0.0807028617287137
"erlotinib","regression","rf",3,3,6,"min.node.size","1",0.0807028617287137
"erlotinib","regression","rf",3,3,6,"sample.fraction","0.632",0.0807028617287137
"erlotinib","regression","rf",3,3,6,"max.depth","20",0.0807028617287137
"erlotinib","regression","rf",3,3,6,"num.trees","500",0.0807028617287137
"erlotinib","regression","rf",3,3,7,"mtry","50",0.0829262238520854
"erlotinib","regression","rf",3,3,7,"min.node.size","3",0.0829262238520854
"erlotinib","regression","rf",3,3,7,"sample.fraction","0.632",0.0829262238520854
"erlotinib","regression","rf",3,3,7,"max.depth","20",0.0829262238520854
"erlotinib","regression","rf",3,3,7,"num.trees","500",0.0829262238520854
"erlotinib","regression","rf",3,3,8,"mtry","5",0.0795342677519709
"erlotinib","regression","rf",3,3,8,"min.node.size","5",0.0795342677519709
"erlotinib","regression","rf",3,3,8,"sample.fraction","0.75",0.0795342677519709
"erlotinib","regression","rf",3,3,8,"max.depth","20",0.0795342677519709
"erlotinib","regression","rf",3,3,8,"num.trees","500",0.0795342677519709
"erlotinib","regression","rf",3,3,9,"mtry","50",0.0828281186405617
"erlotinib","regression","rf",3,3,9,"min.node.size","1",0.0828281186405617
"erlotinib","regression","rf",3,3,9,"sample.fraction","0.55",0.0828281186405617
"erlotinib","regression","rf",3,3,9,"max.depth","30",0.0828281186405617
"erlotinib","regression","rf",3,3,9,"num.trees","500",0.0828281186405617
"erlotinib","regression","rf",3,3,10,"mtry","10",0.0798080695365593
"erlotinib","regression","rf",3,3,10,"min.node.size","10",0.0798080695365593
"erlotinib","regression","rf",3,3,10,"sample.fraction","0.632",0.0798080695365593
"erlotinib","regression","rf",3,3,10,"max.depth","30",0.0798080695365593
"erlotinib","regression","rf",3,3,10,"num.trees","500",0.0798080695365593
"erlotinib","regression","rf",3,3,11,"mtry","20",0.0810435492564952
"erlotinib","regression","rf",3,3,11,"min.node.size","3",0.0810435492564952
"erlotinib","regression","rf",3,3,11,"sample.fraction","0.632",0.0810435492564952
"erlotinib","regression","rf",3,3,11,"max.depth","40",0.0810435492564952
"erlotinib","regression","rf",3,3,11,"num.trees","500",0.0810435492564952
"erlotinib","regression","rf",3,3,12,"mtry","50",0.0844102289504806
"erlotinib","regression","rf",3,3,12,"min.node.size","1",0.0844102289504806
"erlotinib","regression","rf",3,3,12,"sample.fraction","0.75",0.0844102289504806
"erlotinib","regression","rf",3,3,12,"max.depth","40",0.0844102289504806
"erlotinib","regression","rf",3,3,12,"num.trees","500",0.0844102289504806
"erlotinib","regression","ridge",3,3,1,"alpha","0",0.0832664247301225
"erlotinib","regression","ridge",3,3,1,"lambda","0.3106778646",0.0832664247301225
"erlotinib","regression","ridge",3,3,1,"measure","mse",0.0832664247301225
"erlotinib","regression","lasso",3,3,1,"alpha","1",0.0836423162080554
"erlotinib","regression","lasso",3,3,1,"lambda","0.007345945215",0.0836423162080554
"erlotinib","regression","lasso",3,3,1,"measure","mse",0.0836423162080554
"erlotinib","regression","enet",3,3,1,"alpha","0.1",0.0831514699771668
"erlotinib","regression","enet",3,3,1,"lambda","0.05304366746",0.0831514699771668
"erlotinib","regression","enet",3,3,1,"measure","mse",0.0831514699771668
"erlotinib","regression","enet",3,3,2,"alpha","0.2",0.0831894463674096
"erlotinib","regression","enet",3,3,2,"lambda","0.02910767977",0.0831894463674096
"erlotinib","regression","enet",3,3,2,"measure","mse",0.0831894463674096
"erlotinib","regression","enet",3,3,3,"alpha","0.3",0.0831906380791327
"erlotinib","regression","enet",3,3,3,"lambda","0.02231117229",0.0831906380791327
"erlotinib","regression","enet",3,3,3,"measure","mse",0.0831906380791327
"erlotinib","regression","enet",3,3,4,"alpha","0.4",0.0832402915374656
"erlotinib","regression","enet",3,3,4,"lambda","0.01673337922",0.0832402915374656
"erlotinib","regression","enet",3,3,4,"measure","mse",0.0832402915374656
"erlotinib","regression","enet",3,3,5,"alpha","0.5",0.083320712041774
"erlotinib","regression","enet",3,3,5,"lambda","0.01338670338",0.083320712041774
"erlotinib","regression","enet",3,3,5,"measure","mse",0.083320712041774
"erlotinib","regression","enet",3,3,6,"alpha","0.6",0.0834078347570019
"erlotinib","regression","enet",3,3,6,"lambda","0.01115558615",0.0834078347570019
"erlotinib","regression","enet",3,3,6,"measure","mse",0.0834078347570019
"erlotinib","regression","enet",3,3,7,"alpha","0.7",0.0834839416404316
"erlotinib","regression","enet",3,3,7,"lambda","0.009561930983",0.0834839416404316
"erlotinib","regression","enet",3,3,7,"measure","mse",0.0834839416404316
"erlotinib","regression","enet",3,3,8,"alpha","0.8",0.0835482032351987
"erlotinib","regression","enet",3,3,8,"lambda","0.00836668961",0.0835482032351987
"erlotinib","regression","enet",3,3,8,"measure","mse",0.0835482032351987
"erlotinib","regression","enet",3,3,9,"alpha","0.9",0.0835998529185714
"erlotinib","regression","enet",3,3,9,"lambda","0.007791178519",0.0835998529185714
"erlotinib","regression","enet",3,3,9,"measure","mse",0.0835998529185714
"erlotinib","regression","svm_linear",3,3,1,"cost","0.01",0.0819891996991439
"erlotinib","regression","svm_linear",3,3,1,"epsilon","0.05",0.0819891996991439
"erlotinib","regression","svm_linear",3,3,2,"cost","0.1",0.105735578221758
"erlotinib","regression","svm_linear",3,3,2,"epsilon","0.05",0.105735578221758
"erlotinib","regression","svm_linear",3,3,3,"cost","1",0.165271595779666
"erlotinib","regression","svm_linear",3,3,3,"epsilon","0.05",0.165271595779666
"erlotinib","regression","svm_linear",3,3,4,"cost","10",0.165271595779666
"erlotinib","regression","svm_linear",3,3,4,"epsilon","0.05",0.165271595779666
"erlotinib","regression","svm_linear",3,3,5,"cost","0.01",0.0809736901858017
"erlotinib","regression","svm_linear",3,3,5,"epsilon","0.1",0.0809736901858017
"erlotinib","regression","svm_linear",3,3,6,"cost","0.1",0.103244072738298
"erlotinib","regression","svm_linear",3,3,6,"epsilon","0.1",0.103244072738298
"erlotinib","regression","svm_linear",3,3,7,"cost","1",0.158153829170337
"erlotinib","regression","svm_linear",3,3,7,"epsilon","0.1",0.158153829170337
"erlotinib","regression","svm_linear",3,3,8,"cost","10",0.158153829170337
"erlotinib","regression","svm_linear",3,3,8,"epsilon","0.1",0.158153829170337
"erlotinib","regression","svm_linear",3,3,9,"cost","0.01",0.0801441102766026
"erlotinib","regression","svm_linear",3,3,9,"epsilon","0.2",0.0801441102766026
"erlotinib","regression","svm_linear",3,3,10,"cost","0.1",0.100054805635767
"erlotinib","regression","svm_linear",3,3,10,"epsilon","0.2",0.100054805635767
"erlotinib","regression","svm_linear",3,3,11,"cost","1",0.1460801482674
"erlotinib","regression","svm_linear",3,3,11,"epsilon","0.2",0.1460801482674
"erlotinib","regression","svm_linear",3,3,12,"cost","10",0.1460801482674
"erlotinib","regression","svm_linear",3,3,12,"epsilon","0.2",0.1460801482674
"erlotinib","regression","rf",3,4,1,"mtry","50",0.0721293738243765
"erlotinib","regression","rf",3,4,1,"min.node.size","3",0.0721293738243765
"erlotinib","regression","rf",3,4,1,"sample.fraction","0.632",0.0721293738243765
"erlotinib","regression","rf",3,4,1,"max.depth","0",0.0721293738243765
"erlotinib","regression","rf",3,4,1,"num.trees","500",0.0721293738243765
"erlotinib","regression","rf",3,4,2,"mtry","20",0.0698657368459023
"erlotinib","regression","rf",3,4,2,"min.node.size","1",0.0698657368459023
"erlotinib","regression","rf",3,4,2,"sample.fraction","0.55",0.0698657368459023
"erlotinib","regression","rf",3,4,2,"max.depth","20",0.0698657368459023
"erlotinib","regression","rf",3,4,2,"num.trees","500",0.0698657368459023
"erlotinib","regression","rf",3,4,3,"mtry","14",0.0691188882441029
"erlotinib","regression","rf",3,4,3,"min.node.size","1",0.0691188882441029
"erlotinib","regression","rf",3,4,3,"sample.fraction","0.632",0.0691188882441029
"erlotinib","regression","rf",3,4,3,"max.depth","20",0.0691188882441029
"erlotinib","regression","rf",3,4,3,"num.trees","500",0.0691188882441029
"erlotinib","regression","rf",3,4,4,"mtry","35",0.0709388020386228
"erlotinib","regression","rf",3,4,4,"min.node.size","3",0.0709388020386228
"erlotinib","regression","rf",3,4,4,"sample.fraction","0.632",0.0709388020386228
"erlotinib","regression","rf",3,4,4,"max.depth","20",0.0709388020386228
"erlotinib","regression","rf",3,4,4,"num.trees","500",0.0709388020386228
"erlotinib","regression","rf",3,4,5,"mtry","5",0.0682471310012078
"erlotinib","regression","rf",3,4,5,"min.node.size","1",0.0682471310012078
"erlotinib","regression","rf",3,4,5,"sample.fraction","0.75",0.0682471310012078
"erlotinib","regression","rf",3,4,5,"max.depth","20",0.0682471310012078
"erlotinib","regression","rf",3,4,5,"num.trees","500",0.0682471310012078
"erlotinib","regression","rf",3,4,6,"mtry","14",0.0692137849459216
"erlotinib","regression","rf",3,4,6,"min.node.size","5",0.0692137849459216
"erlotinib","regression","rf",3,4,6,"sample.fraction","0.75",0.0692137849459216
"erlotinib","regression","rf",3,4,6,"max.depth","20",0.0692137849459216
"erlotinib","regression","rf",3,4,6,"num.trees","500",0.0692137849459216
"erlotinib","regression","rf",3,4,7,"mtry","35",0.071434121343826
"erlotinib","regression","rf",3,4,7,"min.node.size","10",0.071434121343826
"erlotinib","regression","rf",3,4,7,"sample.fraction","0.75",0.071434121343826
"erlotinib","regression","rf",3,4,7,"max.depth","20",0.071434121343826
"erlotinib","regression","rf",3,4,7,"num.trees","500",0.071434121343826
"erlotinib","regression","rf",3,4,8,"mtry","35",0.0700623991979801
"erlotinib","regression","rf",3,4,8,"min.node.size","5",0.0700623991979801
"erlotinib","regression","rf",3,4,8,"sample.fraction","0.55",0.0700623991979801
"erlotinib","regression","rf",3,4,8,"max.depth","30",0.0700623991979801
"erlotinib","regression","rf",3,4,8,"num.trees","500",0.0700623991979801
"erlotinib","regression","rf",3,4,9,"mtry","50",0.0724268132200465
"erlotinib","regression","rf",3,4,9,"min.node.size","1",0.0724268132200465
"erlotinib","regression","rf",3,4,9,"sample.fraction","0.632",0.0724268132200465
"erlotinib","regression","rf",3,4,9,"max.depth","30",0.0724268132200465
"erlotinib","regression","rf",3,4,9,"num.trees","500",0.0724268132200465
"erlotinib","regression","rf",3,4,10,"mtry","50",0.072006426908394
"erlotinib","regression","rf",3,4,10,"min.node.size","10",0.072006426908394
"erlotinib","regression","rf",3,4,10,"sample.fraction","0.632",0.072006426908394
"erlotinib","regression","rf",3,4,10,"max.depth","30",0.072006426908394
"erlotinib","regression","rf",3,4,10,"num.trees","500",0.072006426908394
"erlotinib","regression","rf",3,4,11,"mtry","14",0.0692756189146619
"erlotinib","regression","rf",3,4,11,"min.node.size","1",0.0692756189146619
"erlotinib","regression","rf",3,4,11,"sample.fraction","0.75",0.0692756189146619
"erlotinib","regression","rf",3,4,11,"max.depth","30",0.0692756189146619
"erlotinib","regression","rf",3,4,11,"num.trees","500",0.0692756189146619
"erlotinib","regression","rf",3,4,12,"mtry","5",0.0678598482114066
"erlotinib","regression","rf",3,4,12,"min.node.size","5",0.0678598482114066
"erlotinib","regression","rf",3,4,12,"sample.fraction","0.75",0.0678598482114066
"erlotinib","regression","rf",3,4,12,"max.depth","30",0.0678598482114066
"erlotinib","regression","rf",3,4,12,"num.trees","500",0.0678598482114066
"erlotinib","regression","ridge",3,4,1,"alpha","0",0.06972072434725
"erlotinib","regression","ridge",3,4,1,"lambda","0.2397840596",0.06972072434725
"erlotinib","regression","ridge",3,4,1,"measure","mse",0.06972072434725
"erlotinib","regression","lasso",3,4,1,"alpha","1",0.0695592358853983
"erlotinib","regression","lasso",3,4,1,"lambda","0.007154310478",0.0695592358853983
"erlotinib","regression","lasso",3,4,1,"measure","mse",0.0695592358853983
"erlotinib","regression","enet",3,4,1,"alpha","0.1",0.0695188294296752
"erlotinib","regression","enet",3,4,1,"lambda","0.06222454403",0.0695188294296752
"erlotinib","regression","enet",3,4,1,"measure","mse",0.0695188294296752
"erlotinib","regression","enet",3,4,2,"alpha","0.2",0.0694712019347308
"erlotinib","regression","enet",3,4,2,"lambda","0.03259370627",0.0694712019347308
"erlotinib","regression","enet",3,4,2,"measure","mse",0.0694712019347308
"erlotinib","regression","enet",3,4,3,"alpha","0.3",0.0694634609414479
"erlotinib","regression","enet",3,4,3,"lambda","0.02172913751",0.0694634609414479
"erlotinib","regression","enet",3,4,3,"measure","mse",0.0694634609414479
"erlotinib","regression","enet",3,4,4,"alpha","0.4",0.0695049828755637
"erlotinib","regression","enet",3,4,4,"lambda","0.01707284006",0.0695049828755637
"erlotinib","regression","enet",3,4,4,"measure","mse",0.0695049828755637
"erlotinib","regression","enet",3,4,5,"alpha","0.5",0.0695512562983664
"erlotinib","regression","enet",3,4,5,"lambda","0.01365827205",0.0695512562983664
"erlotinib","regression","enet",3,4,5,"measure","mse",0.0695512562983664
"erlotinib","regression","enet",3,4,6,"alpha","0.6",0.0695789785828888
"erlotinib","regression","enet",3,4,6,"lambda","0.0119238508",0.0695789785828888
"erlotinib","regression","enet",3,4,6,"measure","mse",0.0695789785828888
"erlotinib","regression","enet",3,4,7,"alpha","0.7",0.0695766148673514
"erlotinib","regression","enet",3,4,7,"lambda","0.01022044354",0.0695766148673514
"erlotinib","regression","enet",3,4,7,"measure","mse",0.0695766148673514
"erlotinib","regression","enet",3,4,8,"alpha","0.8",0.0695680918344627
"erlotinib","regression","enet",3,4,8,"lambda","0.008942888097",0.0695680918344627
"erlotinib","regression","enet",3,4,8,"measure","mse",0.0695680918344627
"erlotinib","regression","enet",3,4,9,"alpha","0.9",0.069563404359209
"erlotinib","regression","enet",3,4,9,"lambda","0.007949233864",0.069563404359209
"erlotinib","regression","enet",3,4,9,"measure","mse",0.069563404359209
"erlotinib","regression","svm_linear",3,4,1,"cost","0.01",0.0708225716321766
"erlotinib","regression","svm_linear",3,4,1,"epsilon","0.05",0.0708225716321766
"erlotinib","regression","svm_linear",3,4,2,"cost","0.1",0.0855260450379655
"erlotinib","regression","svm_linear",3,4,2,"epsilon","0.05",0.0855260450379655
"erlotinib","regression","svm_linear",3,4,3,"cost","1",0.126237699695189
"erlotinib","regression","svm_linear",3,4,3,"epsilon","0.05",0.126237699695189
"erlotinib","regression","svm_linear",3,4,4,"cost","10",0.1262892665319
"erlotinib","regression","svm_linear",3,4,4,"epsilon","0.05",0.1262892665319
"erlotinib","regression","svm_linear",3,4,5,"cost","0.01",0.0701076627037306
"erlotinib","regression","svm_linear",3,4,5,"epsilon","0.1",0.0701076627037306
"erlotinib","regression","svm_linear",3,4,6,"cost","0.1",0.0851333422199184
"erlotinib","regression","svm_linear",3,4,6,"epsilon","0.1",0.0851333422199184
"erlotinib","regression","svm_linear",3,4,7,"cost","1",0.119772296315057
"erlotinib","regression","svm_linear",3,4,7,"epsilon","0.1",0.119772296315057
"erlotinib","regression","svm_linear",3,4,8,"cost","10",0.119772296315057
"erlotinib","regression","svm_linear",3,4,8,"epsilon","0.1",0.119772296315057
"erlotinib","regression","svm_linear",3,4,9,"cost","0.01",0.0691267140540774
"erlotinib","regression","svm_linear",3,4,9,"epsilon","0.2",0.0691267140540774
"erlotinib","regression","svm_linear",3,4,10,"cost","0.1",0.0836205987124824
"erlotinib","regression","svm_linear",3,4,10,"epsilon","0.2",0.0836205987124824
"erlotinib","regression","svm_linear",3,4,11,"cost","1",0.108775600117803
"erlotinib","regression","svm_linear",3,4,11,"epsilon","0.2",0.108775600117803
"erlotinib","regression","svm_linear",3,4,12,"cost","10",0.108775600117803
"erlotinib","regression","svm_linear",3,4,12,"epsilon","0.2",0.108775600117803
"erlotinib","regression","rf",3,5,1,"mtry","5",0.0779450670256779
"erlotinib","regression","rf",3,5,1,"min.node.size","10",0.0779450670256779
"erlotinib","regression","rf",3,5,1,"sample.fraction","0.55",0.0779450670256779
"erlotinib","regression","rf",3,5,1,"max.depth","0",0.0779450670256779
"erlotinib","regression","rf",3,5,1,"num.trees","500",0.0779450670256779
"erlotinib","regression","rf",3,5,2,"mtry","20",0.079589702770436
"erlotinib","regression","rf",3,5,2,"min.node.size","3",0.079589702770436
"erlotinib","regression","rf",3,5,2,"sample.fraction","0.632",0.079589702770436
"erlotinib","regression","rf",3,5,2,"max.depth","0",0.079589702770436
"erlotinib","regression","rf",3,5,2,"num.trees","500",0.079589702770436
"erlotinib","regression","rf",3,5,3,"mtry","14",0.0788835725387475
"erlotinib","regression","rf",3,5,3,"min.node.size","5",0.0788835725387475
"erlotinib","regression","rf",3,5,3,"sample.fraction","0.632",0.0788835725387475
"erlotinib","regression","rf",3,5,3,"max.depth","0",0.0788835725387475
"erlotinib","regression","rf",3,5,3,"num.trees","500",0.0788835725387475
"erlotinib","regression","rf",3,5,4,"mtry","5",0.0782680837544646
"erlotinib","regression","rf",3,5,4,"min.node.size","1",0.0782680837544646
"erlotinib","regression","rf",3,5,4,"sample.fraction","0.55",0.0782680837544646
"erlotinib","regression","rf",3,5,4,"max.depth","20",0.0782680837544646
"erlotinib","regression","rf",3,5,4,"num.trees","500",0.0782680837544646
"erlotinib","regression","rf",3,5,5,"mtry","10",0.0786448637072161
"erlotinib","regression","rf",3,5,5,"min.node.size","3",0.0786448637072161
"erlotinib","regression","rf",3,5,5,"sample.fraction","0.55",0.0786448637072161
"erlotinib","regression","rf",3,5,5,"max.depth","20",0.0786448637072161
"erlotinib","regression","rf",3,5,5,"num.trees","500",0.0786448637072161
"erlotinib","regression","rf",3,5,6,"mtry","20",0.0794223494152931
"erlotinib","regression","rf",3,5,6,"min.node.size","10",0.0794223494152931
"erlotinib","regression","rf",3,5,6,"sample.fraction","0.55",0.0794223494152931
"erlotinib","regression","rf",3,5,6,"max.depth","20",0.0794223494152931
"erlotinib","regression","rf",3,5,6,"num.trees","500",0.0794223494152931
"erlotinib","regression","rf",3,5,7,"mtry","35",0.0810504585815722
"erlotinib","regression","rf",3,5,7,"min.node.size","3",0.0810504585815722
"erlotinib","regression","rf",3,5,7,"sample.fraction","0.632",0.0810504585815722
"erlotinib","regression","rf",3,5,7,"max.depth","20",0.0810504585815722
"erlotinib","regression","rf",3,5,7,"num.trees","500",0.0810504585815722
"erlotinib","regression","rf",3,5,8,"mtry","14",0.0788835362219789
"erlotinib","regression","rf",3,5,8,"min.node.size","5",0.0788835362219789
"erlotinib","regression","rf",3,5,8,"sample.fraction","0.632",0.0788835362219789
"erlotinib","regression","rf",3,5,8,"max.depth","20",0.0788835362219789
"erlotinib","regression","rf",3,5,8,"num.trees","500",0.0788835362219789
"erlotinib","regression","rf",3,5,9,"mtry","5",0.0782681538912731
"erlotinib","regression","rf",3,5,9,"min.node.size","1",0.0782681538912731
"erlotinib","regression","rf",3,5,9,"sample.fraction","0.55",0.0782681538912731
"erlotinib","regression","rf",3,5,9,"max.depth","30",0.0782681538912731
"erlotinib","regression","rf",3,5,9,"num.trees","500",0.0782681538912731
"erlotinib","regression","rf",3,5,10,"mtry","5",0.0779450670256779
"erlotinib","regression","rf",3,5,10,"min.node.size","10",0.0779450670256779
"erlotinib","regression","rf",3,5,10,"sample.fraction","0.55",0.0779450670256779
"erlotinib","regression","rf",3,5,10,"max.depth","40",0.0779450670256779
"erlotinib","regression","rf",3,5,10,"num.trees","500",0.0779450670256779
"erlotinib","regression","rf",3,5,11,"mtry","20",0.0793331393640982
"erlotinib","regression","rf",3,5,11,"min.node.size","5",0.0793331393640982
"erlotinib","regression","rf",3,5,11,"sample.fraction","0.632",0.0793331393640982
"erlotinib","regression","rf",3,5,11,"max.depth","40",0.0793331393640982
"erlotinib","regression","rf",3,5,11,"num.trees","500",0.0793331393640982
"erlotinib","regression","rf",3,5,12,"mtry","14",0.0785732249663733
"erlotinib","regression","rf",3,5,12,"min.node.size","5",0.0785732249663733
"erlotinib","regression","rf",3,5,12,"sample.fraction","0.75",0.0785732249663733
"erlotinib","regression","rf",3,5,12,"max.depth","40",0.0785732249663733
"erlotinib","regression","rf",3,5,12,"num.trees","500",0.0785732249663733
"erlotinib","regression","ridge",3,5,1,"alpha","0",0.0798309543013199
"erlotinib","regression","ridge",3,5,1,"lambda","0.2608140656",0.0798309543013199
"erlotinib","regression","ridge",3,5,1,"measure","mse",0.0798309543013199
"erlotinib","regression","lasso",3,5,1,"alpha","1",0.0804735623876098
"erlotinib","regression","lasso",3,5,1,"lambda","0.006460563552",0.0804735623876098
"erlotinib","regression","lasso",3,5,1,"measure","mse",0.0804735623876098
"erlotinib","regression","enet",3,5,1,"alpha","0.1",0.0791162373838388
"erlotinib","regression","enet",3,5,1,"lambda","0.04453015854",0.0791162373838388
"erlotinib","regression","enet",3,5,1,"measure","mse",0.0791162373838388
"erlotinib","regression","enet",3,5,2,"alpha","0.2",0.0794100823254663
"erlotinib","regression","enet",3,5,2,"lambda","0.02443589701",0.0794100823254663
"erlotinib","regression","enet",3,5,2,"measure","mse",0.0794100823254663
"erlotinib","regression","enet",3,5,3,"alpha","0.3",0.0796773040068917
"erlotinib","regression","enet",3,5,3,"lambda","0.0178789112",0.0796773040068917
"erlotinib","regression","enet",3,5,3,"measure","mse",0.0796773040068917
"erlotinib","regression","enet",3,5,4,"alpha","0.4",0.0798656549559586
"erlotinib","regression","enet",3,5,4,"lambda","0.01471656223",0.0798656549559586
"erlotinib","regression","enet",3,5,4,"measure","mse",0.0798656549559586
"erlotinib","regression","enet",3,5,5,"alpha","0.5",0.0800075631090535
"erlotinib","regression","enet",3,5,5,"lambda","0.01177324978",0.0800075631090535
"erlotinib","regression","enet",3,5,5,"measure","mse",0.0800075631090535
"erlotinib","regression","enet",3,5,6,"alpha","0.6",0.080121066978779
"erlotinib","regression","enet",3,5,6,"lambda","0.01027820161",0.080121066978779
"erlotinib","regression","enet",3,5,6,"measure","mse",0.080121066978779
"erlotinib","regression","enet",3,5,7,"alpha","0.7",0.080229543619418
"erlotinib","regression","enet",3,5,7,"lambda","0.008809887097",0.080229543619418
"erlotinib","regression","enet",3,5,7,"measure","mse",0.080229543619418
"erlotinib","regression","enet",3,5,8,"alpha","0.8",0.0803327776414502
"erlotinib","regression","enet",3,5,8,"lambda","0.00770865121",0.0803327776414502
"erlotinib","regression","enet",3,5,8,"measure","mse",0.0803327776414502
"erlotinib","regression","enet",3,5,9,"alpha","0.9",0.0804172497976185
"erlotinib","regression","enet",3,5,9,"lambda","0.007178403947",0.0804172497976185
"erlotinib","regression","enet",3,5,9,"measure","mse",0.0804172497976185
"erlotinib","regression","svm_linear",3,5,1,"cost","0.01",0.0794564490679119
"erlotinib","regression","svm_linear",3,5,1,"epsilon","0.05",0.0794564490679119
"erlotinib","regression","svm_linear",3,5,2,"cost","0.1",0.0960365063142996
"erlotinib","regression","svm_linear",3,5,2,"epsilon","0.05",0.0960365063142996
"erlotinib","regression","svm_linear",3,5,3,"cost","1",0.146800290584186
"erlotinib","regression","svm_linear",3,5,3,"epsilon","0.05",0.146800290584186
"erlotinib","regression","svm_linear",3,5,4,"cost","10",0.146800290584186
"erlotinib","regression","svm_linear",3,5,4,"epsilon","0.05",0.146800290584186
"erlotinib","regression","svm_linear",3,5,5,"cost","0.01",0.0786934753523712
"erlotinib","regression","svm_linear",3,5,5,"epsilon","0.1",0.0786934753523712
"erlotinib","regression","svm_linear",3,5,6,"cost","0.1",0.0945894459390664
"erlotinib","regression","svm_linear",3,5,6,"epsilon","0.1",0.0945894459390664
"erlotinib","regression","svm_linear",3,5,7,"cost","1",0.140027174379668
"erlotinib","regression","svm_linear",3,5,7,"epsilon","0.1",0.140027174379668
"erlotinib","regression","svm_linear",3,5,8,"cost","10",0.140027174379668
"erlotinib","regression","svm_linear",3,5,8,"epsilon","0.1",0.140027174379668
"erlotinib","regression","svm_linear",3,5,9,"cost","0.01",0.0778445820392895
"erlotinib","regression","svm_linear",3,5,9,"epsilon","0.2",0.0778445820392895
"erlotinib","regression","svm_linear",3,5,10,"cost","0.1",0.0936582487070842
"erlotinib","regression","svm_linear",3,5,10,"epsilon","0.2",0.0936582487070842
"erlotinib","regression","svm_linear",3,5,11,"cost","1",0.128358889086396
"erlotinib","regression","svm_linear",3,5,11,"epsilon","0.2",0.128358889086396
"erlotinib","regression","svm_linear",3,5,12,"cost","10",0.128358889086396
"erlotinib","regression","svm_linear",3,5,12,"epsilon","0.2",0.128358889086396
