"drug","task","model","repeat","fold","candidate","parameter","value","inner_score"
"rapamycin","classification","rf",1,1,1,"mtry","10",0.575
"rapamycin","classification","rf",1,1,1,"min.node.size","3",0.575
"rapamycin","classification","rf",1,1,1,"sample.fraction","0.55",0.575
"rapamycin","classification","rf",1,1,1,"max.depth","0",0.575
"rapamycin","classification","rf",1,1,1,"num.trees","500",0.575
"rapamycin","classification","rf",1,1,2,"mtry","14",0.566666666666667
"rapamycin","classification","rf",1,1,2,"min.node.size","5",0.566666666666667
"rapamycin","classification","rf",1,1,2,"sample.fraction","0.55",0.566666666666667
"rapamycin","classification","rf",1,1,2,"max.depth","0",0.566666666666667
"rapamycin","classification","rf",1,1,2,"num.trees","500",0.566666666666667
"rapamycin","classification","rf",1,1,3,"mtry","20",0.566777777777778
"rapamycin","classification","rf",1,1,3,"min.node.size","5",0.566777777777778
"rapamycin","classification","rf",1,1,3,"sample.fraction","0.55",0.566777777777778
"rapamycin","classification","rf",1,1,3,"max.depth","0",0.566777777777778
"rapamycin","classification","rf",1,1,3,"num.trees","500",0.566777777777778
"rapamycin","classification","rf",1,1,4,"mtry","20",0.576444444444444
"rapamycin","classification","rf",1,1,4,"min.node.size","10",0.576444444444444
"rapamycin","classification","rf",1,1,4,"sample.fraction","0.55",0.576444444444444
"rapamycin","classification","rf",1,1,4,"max.depth","20",0.576444444444444
"rapamycin","classification","rf",1,1,4,"num.trees","500",0.576444444444444
"rapamycin","classification","rf",1,1,5,"mtry","14",0.574
"rapamycin","classification","rf",1,1,5,"min.node.size","1",0.574
"rapamycin","classification","rf",1,1,5,"sample.fraction","0.632",0.574
"rapamycin","classification","rf",1,1,5,"max.depth","20",0.574
"rapamycin","classification","rf",1,1,5,"num.trees","500",0.574
"rapamycin","classification","rf",1,1,6,"mtry","14",0.572444444444444
"rapamycin","classification","rf",1,1,6,"min.node.size","5",0.572444444444444
"rapamycin","classification","rf",1,1,6,"sample.fraction","0.632",0.572444444444444
"rapamycin","classification","rf",1,1,6,"max.depth","30",0.572444444444444
"rapamycin","classification","rf",1,1,6,"num.trees","500",0.572444444444444
"rapamycin","classification","rf",1,1,7,"mtry","20",0.572555555555555
"rapamycin","classification","rf",1,1,7,"min.node.size","5",0.572555555555555
"rapamycin","classification","rf",1,1,7,"sample.fraction","0.632",0.572555555555555
"rapamycin","classification","rf",1,1,7,"max.depth","30",0.572555555555555
"rapamycin","classification","rf",1,1,7,"num.trees","500",0.572555555555555
"rapamycin","classification","rf",1,1,8,"mtry","14",0.562722222222222
"rapamycin","classification","rf",1,1,8,"min.node.size","3",0.562722222222222
"rapamycin","classification","rf",1,1,8,"sample.fraction","0.55",0.562722222222222
"rapamycin","classification","rf",1,1,8,"max.depth","40",0.562722222222222
"rapamycin","classification","rf",1,1,8,"num.trees","500",0.562722222222222
"rapamycin","classification","rf",1,1,9,"mtry","14",0.569888888888889
"rapamycin","classification","rf",1,1,9,"min.node.size","10",0.569888888888889
"rapamycin","classification","rf",1,1,9,"sample.fraction","0.55",0.569888888888889
"rapamycin","classification","rf",1,1,9,"max.depth","40",0.569888888888889
"rapamycin","classification","rf",1,1,9,"num.trees","500",0.569888888888889
"rapamycin","classification","rf",1,1,10,"mtry","50",0.574666666666667
"rapamycin","classification","rf",1,1,10,"min.node.size","3",0.574666666666667
"rapamycin","classification","rf",1,1,10,"sample.fraction","0.632",0.574666666666667
"rapamycin","classification","rf",1,1,10,"max.depth","40",0.574666666666667
"rapamycin","classification","rf",1,1,10,"num.trees","500",0.574666666666667
"rapamycin","classification","rf",1,1,11,"mtry","50",0.558166666666667
"rapamycin","classification","rf",1,1,11,"min.node.size","1",0.558166666666667
"rapamycin","classification","rf",1,1,11,"sample.fraction","0.75",0.558166666666667
"rapamycin","classification","rf",1,1,11,"max.depth","40",0.558166666666667
"rapamycin","classification","rf",1,1,11,"num.trees","500",0.558166666666667
"rapamycin","classification","rf",1,1,12,"mtry","50",0.560444444444444
"rapamycin","classification","rf",1,1,12,"min.node.size","3",0.560444444444444
"rapamycin","classification","rf",1,1,12,"sample.fraction","0.75",0.560444444444444
"rapamycin","classification","rf",1,1,12,"max.depth","40",0.560444444444444
"rapamycin","classification","rf",1,1,12,"num.trees","500",0.560444444444444
"rapamycin","classification","ridge",1,1,1,"alpha","0",0.634278110445775
"rapamycin","classification","ridge",1,1,1,"lambda","10.81671611",0.634278110445775
"rapamycin","classification","ridge",1,1,1,"measure","auc",0.634278110445775
"rapamycin","classification","lasso",1,1,1,"alpha","1",0.584730538922156
"rapamycin","classification","lasso",1,1,1,"lambda","0.0962920386",0.584730538922156
"rapamycin","classification","lasso",1,1,1,"measure","auc",0.584730538922156
"rapamycin","classification","enet",1,1,1,"alpha","0.1",0.611490352628077
"rapamycin","classification","enet",1,1,1,"lambda","0.4366726963",0.611490352628077
"rapamycin","classification","enet",1,1,1,"measure","auc",0.611490352628077
"rapamycin","classification","enet",1,1,2,"alpha","0.2",0.604168330006653
"rapamycin","classification","enet",1,1,2,"lambda","0.2629869043",0.604168330006653
"rapamycin","classification","enet",1,1,2,"measure","auc",0.604168330006653
"rapamycin","classification","enet",1,1,3,"alpha","0.3",0.59791749833666
"rapamycin","classification","enet",1,1,3,"lambda","0.2015806886",0.59791749833666
"rapamycin","classification","enet",1,1,3,"measure","auc",0.59791749833666
"rapamycin","classification","enet",1,1,4,"alpha","0.4",0.589191616766467
"rapamycin","classification","enet",1,1,4,"lambda","0.1511855165",0.589191616766467
"rapamycin","classification","enet",1,1,4,"measure","auc",0.589191616766467
"rapamycin","classification","enet",1,1,5,"alpha","0.5",0.585239520958084
"rapamycin","classification","enet",1,1,5,"lambda","0.1267074629",0.585239520958084
"rapamycin","classification","enet",1,1,5,"measure","auc",0.585239520958084
"rapamycin","classification","enet",1,1,6,"alpha","0.6",0.585073186959415
"rapamycin","classification","enet",1,1,6,"lambda","0.1158844035",0.585073186959415
"rapamycin","classification","enet",1,1,6,"measure","auc",0.585073186959415
"rapamycin","classification","enet",1,1,7,"alpha","0.7",0.583097139055223
"rapamycin","classification","enet",1,1,7,"lambda","0.09481481011",0.583097139055223
"rapamycin","classification","enet",1,1,7,"measure","auc",0.583097139055223
"rapamycin","classification","enet",1,1,8,"alpha","0.8",0.584158349966733
"rapamycin","classification","enet",1,1,8,"lambda","0.1203650482",0.584158349966733
"rapamycin","classification","enet",1,1,8,"measure","auc",0.584158349966733
"rapamycin","classification","enet",1,1,9,"alpha","0.9",0.583429807052562
"rapamycin","classification","enet",1,1,9,"lambda","0.06122427195",0.583429807052562
"rapamycin","classification","enet",1,1,9,"measure","auc",0.583429807052562
"rapamycin","classification","svm_linear",1,1,1,"cost","0.01",0.533555555555556
"rapamycin","classification","svm_linear",1,1,2,"cost","0.1",0.508555555555556
"rapamycin","classification","svm_linear",1,1,3,"cost","1",0.504555555555556
"rapamycin","classification","svm_linear",1,1,4,"cost","10",0.504555555555556
"rapamycin","classification","svm_linear",1,1,5,"cost","100",0.504555555555556
"rapamycin","classification","rf",1,2,1,"mtry","35",0.673263888888889
"rapamycin","classification","rf",1,2,1,"min.node.size","10",0.673263888888889
"rapamycin","classification","rf",1,2,1,"sample.fraction","0.55",0.673263888888889
"rapamycin","classification","rf",1,2,1,"max.depth","0",0.673263888888889
"rapamycin","classification","rf",1,2,1,"num.trees","500",0.673263888888889
"rapamycin","classification","rf",1,2,2,"mtry","14",0.665972222222222
"rapamycin","classification","rf",1,2,2,"min.node.size","5",0.665972222222222
"rapamycin","classification","rf",1,2,2,"sample.fraction","0.75",0.665972222222222
"rapamycin","classification","rf",1,2,2,"max.depth","0",0.665972222222222
"rapamycin","classification","rf",1,2,2,"num.trees","500",0.665972222222222
"rapamycin","classification","rf",1,2,3,"mtry","20",0.670305555555556
"rapamycin","classification","rf",1,2,3,"min.node.size","5",0.670305555555556
"rapamycin","classification","rf",1,2,3,"sample.fraction","0.75",0.670305555555556
"rapamycin","classification","rf",1,2,3,"max.depth","0",0.670305555555556
"rapamycin","classification","rf",1,2,3,"num.trees","500",0.670305555555556
"rapamycin","classification","rf",1,2,4,"mtry","35",0.6638125
"rapamycin","classification","rf",1,2,4,"min.node.size","1",0.6638125
"rapamycin","classification","rf",1,2,4,"sample.fraction","0.55",0.6638125
"rapamycin","classification","rf",1,2,4,"max.depth","20",0.6638125
"rapamycin","classification","rf",1,2,4,"num.trees","500",0.6638125
"rapamycin","classification","rf",1,2,5,"mtry","20",0.644375
"rapamycin","classification","rf",1,2,5,"min.node.size","3",0.644375
"rapamycin","classification","rf",1,2,5,"sample.fraction","0.55",0.644375
"rapamycin","classification","rf",1,2,5,"max.depth","20",0.644375
"rapamycin","classification","rf",1,2,5,"num.trees","500",0.644375
"rapamycin","classification","rf",1,2,6,"mtry","35",0.663861111111111
"rapamycin","classification","rf",1,2,6,"min.node.size","3",0.663861111111111
"rapamycin","classification","rf",1,2,6,"sample.fraction","0.55",0.663861111111111
"rapamycin","classification","rf",1,2,6,"max.depth","20",0.663861111111111
"rapamycin","classification","rf",1,2,6,"num.trees","500",0.663861111111111
"rapamycin","classification","rf",1,2,7,"mtry","50",0.665930555555556
"rapamycin","classification","rf",1,2,7,"min.node.size","5",0.665930555555556
"rapamycin","classification","rf",1,2,7,"sample.fraction","0.75",0.665930555555556
"rapamycin","classification","rf",1,2,7,"max.depth","20",0.665930555555556
"rapamycin","classification","rf",1,2,7,"num.trees","500",0.665930555555556
"rapamycin","classification","rf",1,2,8,"mtry","5",0.6295
"rapamycin","classification","rf",1,2,8,"min.node.size","5",0.6295
"rapamycin","classification","rf",1,2,8,"sample.fraction","0.55",0.6295
"rapamycin","classification","rf",1,2,8,"max.depth","30",0.6295
"rapamycin","classification","rf",1,2,8,"num.trees","500",0.6295
"rapamycin","classification","rf",1,2,9,"mtry","35",0.6638125
"rapamycin","classification","rf",1,2,9,"min.node.size","1",0.6638125
"rapamycin","classification","rf",1,2,9,"sample.fraction","0.55",0.6638125
"rapamycin","classification","rf",1,2,9,"max.depth","40",0.6638125
"rapamycin","classification","rf",1,2,9,"num.trees","500",0.6638125
"rapamycin","classification","rf",1,2,10,"mtry","20",0.648513888888889
"rapamycin","classification","rf",1,2,10,"min.node.size","5",0.648513888888889
"rapamycin","classification","rf",1,2,10,"sample.fraction","0.55",0.648513888888889
"rapamycin","classification","rf",1,2,10,"max.depth","40",0.648513888888889
"rapamycin","classification","rf",1,2,10,"num.trees","500",0.648513888888889
"rapamycin","classification","rf",1,2,11,"mtry","10",0.655472222222222
"rapamycin","classification","rf",1,2,11,"min.node.size","3",0.655472222222222
"rapamycin","classification","rf",1,2,11,"sample.fraction","0.632",0.655472222222222
"rapamycin","classification","rf",1,2,11,"max.depth","40",0.655472222222222
"rapamycin","classification","rf",1,2,11,"num.trees","500",0.655472222222222
"rapamycin","classification","rf",1,2,12,"mtry","35",0.6736875
"rapamycin","classification","rf",1,2,12,"min.node.size","3",0.6736875
"rapamycin","classification","rf",1,2,12,"sample.fraction","0.75",0.6736875
"rapamycin","classification","rf",1,2,12,"max.depth","40",0.6736875
"rapamycin","classification","rf",1,2,12,"num.trees","500",0.6736875
"rapamycin","classification","ridge",1,2,1,"alpha","0",0.6353367003367
"rapamycin","classification","ridge",1,2,1,"lambda","1.46605191",0.6353367003367
"rapamycin","classification","ridge",1,2,1,"measure","auc",0.6353367003367
"rapamycin","classification","lasso",1,2,1,"alpha","1",0.633784511784512
"rapamycin","classification","lasso",1,2,1,"lambda","0.1109014506",0.633784511784512
"rapamycin","classification","lasso",1,2,1,"measure","auc",0.633784511784512
"rapamycin","classification","enet",1,2,1,"alpha","0.1",0.687585858585859
"rapamycin","classification","enet",1,2,1,"lambda","0.01849947693",0.687585858585859
"rapamycin","classification","enet",1,2,1,"measure","auc",0.687585858585859
"rapamycin","classification","enet",1,2,2,"alpha","0.2",0.67679797979798
"rapamycin","classification","enet",1,2,2,"lambda","0.009690171726",0.67679797979798
"rapamycin","classification","enet",1,2,2,"measure","auc",0.67679797979798
"rapamycin","classification","enet",1,2,3,"alpha","0.3",0.666976430976431
"rapamycin","classification","enet",1,2,3,"lambda","0.008151739927",0.666976430976431
"rapamycin","classification","enet",1,2,3,"measure","auc",0.666976430976431
"rapamycin","classification","enet",1,2,4,"alpha","0.4",0.661777777777778
"rapamycin","classification","enet",1,2,4,"lambda","0.00887008416",0.661777777777778
"rapamycin","classification","enet",1,2,4,"measure","auc",0.661777777777778
"rapamycin","classification","enet",1,2,5,"alpha","0.5",0.661787878787879
"rapamycin","classification","enet",1,2,5,"lambda","0.005891279761",0.661787878787879
"rapamycin","classification","enet",1,2,5,"measure","auc",0.661787878787879
"rapamycin","classification","enet",1,2,6,"alpha","0.6",0.657589225589226
"rapamycin","classification","enet",1,2,6,"lambda","0.003890615383",0.657589225589226
"rapamycin","classification","enet",1,2,6,"measure","auc",0.657589225589226
"rapamycin","classification","enet",1,2,7,"alpha","0.7",0.653569023569024
"rapamycin","classification","enet",1,2,7,"lambda","0.002194084393",0.653569023569024
"rapamycin","classification","enet",1,2,7,"measure","auc",0.653569023569024
"rapamycin","classification","enet",1,2,8,"alpha","0.8",0.650010101010101
"rapamycin","classification","enet",1,2,8,"lambda","0.002537894137",0.650010101010101
"rapamycin","classification","enet",1,2,8,"measure","auc",0.650010101010101
"rapamycin","classification","enet",1,2,9,"alpha","0.9",0.639138047138047
"rapamycin","classification","enet",1,2,9,"lambda","0.002982174835",0.639138047138047
"rapamycin","classification","enet",1,2,9,"measure","auc",0.639138047138047
"rapamycin","classification","svm_linear",1,2,1,"cost","0.01",0.703388888888889
"rapamycin","classification","svm_linear",1,2,2,"cost","0.1",0.676319444444444
"rapamycin","classification","svm_linear",1,2,3,"cost","1",0.625930555555556
"rapamycin","classification","svm_linear",1,2,4,"cost","10",0.625930555555556
"rapamycin","classification","svm_linear",1,2,5,"cost","100",0.625930555555556
"rapamycin","classification","rf",1,3,1,"mtry","50",0.673333333333333
"rapamycin","classification","rf",1,3,1,"min.node.size","10",0.673333333333333
"rapamycin","classification","rf",1,3,1,"sample.fraction","0.55",0.673333333333333
"rapamycin","classification","rf",1,3,1,"max.depth","0",0.673333333333333
"rapamycin","classification","rf",1,3,1,"num.trees","500",0.673333333333333
"rapamycin","classification","rf",1,3,2,"mtry","5",0.617611111111111
"rapamycin","classification","rf",1,3,2,"min.node.size","1",0.617611111111111
"rapamycin","classification","rf",1,3,2,"sample.fraction","0.632",0.617611111111111
"rapamycin","classification","rf",1,3,2,"max.depth","0",0.617611111111111
"rapamycin","classification","rf",1,3,2,"num.trees","500",0.617611111111111
"rapamycin","classification","rf",1,3,3,"mtry","35",0.655555555555556
"rapamycin","classification","rf",1,3,3,"min.node.size","3",0.655555555555556
"rapamycin","classification","rf",1,3,3,"sample.fraction","0.632",0.655555555555556
"rapamycin","classification","rf",1,3,3,"max.depth","20",0.655555555555556
"rapamycin","classification","rf",1,3,3,"num.trees","500",0.655555555555556
"rapamycin","classification","rf",1,3,4,"mtry","5",0.621666666666667
"rapamycin","classification","rf",1,3,4,"min.node.size","10",0.621666666666667
"rapamycin","classification","rf",1,3,4,"sample.fraction","0.632",0.621666666666667
"rapamycin","classification","rf",1,3,4,"max.depth","20",0.621666666666667
"rapamycin","classification","rf",1,3,4,"num.trees","500",0.621666666666667
"rapamycin","classification","rf",1,3,5,"mtry","5",0.622666666666667
"rapamycin","classification","rf",1,3,5,"min.node.size","5",0.622666666666667
"rapamycin","classification","rf",1,3,5,"sample.fraction","0.55",0.622666666666667
"rapamycin","classification","rf",1,3,5,"max.depth","30",0.622666666666667
"rapamycin","classification","rf",1,3,5,"num.trees","500",0.622666666666667
"rapamycin","classification","rf",1,3,6,"mtry","14",0.634333333333333
"rapamycin","classification","rf",1,3,6,"min.node.size","5",0.634333333333333
"rapamycin","classification","rf",1,3,6,"sample.fraction","0.55",0.634333333333333
"rapamycin","classification","rf",1,3,6,"max.depth","30",0.634333333333333
"rapamycin","classification","rf",1,3,6,"num.trees","500",0.634333333333333
"rapamycin","classification","rf",1,3,7,"mtry","14",0.6355
"rapamycin","classification","rf",1,3,7,"min.node.size","1",0.6355
"rapamycin","classification","rf",1,3,7,"sample.fraction","0.75",0.6355
"rapamycin","classification","rf",1,3,7,"max.depth","30",0.6355
"rapamycin","classification","rf",1,3,7,"num.trees","500",0.6355
"rapamycin","classification","rf",1,3,8,"mtry","14",0.634888888888889
"rapamycin","classification","rf",1,3,8,"min.node.size","5",0.634888888888889
"rapamycin","classification","rf",1,3,8,"sample.fraction","0.75",0.634888888888889
"rapamycin","classification","rf",1,3,8,"max.depth","30",0.634888888888889
"rapamycin","classification","rf",1,3,8,"num.trees","500",0.634888888888889
"rapamycin","classification","rf",1,3,9,"mtry","20",0.662666666666667
"rapamycin","classification","rf",1,3,9,"min.node.size","5",0.662666666666667
"rapamycin","classification","rf",1,3,9,"sample.fraction","0.75",0.662666666666667
"rapamycin","classification","rf",1,3,9,"max.depth","30",0.662666666666667
"rapamycin","classification","rf",1,3,9,"num.trees","500",0.662666666666667
"rapamycin","classification","rf",1,3,10,"mtry","14",0.648777777777778
"rapamycin","classification","rf",1,3,10,"min.node.size","10",0.648777777777778
"rapamycin","classification","rf",1,3,10,"sample.fraction","0.632",0.648777777777778
"rapamycin","classification","rf",1,3,10,"max.depth","40",0.648777777777778
"rapamycin","classification","rf",1,3,10,"num.trees","500",0.648777777777778
"rapamycin","classification","rf",1,3,11,"mtry","50",0.681555555555555
"rapamycin","classification","rf",1,3,11,"min.node.size","10",0.681555555555555
"rapamycin","classification","rf",1,3,11,"sample.fraction","0.632",0.681555555555555
"rapamycin","classification","rf",1,3,11,"max.depth","40",0.681555555555555
"rapamycin","classification","rf",1,3,11,"num.trees","500",0.681555555555555
"rapamycin","classification","rf",1,3,12,"mtry","50",0.665888888888889
"rapamycin","classification","rf",1,3,12,"min.node.size","5",0.665888888888889
"rapamycin","classification","rf",1,3,12,"sample.fraction","0.75",0.665888888888889
"rapamycin","classification","rf",1,3,12,"max.depth","40",0.665888888888889
"rapamycin","classification","rf",1,3,12,"num.trees","500",0.665888888888889
"rapamycin","classification","ridge",1,3,1,"alpha","0",0.617015968063872
"rapamycin","classification","ridge",1,3,1,"lambda","1.241911455",0.617015968063872
"rapamycin","classification","ridge",1,3,1,"measure","auc",0.617015968063872
"rapamycin","classification","lasso",1,3,1,"alpha","1",0.691440452428476
"rapamycin","classification","lasso",1,3,1,"lambda","0.01461496244",0.691440452428476
"rapamycin","classification","lasso",1,3,1,"measure","auc",0.691440452428476
"rapamycin","classification","enet",1,3,1,"alpha","0.1",0.687312042581504
"rapamycin","classification","enet",1,3,1,"lambda","0.1055318526",0.687312042581504
"rapamycin","classification","enet",1,3,1,"measure","auc",0.687312042581504
"rapamycin","classification","enet",1,3,2,"alpha","0.2",0.689288090485695
"rapamycin","classification","enet",1,3,2,"lambda","0.04380719902",0.689288090485695
"rapamycin","classification","enet",1,3,2,"measure","auc",0.689288090485695
"rapamycin","classification","enet",1,3,3,"alpha","0.3",0.691347305389222
"rapamycin","classification","enet",1,3,3,"lambda","0.0443886982",0.691347305389222
"rapamycin","classification","enet",1,3,3,"measure","auc",0.691347305389222
"rapamycin","classification","enet",1,3,4,"alpha","0.4",0.692501663339987
"rapamycin","classification","enet",1,3,4,"lambda","0.03177837252",0.692501663339987
"rapamycin","classification","enet",1,3,4,"measure","auc",0.692501663339987
"rapamycin","classification","enet",1,3,5,"alpha","0.5",0.692335329341317
"rapamycin","classification","enet",1,3,5,"lambda","0.03688398191",0.692335329341317
"rapamycin","classification","enet",1,3,5,"measure","auc",0.692335329341317
"rapamycin","classification","enet",1,3,6,"alpha","0.6",0.693656021290752
"rapamycin","classification","enet",1,3,6,"lambda","0.02325114974",0.693656021290752
"rapamycin","classification","enet",1,3,6,"measure","auc",0.693656021290752
"rapamycin","classification","enet",1,3,7,"alpha","0.7",0.691846307385229
"rapamycin","classification","enet",1,3,7,"lambda","0.01992955692",0.691846307385229
"rapamycin","classification","enet",1,3,7,"measure","auc",0.691846307385229
"rapamycin","classification","enet",1,3,8,"alpha","0.8",0.692834331337325
"rapamycin","classification","enet",1,3,8,"lambda","0.02004987905",0.692834331337325
"rapamycin","classification","enet",1,3,8,"measure","auc",0.692834331337325
"rapamycin","classification","enet",1,3,9,"alpha","0.9",0.692095808383233
"rapamycin","classification","enet",1,3,9,"lambda","0.0134817762",0.692095808383233
"rapamycin","classification","enet",1,3,9,"measure","auc",0.692095808383233
"rapamycin","classification","svm_linear",1,3,1,"cost","0.01",0.588333333333333
"rapamycin","classification","svm_linear",1,3,2,"cost","0.1",0.589
"rapamycin","classification","svm_linear",1,3,3,"cost","1",0.582444444444444
"rapamycin","classification","svm_linear",1,3,4,"cost","10",0.582444444444444
"rapamycin","classification","svm_linear",1,3,5,"cost","100",0.582444444444444
"rapamycin","classification","rf",1,4,1,"mtry","50",0.719736111111111
"rapamycin","classification","rf",1,4,1,"min.node.size","1",0.719736111111111
"rapamycin","classification","rf",1,4,1,"sample.fraction","0.632",0.719736111111111
"rapamycin","classification","rf",1,4,1,"max.depth","0",0.719736111111111
"rapamycin","classification","rf",1,4,1,"num.trees","500",0.719736111111111
"rapamycin","classification","rf",1,4,2,"mtry","35",0.704763888888889
"rapamycin","classification","rf",1,4,2,"min.node.size","3",0.704763888888889
"rapamycin","classification","rf",1,4,2,"sample.fraction","0.632",0.704763888888889
"rapamycin","classification","rf",1,4,2,"max.depth","0",0.704763888888889
"rapamycin","classification","rf",1,4,2,"num.trees","500",0.704763888888889
"rapamycin","classification","rf",1,4,3,"mtry","14",0.679388888888889
"rapamycin","classification","rf",1,4,3,"min.node.size","5",0.679388888888889
"rapamycin","classification","rf",1,4,3,"sample.fraction","0.75",0.679388888888889
"rapamycin","classification","rf",1,4,3,"max.depth","0",0.679388888888889
"rapamycin","classification","rf",1,4,3,"num.trees","500",0.679388888888889
"rapamycin","classification","rf",1,4,4,"mtry","10",0.670263888888889
"rapamycin","classification","rf",1,4,4,"min.node.size","3",0.670263888888889
"rapamycin","classification","rf",1,4,4,"sample.fraction","0.55",0.670263888888889
"rapamycin","classification","rf",1,4,4,"max.depth","20",0.670263888888889
"rapamycin","classification","rf",1,4,4,"num.trees","500",0.670263888888889
"rapamycin","classification","rf",1,4,5,"mtry","50",0.729138888888889
"rapamycin","classification","rf",1,4,5,"min.node.size","10",0.729138888888889
"rapamycin","classification","rf",1,4,5,"sample.fraction","0.75",0.729138888888889
"rapamycin","classification","rf",1,4,5,"max.depth","20",0.729138888888889
"rapamycin","classification","rf",1,4,5,"num.trees","500",0.729138888888889
"rapamycin","classification","rf",1,4,6,"mtry","20",0.670395833333333
"rapamycin","classification","rf",1,4,6,"min.node.size","1",0.670395833333333
"rapamycin","classification","rf",1,4,6,"sample.fraction","0.55",0.670395833333333
"rapamycin","classification","rf",1,4,6,"max.depth","30",0.670395833333333
"rapamycin","classification","rf",1,4,6,"num.trees","500",0.670395833333333
"rapamycin","classification","rf",1,4,7,"mtry","35",0.679006944444444
"rapamycin","classification","rf",1,4,7,"min.node.size","1",0.679006944444444
"rapamycin","classification","rf",1,4,7,"sample.fraction","0.55",0.679006944444444
"rapamycin","classification","rf",1,4,7,"max.depth","40",0.679006944444444
"rapamycin","classification","rf",1,4,7,"num.trees","500",0.679006944444444
"rapamycin","classification","rf",1,4,8,"mtry","10",0.670263888888889
"rapamycin","classification","rf",1,4,8,"min.node.size","3",0.670263888888889
"rapamycin","classification","rf",1,4,8,"sample.fraction","0.55",0.670263888888889
"rapamycin","classification","rf",1,4,8,"max.depth","40",0.670263888888889
"rapamycin","classification","rf",1,4,8,"num.trees","500",0.670263888888889
"rapamycin","classification","rf",1,4,9,"mtry","50",0.719736111111111
"rapamycin","classification","rf",1,4,9,"min.node.size","1",0.719736111111111
"rapamycin","classification","rf",1,4,9,"sample.fraction","0.632",0.719736111111111
"rapamycin","classification","rf",1,4,9,"max.depth","40",0.719736111111111
"rapamycin","classification","rf",1,4,9,"num.trees","500",0.719736111111111
"rapamycin","classification","rf",1,4,10,"mtry","35",0.704763888888889
"rapamycin","classification","rf",1,4,10,"min.node.size","3",0.704763888888889
"rapamycin","classification","rf",1,4,10,"sample.fraction","0.632",0.704763888888889
"rapamycin","classification","rf",1,4,10,"max.depth","40",0.704763888888889
"rapamycin","classification","rf",1,4,10,"num.trees","500",0.704763888888889
"rapamycin","classification","rf",1,4,11,"mtry","14",0.680569444444444
"rapamycin","classification","rf",1,4,11,"min.node.size","3",0.680569444444444
"rapamycin","classification","rf",1,4,11,"sample.fraction","0.75",0.680569444444444
"rapamycin","classification","rf",1,4,11,"max.depth","40",0.680569444444444
"rapamycin","classification","rf",1,4,11,"num.trees","500",0.680569444444444
"rapamycin","classification","rf",1,4,12,"mtry","10",0.685138888888889
"rapamycin","classification","rf",1,4,12,"min.node.size","10",0.685138888888889
"rapamycin","classification","rf",1,4,12,"sample.fraction","0.75",0.685138888888889
"rapamycin","classification","rf",1,4,12,"max.depth","40",0.685138888888889
"rapamycin","classification","rf",1,4,12,"num.trees","500",0.685138888888889
"rapamycin","classification","ridge",1,4,1,"alpha","0",0.621974564926372
"rapamycin","classification","ridge",1,4,1,"lambda","3.054547925",0.621974564926372
"rapamycin","classification","ridge",1,4,1,"measure","auc",0.621974564926372
"rapamycin","classification","lasso",1,4,1,"alpha","1",0.70721218206158
"rapamycin","classification","lasso",1,4,1,"lambda","0.06580824012",0.70721218206158
"rapamycin","classification","lasso",1,4,1,"measure","auc",0.70721218206158
"rapamycin","classification","enet",1,4,1,"alpha","0.1",0.701278447121821
"rapamycin","classification","enet",1,4,1,"lambda","0.6894174902",0.701278447121821
"rapamycin","classification","enet",1,4,1,"measure","auc",0.701278447121821
"rapamycin","classification","enet",1,4,2,"alpha","0.2",0.707366131191432
"rapamycin","classification","enet",1,4,2,"lambda","0.3140857702",0.707366131191432
"rapamycin","classification","enet",1,4,2,"measure","auc",0.707366131191432
"rapamycin","classification","enet",1,4,3,"alpha","0.3",0.709052878179384
"rapamycin","classification","enet",1,4,3,"lambda","0.2193608004",0.709052878179384
"rapamycin","classification","enet",1,4,3,"measure","auc",0.709052878179384
"rapamycin","classification","enet",1,4,4,"alpha","0.4",0.707951807228916
"rapamycin","classification","enet",1,4,4,"lambda","0.1499050436",0.707951807228916
"rapamycin","classification","enet",1,4,4,"measure","auc",0.707951807228916
"rapamycin","classification","enet",1,4,5,"alpha","0.5",0.708614457831325
"rapamycin","classification","enet",1,4,5,"lambda","0.1316164802",0.708614457831325
"rapamycin","classification","enet",1,4,5,"measure","auc",0.708614457831325
"rapamycin","classification","enet",1,4,6,"alpha","0.6",0.706499330655957
"rapamycin","classification","enet",1,4,6,"lambda","0.1046952567",0.706499330655957
"rapamycin","classification","enet",1,4,6,"measure","auc",0.706499330655957
"rapamycin","classification","enet",1,4,7,"alpha","0.7",0.707556894243641
"rapamycin","classification","enet",1,4,7,"lambda","0.0940117716",0.707556894243641
"rapamycin","classification","enet",1,4,7,"measure","auc",0.707556894243641
"rapamycin","classification","enet",1,4,8,"alpha","0.8",0.706572958500669
"rapamycin","classification","enet",1,4,8,"lambda","0.08226030015",0.706572958500669
"rapamycin","classification","enet",1,4,8,"measure","auc",0.706572958500669
"rapamycin","classification","enet",1,4,9,"alpha","0.9",0.707178714859438
"rapamycin","classification","enet",1,4,9,"lambda","0.06979683783",0.707178714859438
"rapamycin","classification","enet",1,4,9,"measure","auc",0.707178714859438
"rapamycin","classification","svm_linear",1,4,1,"cost","0.01",0.591680555555556
"rapamycin","classification","svm_linear",1,4,2,"cost","0.1",0.634
"rapamycin","classification","svm_linear",1,4,3,"cost","1",0.611777777777778
"rapamycin","classification","svm_linear",1,4,4,"cost","10",0.611777777777778
"rapamycin","classification","svm_linear",1,4,5,"cost","100",0.611777777777778
"rapamycin","classification","rf",1,5,1,"mtry","20",0.618
"rapamycin","classification","rf",1,5,1,"min.node.size","10",0.618
"rapamycin","classification","rf",1,5,1,"sample.fraction","0.632",0.618
"rapamycin","classification","rf",1,5,1,"max.depth","0",0.618
"rapamycin","classification","rf",1,5,1,"num.trees","500",0.618
"rapamycin","classification","rf",1,5,2,"mtry","50",0.633333333333333
"rapamycin","classification","rf",1,5,2,"min.node.size","10",0.633333333333333
"rapamycin","classification","rf",1,5,2,"sample.fraction","0.55",0.633333333333333
"rapamycin","classification","rf",1,5,2,"max.depth","20",0.633333333333333
"rapamycin","classification","rf",1,5,2,"num.trees","500",0.633333333333333
"rapamycin","classification","rf",1,5,3,"mtry","10",0.604333333333333
"rapamycin","classification","rf",1,5,3,"min.node.size","3",0.604333333333333
"rapamycin","classification","rf",1,5,3,"sample.fraction","0.75",0.604333333333333
"rapamycin","classification","rf",1,5,3,"max.depth","20",0.604333333333333
"rapamycin","classification","rf",1,5,3,"num.trees","500",0.604333333333333
"rapamycin","classification","rf",1,5,4,"mtry","5",0.578222222222222
"rapamycin","classification","rf",1,5,4,"min.node.size","1",0.578222222222222
"rapamycin","classification","rf",1,5,4,"sample.fraction","0.55",0.578222222222222
"rapamycin","classification","rf",1,5,4,"max.depth","30",0.578222222222222
"rapamycin","classification","rf",1,5,4,"num.trees","500",0.578222222222222
"rapamycin","classification","rf",1,5,5,"mtry","35",0.629555555555556
"rapamycin","classification","rf",1,5,5,"min.node.size","1",0.629555555555556
"rapamycin","classification","rf",1,5,5,"sample.fraction","0.55",0.629555555555556
"rapamycin","classification","rf",1,5,5,"max.depth","30",0.629555555555556
"rapamycin","classification","rf",1,5,5,"num.trees","500",0.629555555555556
"rapamycin","classification","rf",1,5,6,"mtry","10",0.588055555555556
"rapamycin","classification","rf",1,5,6,"min.node.size","1",0.588055555555556
"rapamycin","classification","rf",1,5,6,"sample.fraction","0.632",0.588055555555556
"rapamycin","classification","rf",1,5,6,"max.depth","30",0.588055555555556
"rapamycin","classification","rf",1,5,6,"num.trees","500",0.588055555555556
"rapamycin","classification","rf",1,5,7,"mtry","20",0.604222222222222
"rapamycin","classification","rf",1,5,7,"min.node.size","1",0.604222222222222
"rapamycin","classification","rf",1,5,7,"sample.fraction","0.632",0.604222222222222
"rapamycin","classification","rf",1,5,7,"max.depth","30",0.604222222222222
"rapamycin","classification","rf",1,5,7,"num.trees","500",0.604222222222222
"rapamycin","classification","rf",1,5,8,"mtry","20",0.609888888888889
"rapamycin","classification","rf",1,5,8,"min.node.size","1",0.609888888888889
"rapamycin","classification","rf",1,5,8,"sample.fraction","0.55",0.609888888888889
"rapamycin","classification","rf",1,5,8,"max.depth","40",0.609888888888889
"rapamycin","classification","rf",1,5,8,"num.trees","500",0.609888888888889
"rapamycin","classification","rf",1,5,9,"mtry","10",0.606666666666667
"rapamycin","classification","rf",1,5,9,"min.node.size","10",0.606666666666667
"rapamycin","classification","rf",1,5,9,"sample.fraction","0.55",0.606666666666667
"rapamycin","classification","rf",1,5,9,"max.depth","40",0.606666666666667
"rapamycin","classification","rf",1,5,9,"num.trees","500",0.606666666666667
"rapamycin","classification","rf",1,5,10,"mtry","50",0.633333333333333
"rapamycin","classification","rf",1,5,10,"min.node.size","10",0.633333333333333
"rapamycin","classification","rf",1,5,10,"sample.fraction","0.55",0.633333333333333
"rapamycin","classification","rf",1,5,10,"max.depth","40",0.633333333333333
"rapamycin","classification","rf",1,5,10,"num.trees","500",0.633333333333333
"rapamycin","classification","rf",1,5,11,"mtry","14",0.607666666666667
"rapamycin","classification","rf",1,5,11,"min.node.size","5",0.607666666666667
"rapamycin","classification","rf",1,5,11,"sample.fraction","0.632",0.607666666666667
"rapamycin","classification","rf",1,5,11,"max.depth","40",0.607666666666667
"rapamycin","classification","rf",1,5,11,"num.trees","500",0.607666666666667
"rapamycin","classification","rf",1,5,12,"mtry","35",0.633222222222222
"rapamycin","classification","rf",1,5,12,"min.node.size","1",0.633222222222222
"rapamycin","classification","rf",1,5,12,"sample.fraction","0.75",0.633222222222222
"rapamycin","classification","rf",1,5,12,"max.depth","40",0.633222222222222
"rapamycin","classification","rf",1,5,12,"num.trees","500",0.633222222222222
"rapamycin","classification","ridge",1,5,1,"alpha","0",0.615352628077179
"rapamycin","classification","ridge",1,5,1,"lambda","29.67657954",0.615352628077179
"rapamycin","classification","ridge",1,5,1,"measure","auc",0.615352628077179
"rapamycin","classification","lasso",1,5,1,"alpha","1",0.601290751829674
"rapamycin","classification","lasso",1,5,1,"lambda","0.0543300502",0.601290751829674
"rapamycin","classification","lasso",1,5,1,"measure","auc",0.601290751829674
"rapamycin","classification","enet",1,5,1,"alpha","0.1",0.609767132401863
"rapamycin","classification","enet",1,5,1,"lambda","0.04836543028",0.609767132401863
"rapamycin","classification","enet",1,5,1,"measure","auc",0.609767132401863
"rapamycin","classification","enet",1,5,2,"alpha","0.2",0.601290751829674
"rapamycin","classification","enet",1,5,2,"lambda","0.08105085217",0.601290751829674
"rapamycin","classification","enet",1,5,2,"measure","auc",0.601290751829674
"rapamycin","classification","enet",1,5,3,"alpha","0.3",0.59396872920825
"rapamycin","classification","enet",1,5,3,"lambda","0.1987572101",0.59396872920825
"rapamycin","classification","enet",1,5,3,"measure","auc",0.59396872920825
"rapamycin","classification","enet",1,5,4,"alpha","0.4",0.597182302062542
"rapamycin","classification","enet",1,5,4,"lambda","0.1561658882",0.597182302062542
"rapamycin","classification","enet",1,5,4,"measure","auc",0.597182302062542
"rapamycin","classification","enet",1,5,5,"alpha","0.5",0.598992015968064
"rapamycin","classification","enet",1,5,5,"lambda","0.1249327105",0.598992015968064
"rapamycin","classification","enet",1,5,5,"measure","auc",0.598992015968064
"rapamycin","classification","enet",1,5,6,"alpha","0.6",0.60705256154358
"rapamycin","classification","enet",1,5,6,"lambda","0.0825058638",0.60705256154358
"rapamycin","classification","enet",1,5,6,"measure","auc",0.60705256154358
"rapamycin","classification","enet",1,5,7,"alpha","0.7",0.608862275449102
"rapamycin","classification","enet",1,5,7,"lambda","0.07071931183",0.608862275449102
"rapamycin","classification","enet",1,5,7,"measure","auc",0.608862275449102
"rapamycin","classification","enet",1,5,8,"alpha","0.8",0.606969394544245
"rapamycin","classification","enet",1,5,8,"lambda","0.06187939785",0.606969394544245
"rapamycin","classification","enet",1,5,8,"measure","auc",0.606969394544245
"rapamycin","classification","enet",1,5,9,"alpha","0.9",0.602361942781104
"rapamycin","classification","enet",1,5,9,"lambda","0.0550039092",0.602361942781104
"rapamycin","classification","enet",1,5,9,"measure","auc",0.602361942781104
"rapamycin","classification","svm_linear",1,5,1,"cost","0.01",0.636333333333333
"rapamycin","classification","svm_linear",1,5,2,"cost","0.1",0.583555555555556
"rapamycin","classification","svm_linear",1,5,3,"cost","1",0.557222222222222
"rapamycin","classification","svm_linear",1,5,4,"cost","10",0.557222222222222
"rapamycin","classification","svm_linear",1,5,5,"cost","100",0.557222222222222
"rapamycin","classification","rf",2,1,1,"mtry","14",0.645215277777778
"rapamycin","classification","rf",2,1,1,"min.node.size","1",0.645215277777778
"rapamycin","classification","rf",2,1,1,"sample.fraction","0.55",0.645215277777778
"rapamycin","classification","rf",2,1,1,"max.depth","0",0.645215277777778
"rapamycin","classification","rf",2,1,1,"num.trees","500",0.645215277777778
"rapamycin","classification","rf",2,1,2,"mtry","20",0.660041666666667
"rapamycin","classification","rf",2,1,2,"min.node.size","1",0.660041666666667
"rapamycin","classification","rf",2,1,2,"sample.fraction","0.75",0.660041666666667
"rapamycin","classification","rf",2,1,2,"max.depth","20",0.660041666666667
"rapamycin","classification","rf",2,1,2,"num.trees","500",0.660041666666667
"rapamycin","classification","rf",2,1,3,"mtry","20",0.660361111111111
"rapamycin","classification","rf",2,1,3,"min.node.size","5",0.660361111111111
"rapamycin","classification","rf",2,1,3,"sample.fraction","0.75",0.660361111111111
"rapamycin","classification","rf",2,1,3,"max.depth","20",0.660361111111111
"rapamycin","classification","rf",2,1,3,"num.trees","500",0.660361111111111
"rapamycin","classification","rf",2,1,4,"mtry","35",0.668888888888889
"rapamycin","classification","rf",2,1,4,"min.node.size","5",0.668888888888889
"rapamycin","classification","rf",2,1,4,"sample.fraction","0.632",0.668888888888889
"rapamycin","classification","rf",2,1,4,"max.depth","30",0.668888888888889
"rapamycin","classification","rf",2,1,4,"num.trees","500",0.668888888888889
"rapamycin","classification","rf",2,1,5,"mtry","5",0.620861111111111
"rapamycin","classification","rf",2,1,5,"min.node.size","10",0.620861111111111
"rapamycin","classification","rf",2,1,5,"sample.fraction","0.632",0.620861111111111
"rapamycin","classification","rf",2,1,5,"max.depth","30",0.620861111111111
"rapamycin","classification","rf",2,1,5,"num.trees","500",0.620861111111111
"rapamycin","classification","rf",2,1,6,"mtry","20",0.638638888888889
"rapamycin","classification","rf",2,1,6,"min.node.size","10",0.638638888888889
"rapamycin","classification","rf",2,1,6,"sample.fraction","0.632",0.638638888888889
"rapamycin","classification","rf",2,1,6,"max.depth","30",0.638638888888889
"rapamycin","classification","rf",2,1,6,"num.trees","500",0.638638888888889
"rapamycin","classification","rf",2,1,7,"mtry","20",0.660361111111111
"rapamycin","classification","rf",2,1,7,"min.node.size","5",0.660361111111111
"rapamycin","classification","rf",2,1,7,"sample.fraction","0.75",0.660361111111111
"rapamycin","classification","rf",2,1,7,"max.depth","30",0.660361111111111
"rapamycin","classification","rf",2,1,7,"num.trees","500",0.660361111111111
"rapamycin","classification","rf",2,1,8,"mtry","10",0.627409722222222
"rapamycin","classification","rf",2,1,8,"min.node.size","1",0.627409722222222
"rapamycin","classification","rf",2,1,8,"sample.fraction","0.55",0.627409722222222
"rapamycin","classification","rf",2,1,8,"max.depth","40",0.627409722222222
"rapamycin","classification","rf",2,1,8,"num.trees","500",0.627409722222222
"rapamycin","classification","rf",2,1,9,"mtry","10",0.630319444444444
"rapamycin","classification","rf",2,1,9,"min.node.size","10",0.630319444444444
"rapamycin","classification","rf",2,1,9,"sample.fraction","0.55",0.630319444444444
"rapamycin","classification","rf",2,1,9,"max.depth","40",0.630319444444444
"rapamycin","classification","rf",2,1,9,"num.trees","500",0.630319444444444
"rapamycin","classification","rf",2,1,10,"mtry","14",0.6431875
"rapamycin","classification","rf",2,1,10,"min.node.size","1",0.6431875
"rapamycin","classification","rf",2,1,10,"sample.fraction","0.632",0.6431875
"rapamycin","classification","rf",2,1,10,"max.depth","40",0.6431875
"rapamycin","classification","rf",2,1,10,"num.trees","500",0.6431875
"rapamycin","classification","rf",2,1,11,"mtry","20",0.647034722222222
"rapamycin","classification","rf",2,1,11,"min.node.size","1",0.647034722222222
"rapamycin","classification","rf",2,1,11,"sample.fraction","0.632",0.647034722222222
"rapamycin","classification","rf",2,1,11,"max.depth","40",0.647034722222222
"rapamycin","classification","rf",2,1,11,"num.trees","500",0.647034722222222
"rapamycin","classification","rf",2,1,12,"mtry","20",0.638638888888889
"rapamycin","classification","rf",2,1,12,"min.node.size","10",0.638638888888889
"rapamycin","classification","rf",2,1,12,"sample.fraction","0.632",0.638638888888889
"rapamycin","classification","rf",2,1,12,"max.depth","40",0.638638888888889
"rapamycin","classification","rf",2,1,12,"num.trees","500",0.638638888888889
"rapamycin","classification","ridge",2,1,1,"alpha","0",0.627948460508701
"rapamycin","classification","ridge",2,1,1,"lambda","1.34078942",0.627948460508701
"rapamycin","classification","ridge",2,1,1,"measure","auc",0.627948460508701
"rapamycin","classification","lasso",2,1,1,"alpha","1",0.661271753681392
"rapamycin","classification","lasso",2,1,1,"lambda","0.01250424701",0.661271753681392
"rapamycin","classification","lasso",2,1,1,"measure","auc",0.661271753681392
"rapamycin","classification","enet",2,1,1,"alpha","0.1",0.643848728246319
"rapamycin","classification","enet",2,1,1,"lambda","0.06830166354",0.643848728246319
"rapamycin","classification","enet",2,1,1,"measure","auc",0.643848728246319
"rapamycin","classification","enet",2,1,2,"alpha","0.2",0.63925702811245
"rapamycin","classification","enet",2,1,2,"lambda","0.03415083177",0.63925702811245
"rapamycin","classification","enet",2,1,2,"measure","auc",0.63925702811245
"rapamycin","classification","enet",2,1,3,"alpha","0.3",0.635836680053548
"rapamycin","classification","enet",2,1,3,"lambda","0.01980176791",0.635836680053548
"rapamycin","classification","enet",2,1,3,"measure","auc",0.635836680053548
"rapamycin","classification","enet",2,1,4,"alpha","0.4",0.630408299866131
"rapamycin","classification","enet",2,1,4,"lambda","0.01123448344",0.630408299866131
"rapamycin","classification","enet",2,1,4,"measure","auc",0.630408299866131
"rapamycin","classification","enet",2,1,5,"alpha","0.5",0.632282463186078
"rapamycin","classification","enet",2,1,5,"lambda","0.007461652414",0.632282463186078
"rapamycin","classification","enet",2,1,5,"measure","auc",0.632282463186078
"rapamycin","classification","enet",2,1,6,"alpha","0.6",0.637985274431058
"rapamycin","classification","enet",2,1,6,"lambda","0.02183274357",0.637985274431058
"rapamycin","classification","enet",2,1,6,"measure","auc",0.637985274431058
"rapamycin","classification","enet",2,1,7,"alpha","0.7",0.640819946452477
"rapamycin","classification","enet",2,1,7,"lambda","0.0187137802",0.640819946452477
"rapamycin","classification","enet",2,1,7,"measure","auc",0.640819946452477
"rapamycin","classification","enet",2,1,8,"alpha","0.8",0.651449129852744
"rapamycin","classification","enet",2,1,8,"lambda","0.01637455767",0.651449129852744
"rapamycin","classification","enet",2,1,8,"measure","auc",0.651449129852744
"rapamycin","classification","enet",2,1,9,"alpha","0.9",0.658008701472557
"rapamycin","classification","enet",2,1,9,"lambda","0.01524821739",0.658008701472557
"rapamycin","classification","enet",2,1,9,"measure","auc",0.658008701472557
"rapamycin","classification","svm_linear",2,1,1,"cost","0.01",0.634888888888889
"rapamycin","classification","svm_linear",2,1,2,"cost","0.1",0.636888888888889
"rapamycin","classification","svm_linear",2,1,3,"cost","1",0.610486111111111
"rapamycin","classification","svm_linear",2,1,4,"cost","10",0.610486111111111
"rapamycin","classification","svm_linear",2,1,5,"cost","100",0.610486111111111
"rapamycin","classification","rf",2,2,1,"mtry","5",0.624203703703704
"rapamycin","classification","rf",2,2,1,"min.node.size","1",0.624203703703704
"rapamycin","classification","rf",2,2,1,"sample.fraction","0.632",0.624203703703704
"rapamycin","classification","rf",2,2,1,"max.depth","0",0.624203703703704
"rapamycin","classification","rf",2,2,1,"num.trees","500",0.624203703703704
"rapamycin","classification","rf",2,2,2,"mtry","35",0.646481481481481
"rapamycin","classification","rf",2,2,2,"min.node.size","5",0.646481481481481
"rapamycin","classification","rf",2,2,2,"sample.fraction","0.632",0.646481481481481
"rapamycin","classification","rf",2,2,2,"max.depth","0",0.646481481481481
"rapamycin","classification","rf",2,2,2,"num.trees","500",0.646481481481481
"rapamycin","classification","rf",2,2,3,"mtry","20",0.640888888888889
"rapamycin","classification","rf",2,2,3,"min.node.size","10",0.640888888888889
"rapamycin","classification","rf",2,2,3,"sample.fraction","0.632",0.640888888888889
"rapamycin","classification","rf",2,2,3,"max.depth","0",0.640888888888889
"rapamycin","classification","rf",2,2,3,"num.trees","500",0.640888888888889
"rapamycin","classification","rf",2,2,4,"mtry","35",0.664444444444444
"rapamycin","classification","rf",2,2,4,"min.node.size","1",0.664444444444444
"rapamycin","classification","rf",2,2,4,"sample.fraction","0.75",0.664444444444444
"rapamycin","classification","rf",2,2,4,"max.depth","0",0.664444444444444
"rapamycin","classification","rf",2,2,4,"num.trees","500",0.664444444444444
"rapamycin","classification","rf",2,2,5,"mtry","14",0.623222222222222
"rapamycin","classification","rf",2,2,5,"min.node.size","5",0.623222222222222
"rapamycin","classification","rf",2,2,5,"sample.fraction","0.75",0.623222222222222
"rapamycin","classification","rf",2,2,5,"max.depth","0",0.623222222222222
"rapamycin","classification","rf",2,2,5,"num.trees","500",0.623222222222222
"rapamycin","classification","rf",2,2,6,"mtry","20",0.667
"rapamycin","classification","rf",2,2,6,"min.node.size","5",0.667
"rapamycin","classification","rf",2,2,6,"sample.fraction","0.75",0.667
"rapamycin","classification","rf",2,2,6,"max.depth","0",0.667
"rapamycin","classification","rf",2,2,6,"num.trees","500",0.667
"rapamycin","classification","rf",2,2,7,"mtry","50",0.662185185185185
"rapamycin","classification","rf",2,2,7,"min.node.size","5",0.662185185185185
"rapamycin","classification","rf",2,2,7,"sample.fraction","0.55",0.662185185185185
"rapamycin","classification","rf",2,2,7,"max.depth","20",0.662185185185185
"rapamycin","classification","rf",2,2,7,"num.trees","500",0.662185185185185
"rapamycin","classification","rf",2,2,8,"mtry","50",0.652888888888889
"rapamycin","classification","rf",2,2,8,"min.node.size","10",0.652888888888889
"rapamycin","classification","rf",2,2,8,"sample.fraction","0.55",0.652888888888889
"rapamycin","classification","rf",2,2,8,"max.depth","20",0.652888888888889
"rapamycin","classification","rf",2,2,8,"num.trees","500",0.652888888888889
"rapamycin","classification","rf",2,2,9,"mtry","10",0.620851851851852
"rapamycin","classification","rf",2,2,9,"min.node.size","10",0.620851851851852
"rapamycin","classification","rf",2,2,9,"sample.fraction","0.75",0.620851851851852
"rapamycin","classification","rf",2,2,9,"max.depth","20",0.620851851851852
"rapamycin","classification","rf",2,2,9,"num.trees","500",0.620851851851852
"rapamycin","classification","rf",2,2,10,"mtry","20",0.640185185185185
"rapamycin","classification","rf",2,2,10,"min.node.size","5",0.640185185185185
"rapamycin","classification","rf",2,2,10,"sample.fraction","0.55",0.640185185185185
"rapamycin","classification","rf",2,2,10,"max.depth","30",0.640185185185185
"rapamycin","classification","rf",2,2,10,"num.trees","500",0.640185185185185
"rapamycin","classification","rf",2,2,11,"mtry","50",0.665259259259259
"rapamycin","classification","rf",2,2,11,"min.node.size","1",0.665259259259259
"rapamycin","classification","rf",2,2,11,"sample.fraction","0.632",0.665259259259259
"rapamycin","classification","rf",2,2,11,"max.depth","40",0.665259259259259
"rapamycin","classification","rf",2,2,11,"num.trees","500",0.665259259259259
"rapamycin","classification","rf",2,2,12,"mtry","14",0.623222222222222
"rapamycin","classification","rf",2,2,12,"min.node.size","5",0.623222222222222
"rapamycin","classification","rf",2,2,12,"sample.fraction","0.75",0.623222222222222
"rapamycin","classification","rf",2,2,12,"max.depth","40",0.623222222222222
"rapamycin","classification","rf",2,2,12,"num.trees","500",0.623222222222222
"rapamycin","classification","ridge",2,2,1,"alpha","0",0.621218206157965
"rapamycin","classification","ridge",2,2,1,"lambda","20.82896903",0.621218206157965
"rapamycin","classification","ridge",2,2,1,"measure","auc",0.621218206157965
"rapamycin","classification","lasso",2,2,1,"alpha","1",0.622001338688086
"rapamycin","classification","lasso",2,2,1,"lambda","0.06981042783",0.622001338688086
"rapamycin","classification","lasso",2,2,1,"measure","auc",0.622001338688086
"rapamycin","classification","enet",2,2,1,"alpha","0.1",0.625642570281124
"rapamycin","classification","enet",2,2,1,"lambda","0.9228527714",0.625642570281124
"rapamycin","classification","enet",2,2,1,"measure","auc",0.625642570281124
"rapamycin","classification","enet",2,2,2,"alpha","0.2",0.627807898259705
"rapamycin","classification","enet",2,2,2,"lambda","0.4013251387",0.627807898259705
"rapamycin","classification","enet",2,2,2,"measure","auc",0.627807898259705
"rapamycin","classification","enet",2,2,3,"alpha","0.3",0.626395582329317
"rapamycin","classification","enet",2,2,3,"lambda","0.3076175905",0.626395582329317
"rapamycin","classification","enet",2,2,3,"measure","auc",0.626395582329317
"rapamycin","classification","enet",2,2,4,"alpha","0.4",0.620763052208835
"rapamycin","classification","enet",2,2,4,"lambda","0.003049892631",0.620763052208835
"rapamycin","classification","enet",2,2,4,"measure","auc",0.620763052208835
"rapamycin","classification","enet",2,2,5,"alpha","0.5",0.622131860776439
"rapamycin","classification","enet",2,2,5,"lambda","0.004679536299",0.622131860776439
"rapamycin","classification","enet",2,2,5,"measure","auc",0.622131860776439
"rapamycin","classification","enet",2,2,6,"alpha","0.6",0.622205488621151
"rapamycin","classification","enet",2,2,6,"lambda","0.003899613583",0.622205488621151
"rapamycin","classification","enet",2,2,6,"measure","auc",0.622205488621151
"rapamycin","classification","enet",2,2,7,"alpha","0.7",0.61983266398929
"rapamycin","classification","enet",2,2,7,"lambda","0.001912716227",0.61983266398929
"rapamycin","classification","enet",2,2,7,"measure","auc",0.61983266398929
"rapamycin","classification","enet",2,2,8,"alpha","0.8",0.618537483266399
"rapamycin","classification","enet",2,2,8,"lambda","0.09141812988",0.618537483266399
"rapamycin","classification","enet",2,2,8,"measure","auc",0.618537483266399
"rapamycin","classification","enet",2,2,9,"alpha","0.9",0.619531459170013
"rapamycin","classification","enet",2,2,9,"lambda","0.08126055989",0.619531459170013
"rapamycin","classification","enet",2,2,9,"measure","auc",0.619531459170013
"rapamycin","classification","svm_linear",2,2,1,"cost","0.01",0.63662962962963
"rapamycin","classification","svm_linear",2,2,2,"cost","0.1",0.633851851851852
"rapamycin","classification","svm_linear",2,2,3,"cost","1",0.620740740740741
"rapamycin","classification","svm_linear",2,2,4,"cost","10",0.620740740740741
"rapamycin","classification","svm_linear",2,2,5,"cost","100",0.620740740740741
"rapamycin","classification","rf",2,3,1,"mtry","35",0.682944444444444
"rapamycin","classification","rf",2,3,1,"min.node.size","1",0.682944444444444
"rapamycin","classification","rf",2,3,1,"sample.fraction","0.55",0.682944444444444
"rapamycin","classification","rf",2,3,1,"max.depth","0",0.682944444444444
"rapamycin","classification","rf",2,3,1,"num.trees","500",0.682944444444444
"rapamycin","classification","rf",2,3,2,"mtry","50",0.702111111111111
"rapamycin","classification","rf",2,3,2,"min.node.size","5",0.702111111111111
"rapamycin","classification","rf",2,3,2,"sample.fraction","0.632",0.702111111111111
"rapamycin","classification","rf",2,3,2,"max.depth","0",0.702111111111111
"rapamycin","classification","rf",2,3,2,"num.trees","500",0.702111111111111
"rapamycin","classification","rf",2,3,3,"mtry","14",0.658777777777778
"rapamycin","classification","rf",2,3,3,"min.node.size","10",0.658777777777778
"rapamycin","classification","rf",2,3,3,"sample.fraction","0.632",0.658777777777778
"rapamycin","classification","rf",2,3,3,"max.depth","0",0.658777777777778
"rapamycin","classification","rf",2,3,3,"num.trees","500",0.658777777777778
"rapamycin","classification","rf",2,3,4,"mtry","20",0.667111111111111
"rapamycin","classification","rf",2,3,4,"min.node.size","3",0.667111111111111
"rapamycin","classification","rf",2,3,4,"sample.fraction","0.75",0.667111111111111
"rapamycin","classification","rf",2,3,4,"max.depth","0",0.667111111111111
"rapamycin","classification","rf",2,3,4,"num.trees","500",0.667111111111111
"rapamycin","classification","rf",2,3,5,"mtry","35",0.689611111111111
"rapamycin","classification","rf",2,3,5,"min.node.size","3",0.689611111111111
"rapamycin","classification","rf",2,3,5,"sample.fraction","0.55",0.689611111111111
"rapamycin","classification","rf",2,3,5,"max.depth","20",0.689611111111111
"rapamycin","classification","rf",2,3,5,"num.trees","500",0.689611111111111
"rapamycin","classification","rf",2,3,6,"mtry","35",0.694888888888889
"rapamycin","classification","rf",2,3,6,"min.node.size","10",0.694888888888889
"rapamycin","classification","rf",2,3,6,"sample.fraction","0.55",0.694888888888889
"rapamycin","classification","rf",2,3,6,"max.depth","20",0.694888888888889
"rapamycin","classification","rf",2,3,6,"num.trees","500",0.694888888888889
"rapamycin","classification","rf",2,3,7,"mtry","20",0.672777777777778
"rapamycin","classification","rf",2,3,7,"min.node.size","10",0.672777777777778
"rapamycin","classification","rf",2,3,7,"sample.fraction","0.632",0.672777777777778
"rapamycin","classification","rf",2,3,7,"max.depth","20",0.672777777777778
"rapamycin","classification","rf",2,3,7,"num.trees","500",0.672777777777778
"rapamycin","classification","rf",2,3,8,"mtry","50",0.708
"rapamycin","classification","rf",2,3,8,"min.node.size","3",0.708
"rapamycin","classification","rf",2,3,8,"sample.fraction","0.75",0.708
"rapamycin","classification","rf",2,3,8,"max.depth","20",0.708
"rapamycin","classification","rf",2,3,8,"num.trees","500",0.708
"rapamycin","classification","rf",2,3,9,"mtry","50",0.697555555555556
"rapamycin","classification","rf",2,3,9,"min.node.size","5",0.697555555555556
"rapamycin","classification","rf",2,3,9,"sample.fraction","0.75",0.697555555555556
"rapamycin","classification","rf",2,3,9,"max.depth","20",0.697555555555556
"rapamycin","classification","rf",2,3,9,"num.trees","500",0.697555555555556
"rapamycin","classification","rf",2,3,10,"mtry","20",0.679666666666667
"rapamycin","classification","rf",2,3,10,"min.node.size","10",0.679666666666667
"rapamycin","classification","rf",2,3,10,"sample.fraction","0.75",0.679666666666667
"rapamycin","classification","rf",2,3,10,"max.depth","30",0.679666666666667
"rapamycin","classification","rf",2,3,10,"num.trees","500",0.679666666666667
"rapamycin","classification","rf",2,3,11,"mtry","20",0.681777777777778
"rapamycin","classification","rf",2,3,11,"min.node.size","10",0.681777777777778
"rapamycin","classification","rf",2,3,11,"sample.fraction","0.55",0.681777777777778
"rapamycin","classification","rf",2,3,11,"max.depth","40",0.681777777777778
"rapamycin","classification","rf",2,3,11,"num.trees","500",0.681777777777778
"rapamycin","classification","rf",2,3,12,"mtry","10",0.635555555555556
"rapamycin","classification","rf",2,3,12,"min.node.size","10",0.635555555555556
"rapamycin","classification","rf",2,3,12,"sample.fraction","0.75",0.635555555555556
"rapamycin","classification","rf",2,3,12,"max.depth","40",0.635555555555556
"rapamycin","classification","rf",2,3,12,"num.trees","500",0.635555555555556
"rapamycin","classification","ridge",2,3,1,"alpha","0",0.673353293413174
"rapamycin","classification","ridge",2,3,1,"lambda","1.318247867",0.673353293413174
"rapamycin","classification","ridge",2,3,1,"measure","auc",0.673353293413174
"rapamycin","classification","lasso",2,3,1,"alpha","1",0.72955755156354
"rapamycin","classification","lasso",2,3,1,"lambda","0.009742803555",0.72955755156354
"rapamycin","classification","lasso",2,3,1,"measure","auc",0.72955755156354
"rapamycin","classification","enet",2,3,1,"alpha","0.1",0.745532268795742
"rapamycin","classification","enet",2,3,1,"lambda","0.03842762482",0.745532268795742
"rapamycin","classification","enet",2,3,1,"measure","auc",0.745532268795742
"rapamycin","classification","enet",2,3,2,"alpha","0.2",0.747341982701264
"rapamycin","classification","enet",2,3,2,"lambda","0.02539952924",0.747341982701264
"rapamycin","classification","enet",2,3,2,"measure","auc",0.747341982701264
"rapamycin","classification","enet",2,3,3,"alpha","0.3",0.74248502994012
"rapamycin","classification","enet",2,3,3,"lambda","0.02039588193",0.74248502994012
"rapamycin","classification","enet",2,3,3,"measure","auc",0.74248502994012
"rapamycin","classification","enet",2,3,4,"alpha","0.4",0.745199600798403
"rapamycin","classification","enet",2,3,4,"lambda","0.01678834143",0.745199600798403
"rapamycin","classification","enet",2,3,4,"measure","auc",0.745199600798403
"rapamycin","classification","enet",2,3,5,"alpha","0.5",0.739687292082502
"rapamycin","classification","enet",2,3,5,"lambda","0.01407018475",0.739687292082502
"rapamycin","classification","enet",2,3,5,"measure","auc",0.739687292082502
"rapamycin","classification","enet",2,3,6,"alpha","0.6",0.736723220226214
"rapamycin","classification","enet",2,3,6,"lambda","0.006709564183",0.736723220226214
"rapamycin","classification","enet",2,3,6,"measure","auc",0.736723220226214
"rapamycin","classification","enet",2,3,7,"alpha","0.7",0.733509647371923
"rapamycin","classification","enet",2,3,7,"lambda","0.006927166125",0.733509647371923
"rapamycin","classification","enet",2,3,7,"measure","auc",0.733509647371923
"rapamycin","classification","enet",2,3,8,"alpha","0.8",0.736224218230206
"rapamycin","classification","enet",2,3,8,"lambda","0.003160351389",0.736224218230206
"rapamycin","classification","enet",2,3,8,"measure","auc",0.736224218230206
"rapamycin","classification","enet",2,3,9,"alpha","0.9",0.733010645375915
"rapamycin","classification","enet",2,3,9,"lambda","0.002028470561",0.733010645375915
"rapamycin","classification","enet",2,3,9,"measure","auc",0.733010645375915
"rapamycin","classification","svm_linear",2,3,1,"cost","0.01",0.708111111111111
"rapamycin","classification","svm_linear",2,3,2,"cost","0.1",0.695555555555556
"rapamycin","classification","svm_linear",2,3,3,"cost","1",0.679555555555556
"rapamycin","classification","svm_linear",2,3,4,"cost","10",0.679555555555556
"rapamycin","classification","svm_linear",2,3,5,"cost","100",0.679555555555556
"rapamycin","classification","rf",2,4,1,"mtry","5",0.604944444444445
"rapamycin","classification","rf",2,4,1,"min.node.size","1",0.604944444444445
"rapamycin","classification","rf",2,4,1,"sample.fraction","0.55",0.604944444444445
"rapamycin","classification","rf",2,4,1,"max.depth","0",0.604944444444445
"rapamycin","classification","rf",2,4,1,"num.trees","500",0.604944444444445
"rapamycin","classification","rf",2,4,2,"mtry","20",0.618148148148148
"rapamycin","classification","rf",2,4,2,"min.node.size","3",0.618148148148148
"rapamycin","classification","rf",2,4,2,"sample.fraction","0.55",0.618148148148148
"rapamycin","classification","rf",2,4,2,"max.depth","0",0.618148148148148
"rapamycin","classification","rf",2,4,2,"num.trees","500",0.618148148148148
"rapamycin","classification","rf",2,4,3,"mtry","20",0.614444444444444
"rapamycin","classification","rf",2,4,3,"min.node.size","10",0.614444444444444
"rapamycin","classification","rf",2,4,3,"sample.fraction","0.75",0.614444444444444
"rapamycin","classification","rf",2,4,3,"max.depth","0",0.614444444444444
"rapamycin","classification","rf",2,4,3,"num.trees","500",0.614444444444444
"rapamycin","classification","rf",2,4,4,"mtry","35",0.642833333333333
"rapamycin","classification","rf",2,4,4,"min.node.size","1",0.642833333333333
"rapamycin","classification","rf",2,4,4,"sample.fraction","0.55",0.642833333333333
"rapamycin","classification","rf",2,4,4,"max.depth","20",0.642833333333333
"rapamycin","classification","rf",2,4,4,"num.trees","500",0.642833333333333
"rapamycin","classification","rf",2,4,5,"mtry","14",0.607074074074074
"rapamycin","classification","rf",2,4,5,"min.node.size","3",0.607074074074074
"rapamycin","classification","rf",2,4,5,"sample.fraction","0.55",0.607074074074074
"rapamycin","classification","rf",2,4,5,"max.depth","20",0.607074074074074
"rapamycin","classification","rf",2,4,5,"num.trees","500",0.607074074074074
"rapamycin","classification","rf",2,4,6,"mtry","10",0.610703703703704
"rapamycin","classification","rf",2,4,6,"min.node.size","10",0.610703703703704
"rapamycin","classification","rf",2,4,6,"sample.fraction","0.632",0.610703703703704
"rapamycin","classification","rf",2,4,6,"max.depth","20",0.610703703703704
"rapamycin","classification","rf",2,4,6,"num.trees","500",0.610703703703704
"rapamycin","classification","rf",2,4,7,"mtry","35",0.611592592592593
"rapamycin","classification","rf",2,4,7,"min.node.size","5",0.611592592592593
"rapamycin","classification","rf",2,4,7,"sample.fraction","0.75",0.611592592592593
"rapamycin","classification","rf",2,4,7,"max.depth","20",0.611592592592593
"rapamycin","classification","rf",2,4,7,"num.trees","500",0.611592592592593
"rapamycin","classification","rf",2,4,8,"mtry","5",0.610037037037037
"rapamycin","classification","rf",2,4,8,"min.node.size","5",0.610037037037037
"rapamycin","classification","rf",2,4,8,"sample.fraction","0.75",0.610037037037037
"rapamycin","classification","rf",2,4,8,"max.depth","30",0.610037037037037
"rapamycin","classification","rf",2,4,8,"num.trees","500",0.610037037037037
"rapamycin","classification","rf",2,4,9,"mtry","10",0.604962962962963
"rapamycin","classification","rf",2,4,9,"min.node.size","10",0.604962962962963
"rapamycin","classification","rf",2,4,9,"sample.fraction","0.75",0.604962962962963
"rapamycin","classification","rf",2,4,9,"max.depth","30",0.604962962962963
"rapamycin","classification","rf",2,4,9,"num.trees","500",0.604962962962963
"rapamycin","classification","rf",2,4,10,"mtry","5",0.604944444444445
"rapamycin","classification","rf",2,4,10,"min.node.size","1",0.604944444444445
"rapamycin","classification","rf",2,4,10,"sample.fraction","0.55",0.604944444444445
"rapamycin","classification","rf",2,4,10,"max.depth","40",0.604944444444445
"rapamycin","classification","rf",2,4,10,"num.trees","500",0.604944444444445
"rapamycin","classification","rf",2,4,11,"mtry","35",0.635092592592593
"rapamycin","classification","rf",2,4,11,"min.node.size","3",0.635092592592593
"rapamycin","classification","rf",2,4,11,"sample.fraction","0.632",0.635092592592593
"rapamycin","classification","rf",2,4,11,"max.depth","40",0.635092592592593
"rapamycin","classification","rf",2,4,11,"num.trees","500",0.635092592592593
"rapamycin","classification","rf",2,4,12,"mtry","10",0.606814814814815
"rapamycin","classification","rf",2,4,12,"min.node.size","5",0.606814814814815
"rapamycin","classification","rf",2,4,12,"sample.fraction","0.75",0.606814814814815
"rapamycin","classification","rf",2,4,12,"max.depth","40",0.606814814814815
"rapamycin","classification","rf",2,4,12,"num.trees","500",0.606814814814815
"rapamycin","classification","ridge",2,4,1,"alpha","0",0.613179384203481
"rapamycin","classification","ridge",2,4,1,"lambda","3.135207678",0.613179384203481
"rapamycin","classification","ridge",2,4,1,"measure","auc",0.613179384203481
"rapamycin","classification","lasso",2,4,1,"alpha","1",0.616636546184739
"rapamycin","classification","lasso",2,4,1,"lambda","0.04242085772",0.616636546184739
"rapamycin","classification","lasso",2,4,1,"measure","auc",0.616636546184739
"rapamycin","classification","enet",2,4,1,"alpha","0.1",0.620016733601071
"rapamycin","classification","enet",2,4,1,"lambda","0.1325955473",0.620016733601071
"rapamycin","classification","enet",2,4,1,"measure","auc",0.620016733601071
"rapamycin","classification","enet",2,4,2,"alpha","0.2",0.619313922356091
"rapamycin","classification","enet",2,4,2,"lambda","0.1055648042",0.619313922356091
"rapamycin","classification","enet",2,4,2,"measure","auc",0.619313922356091
"rapamycin","classification","enet",2,4,3,"alpha","0.3",0.620046854082999
"rapamycin","classification","enet",2,4,3,"lambda","0.04419851578",0.620046854082999
"rapamycin","classification","enet",2,4,3,"measure","auc",0.620046854082999
"rapamycin","classification","enet",2,4,4,"alpha","0.4",0.62204484605087
"rapamycin","classification","enet",2,4,4,"lambda","0.04809335899",0.62204484605087
"rapamycin","classification","enet",2,4,4,"measure","auc",0.62204484605087
"rapamycin","classification","enet",2,4,5,"alpha","0.5",0.62130187416332
"rapamycin","classification","enet",2,4,5,"lambda","0.07379099739",0.62130187416332
"rapamycin","classification","enet",2,4,5,"measure","auc",0.62130187416332
"rapamycin","classification","enet",2,4,6,"alpha","0.6",0.624086345381526
"rapamycin","classification","enet",2,4,6,"lambda","0.07070142954",0.624086345381526
"rapamycin","classification","enet",2,4,6,"measure","auc",0.624086345381526
"rapamycin","classification","enet",2,4,7,"alpha","0.7",0.623510709504685
"rapamycin","classification","enet",2,4,7,"lambda","0.0578468061",0.623510709504685
"rapamycin","classification","enet",2,4,7,"measure","auc",0.623510709504685
"rapamycin","classification","enet",2,4,8,"alpha","0.8",0.617620481927711
"rapamycin","classification","enet",2,4,8,"lambda","0.05061595534",0.617620481927711
"rapamycin","classification","enet",2,4,8,"measure","auc",0.617620481927711
"rapamycin","classification","enet",2,4,9,"alpha","0.9",0.617620481927711
"rapamycin","classification","enet",2,4,9,"lambda","0.0449919603",0.617620481927711
"rapamycin","classification","enet",2,4,9,"measure","auc",0.617620481927711
"rapamycin","classification","svm_linear",2,4,1,"cost","0.01",0.629148148148148
"rapamycin","classification","svm_linear",2,4,2,"cost","0.1",0.581666666666667
"rapamycin","classification","svm_linear",2,4,3,"cost","1",0.574666666666667
"rapamycin","classification","svm_linear",2,4,4,"cost","10",0.574666666666667
"rapamycin","classification","svm_linear",2,4,5,"cost","100",0.574666666666667
"rapamycin","classification","rf",2,5,1,"mtry","10",0.636444444444444
"rapamycin","classification","rf",2,5,1,"min.node.size","3",0.636444444444444
"rapamycin","classification","rf",2,5,1,"sample.fraction","0.632",0.636444444444444
"rapamycin","classification","rf",2,5,1,"max.depth","0",0.636444444444444
"rapamycin","classification","rf",2,5,1,"num.trees","500",0.636444444444444
"rapamycin","classification","rf",2,5,2,"mtry","20",0.606222222222222
"rapamycin","classification","rf",2,5,2,"min.node.size","5",0.606222222222222
"rapamycin","classification","rf",2,5,2,"sample.fraction","0.632",0.606222222222222
"rapamycin","classification","rf",2,5,2,"max.depth","0",0.606222222222222
"rapamycin","classification","rf",2,5,2,"num.trees","500",0.606222222222222
"rapamycin","classification","rf",2,5,3,"mtry","5",0.631777777777778
"rapamycin","classification","rf",2,5,3,"min.node.size","5",0.631777777777778
"rapamycin","classification","rf",2,5,3,"sample.fraction","0.632",0.631777777777778
"rapamycin","classification","rf",2,5,3,"max.depth","20",0.631777777777778
"rapamycin","classification","rf",2,5,3,"num.trees","500",0.631777777777778
"rapamycin","classification","rf",2,5,4,"mtry","35",0.635666666666667
"rapamycin","classification","rf",2,5,4,"min.node.size","5",0.635666666666667
"rapamycin","classification","rf",2,5,4,"sample.fraction","0.632",0.635666666666667
"rapamycin","classification","rf",2,5,4,"max.depth","20",0.635666666666667
"rapamycin","classification","rf",2,5,4,"num.trees","500",0.635666666666667
"rapamycin","classification","rf",2,5,5,"mtry","50",0.638444444444444
"rapamycin","classification","rf",2,5,5,"min.node.size","3",0.638444444444444
"rapamycin","classification","rf",2,5,5,"sample.fraction","0.75",0.638444444444444
"rapamycin","classification","rf",2,5,5,"max.depth","20",0.638444444444444
"rapamycin","classification","rf",2,5,5,"num.trees","500",0.638444444444444
"rapamycin","classification","rf",2,5,6,"mtry","50",0.642777777777778
"rapamycin","classification","rf",2,5,6,"min.node.size","10",0.642777777777778
"rapamycin","classification","rf",2,5,6,"sample.fraction","0.632",0.642777777777778
"rapamycin","classification","rf",2,5,6,"max.depth","30",0.642777777777778
"rapamycin","classification","rf",2,5,6,"num.trees","500",0.642777777777778
"rapamycin","classification","rf",2,5,7,"mtry","20",0.638111111111111
"rapamycin","classification","rf",2,5,7,"min.node.size","1",0.638111111111111
"rapamycin","classification","rf",2,5,7,"sample.fraction","0.55",0.638111111111111
"rapamycin","classification","rf",2,5,7,"max.depth","40",0.638111111111111
"rapamycin","classification","rf",2,5,7,"num.trees","500",0.638111111111111
"rapamycin","classification","rf",2,5,8,"mtry","50",0.645777777777778
"rapamycin","classification","rf",2,5,8,"min.node.size","5",0.645777777777778
"rapamycin","classification","rf",2,5,8,"sample.fraction","0.55",0.645777777777778
"rapamycin","classification","rf",2,5,8,"max.depth","40",0.645777777777778
"rapamycin","classification","rf",2,5,8,"num.trees","500",0.645777777777778
"rapamycin","classification","rf",2,5,9,"mtry","20",0.624333333333333
"rapamycin","classification","rf",2,5,9,"min.node.size","10",0.624333333333333
"rapamycin","classification","rf",2,5,9,"sample.fraction","0.632",0.624333333333333
"rapamycin","classification","rf",2,5,9,"max.depth","40",0.624333333333333
"rapamycin","classification","rf",2,5,9,"num.trees","500",0.624333333333333
"rapamycin","classification","rf",2,5,10,"mtry","20",0.626666666666667
"rapamycin","classification","rf",2,5,10,"min.node.size","1",0.626666666666667
"rapamycin","classification","rf",2,5,10,"sample.fraction","0.75",0.626666666666667
"rapamycin","classification","rf",2,5,10,"max.depth","40",0.626666666666667
"rapamycin","classification","rf",2,5,10,"num.trees","500",0.626666666666667
"rapamycin","classification","rf",2,5,11,"mtry","35",0.643888888888889
"rapamycin","classification","rf",2,5,11,"min.node.size","3",0.643888888888889
"rapamycin","classification","rf",2,5,11,"sample.fraction","0.75",0.643888888888889
"rapamycin","classification","rf",2,5,11,"max.depth","40",0.643888888888889
"rapamycin","classification","rf",2,5,11,"num.trees","500",0.643888888888889
"rapamycin","classification","rf",2,5,12,"mtry","5",0.622666666666667
"rapamycin","classification","rf",2,5,12,"min.node.size","5",0.622666666666667
"rapamycin","classification","rf",2,5,12,"sample.fraction","0.75",0.622666666666667
"rapamycin","classification","rf",2,5,12,"max.depth","40",0.622666666666667
"rapamycin","classification","rf",2,5,12,"num.trees","500",0.622666666666667
"rapamycin","classification","ridge",2,5,1,"alpha","0",0.654091816367265
"rapamycin","classification","ridge",2,5,1,"lambda","32.93164337",0.654091816367265
"rapamycin","classification","ridge",2,5,1,"measure","auc",0.654091816367265
"rapamycin","classification","lasso",2,5,1,"alpha","1",0.600748502994012
"rapamycin","classification","lasso",2,5,1,"lambda","0.01493410017",0.600748502994012
"rapamycin","classification","lasso",2,5,1,"measure","auc",0.600748502994012
"rapamycin","classification","enet",2,5,1,"alpha","0.1",0.620768463073852
"rapamycin","classification","enet",2,5,1,"lambda","0.01757462758",0.620768463073852
"rapamycin","classification","enet",2,5,1,"measure","auc",0.620768463073852
"rapamycin","classification","enet",2,5,2,"alpha","0.2",0.622578176979375
"rapamycin","classification","enet",2,5,2,"lambda","0.01535608041",0.622578176979375
"rapamycin","classification","enet",2,5,2,"measure","auc",0.622578176979375
"rapamycin","classification","enet",2,5,3,"alpha","0.3",0.619780439121757
"rapamycin","classification","enet",2,5,3,"lambda","0.01023738694",0.619780439121757
"rapamycin","classification","enet",2,5,3,"measure","auc",0.619780439121757
"rapamycin","classification","enet",2,5,4,"alpha","0.4",0.618053892215569
"rapamycin","classification","enet",2,5,4,"lambda","0.006995944275",0.618053892215569
"rapamycin","classification","enet",2,5,4,"measure","auc",0.618053892215569
"rapamycin","classification","enet",2,5,5,"alpha","0.5",0.609244843646041
"rapamycin","classification","enet",2,5,5,"lambda","0.003514925517",0.609244843646041
"rapamycin","classification","enet",2,5,5,"measure","auc",0.609244843646041
"rapamycin","classification","enet",2,5,6,"alpha","0.6",0.606260811709914
"rapamycin","classification","enet",2,5,6,"lambda","0.02267899312",0.606260811709914
"rapamycin","classification","enet",2,5,6,"measure","auc",0.606260811709914
"rapamycin","classification","enet",2,5,7,"alpha","0.7",0.607415169660679
"rapamycin","classification","enet",2,5,7,"lambda","0.01855559819",0.607415169660679
"rapamycin","classification","enet",2,5,7,"measure","auc",0.607415169660679
"rapamycin","classification","enet",2,5,8,"alpha","0.8",0.60354624085163
"rapamycin","classification","enet",2,5,8,"lambda","0.01866762522",0.60354624085163
"rapamycin","classification","enet",2,5,8,"measure","auc",0.60354624085163
"rapamycin","classification","enet",2,5,9,"alpha","0.9",0.605439121756487
"rapamycin","classification","enet",2,5,9,"lambda","0.01659344464",0.605439121756487
"rapamycin","classification","enet",2,5,9,"measure","auc",0.605439121756487
"rapamycin","classification","svm_linear",2,5,1,"cost","0.01",0.577777777777778
"rapamycin","classification","svm_linear",2,5,2,"cost","0.1",0.591666666666667
"rapamycin","classification","svm_linear",2,5,3,"cost","1",0.591222222222222
"rapamycin","classification","svm_linear",2,5,4,"cost","10",0.591222222222222
"rapamycin","classification","svm_linear",2,5,5,"cost","100",0.591222222222222
"rapamycin","classification","rf",3,1,1,"mtry","5",0.603152777777778
"rapamycin","classification","rf",3,1,1,"min.node.size","3",0.603152777777778
"rapamycin","classification","rf",3,1,1,"sample.fraction","0.632",0.603152777777778
"rapamycin","classification","rf",3,1,1,"max.depth","0",0.603152777777778
"rapamycin","classification","rf",3,1,1,"num.trees","500",0.603152777777778
"rapamycin","classification","rf",3,1,2,"mtry","10",0.604458333333333
"rapamycin","classification","rf",3,1,2,"min.node.size","1",0.604458333333333
"rapamycin","classification","rf",3,1,2,"sample.fraction","0.75",0.604458333333333
"rapamycin","classification","rf",3,1,2,"max.depth","0",0.604458333333333
"rapamycin","classification","rf",3,1,2,"num.trees","500",0.604458333333333
"rapamycin","classification","rf",3,1,3,"mtry","20",0.611402777777778
"rapamycin","classification","rf",3,1,3,"min.node.size","5",0.611402777777778
"rapamycin","classification","rf",3,1,3,"sample.fraction","0.55",0.611402777777778
"rapamycin","classification","rf",3,1,3,"max.depth","20",0.611402777777778
"rapamycin","classification","rf",3,1,3,"num.trees","500",0.611402777777778
"rapamycin","classification","rf",3,1,4,"mtry","35",0.593527777777778
"rapamycin","classification","rf",3,1,4,"min.node.size","5",0.593527777777778
"rapamycin","classification","rf",3,1,4,"sample.fraction","0.55",0.593527777777778
"rapamycin","classification","rf",3,1,4,"max.depth","20",0.593527777777778
"rapamycin","classification","rf",3,1,4,"num.trees","500",0.593527777777778
"rapamycin","classification","rf",3,1,5,"mtry","50",0.585972222222222
"rapamycin","classification","rf",3,1,5,"min.node.size","10",0.585972222222222
"rapamycin","classification","rf",3,1,5,"sample.fraction","0.55",0.585972222222222
"rapamycin","classification","rf",3,1,5,"max.depth","20",0.585972222222222
"rapamycin","classification","rf",3,1,5,"num.trees","500",0.585972222222222
"rapamycin","classification","rf",3,1,6,"mtry","14",0.583194444444444
"rapamycin","classification","rf",3,1,6,"min.node.size","10",0.583194444444444
"rapamycin","classification","rf",3,1,6,"sample.fraction","0.75",0.583194444444444
"rapamycin","classification","rf",3,1,6,"max.depth","20",0.583194444444444
"rapamycin","classification","rf",3,1,6,"num.trees","500",0.583194444444444
"rapamycin","classification","rf",3,1,7,"mtry","14",0.580638888888889
"rapamycin","classification","rf",3,1,7,"min.node.size","1",0.580638888888889
"rapamycin","classification","rf",3,1,7,"sample.fraction","0.632",0.580638888888889
"rapamycin","classification","rf",3,1,7,"max.depth","30",0.580638888888889
"rapamycin","classification","rf",3,1,7,"num.trees","500",0.580638888888889
"rapamycin","classification","rf",3,1,8,"mtry","35",0.587527777777778
"rapamycin","classification","rf",3,1,8,"min.node.size","1",0.587527777777778
"rapamycin","classification","rf",3,1,8,"sample.fraction","0.632",0.587527777777778
"rapamycin","classification","rf",3,1,8,"max.depth","30",0.587527777777778
"rapamycin","classification","rf",3,1,8,"num.trees","500",0.587527777777778
"rapamycin","classification","rf",3,1,9,"mtry","10",0.588486111111111
"rapamycin","classification","rf",3,1,9,"min.node.size","3",0.588486111111111
"rapamycin","classification","rf",3,1,9,"sample.fraction","0.632",0.588486111111111
"rapamycin","classification","rf",3,1,9,"max.depth","30",0.588486111111111
"rapamycin","classification","rf",3,1,9,"num.trees","500",0.588486111111111
"rapamycin","classification","rf",3,1,10,"mtry","14",0.587611111111111
"rapamycin","classification","rf",3,1,10,"min.node.size","5",0.587611111111111
"rapamycin","classification","rf",3,1,10,"sample.fraction","0.632",0.587611111111111
"rapamycin","classification","rf",3,1,10,"max.depth","30",0.587611111111111
"rapamycin","classification","rf",3,1,10,"num.trees","500",0.587611111111111
"rapamycin","classification","rf",3,1,11,"mtry","35",0.591
"rapamycin","classification","rf",3,1,11,"min.node.size","1",0.591
"rapamycin","classification","rf",3,1,11,"sample.fraction","0.75",0.591
"rapamycin","classification","rf",3,1,11,"max.depth","30",0.591
"rapamycin","classification","rf",3,1,11,"num.trees","500",0.591
"rapamycin","classification","rf",3,1,12,"mtry","20",0.606625
"rapamycin","classification","rf",3,1,12,"min.node.size","3",0.606625
"rapamycin","classification","rf",3,1,12,"sample.fraction","0.55",0.606625
"rapamycin","classification","rf",3,1,12,"max.depth","40",0.606625
"rapamycin","classification","rf",3,1,12,"num.trees","500",0.606625
"rapamycin","classification","ridge",3,1,1,"alpha","0",0.661552878179384
"rapamycin","classification","ridge",3,1,1,"lambda","1.367367372",0.661552878179384
"rapamycin","classification","ridge",3,1,1,"measure","auc",0.661552878179384
"rapamycin","classification","lasso",3,1,1,"alpha","1",0.650060240963855
"rapamycin","classification","lasso",3,1,1,"lambda","0.01109113832",0.650060240963855
"rapamycin","classification","lasso",3,1,1,"measure","auc",0.650060240963855
"rapamycin","classification","enet",3,1,1,"alpha","0.1",0.679287148594378
"rapamycin","classification","enet",3,1,1,"lambda","0.04801089013",0.679287148594378
"rapamycin","classification","enet",3,1,1,"measure","auc",0.679287148594378
"rapamycin","classification","enet",3,1,2,"alpha","0.2",0.67936077643909
"rapamycin","classification","enet",3,1,2,"lambda","0.02187286749",0.67936077643909
"rapamycin","classification","enet",3,1,2,"measure","auc",0.67936077643909
"rapamycin","classification","enet",3,1,3,"alpha","0.3",0.677948460508702
"rapamycin","classification","enet",3,1,3,"lambda","0.01756396422",0.677948460508702
"rapamycin","classification","enet",3,1,3,"measure","auc",0.677948460508702
"rapamycin","classification","enet",3,1,4,"alpha","0.4",0.677530120481928
"rapamycin","classification","enet",3,1,4,"lambda","0.009511952341",0.677530120481928
"rapamycin","classification","enet",3,1,4,"measure","auc",0.677530120481928
"rapamycin","classification","enet",3,1,5,"alpha","0.5",0.681137884872825
"rapamycin","classification","enet",3,1,5,"lambda","0.01269351425",0.681137884872825
"rapamycin","classification","enet",3,1,5,"measure","auc",0.681137884872825
"rapamycin","classification","enet",3,1,6,"alpha","0.6",0.674377510040161
"rapamycin","classification","enet",3,1,6,"lambda","0.01464922907",0.674377510040161
"rapamycin","classification","enet",3,1,6,"measure","auc",0.674377510040161
"rapamycin","classification","enet",3,1,7,"alpha","0.7",0.667968540829987
"rapamycin","classification","enet",3,1,7,"lambda","0.004307462606",0.667968540829987
"rapamycin","classification","enet",3,1,7,"measure","auc",0.667968540829987
"rapamycin","classification","enet",3,1,8,"alpha","0.8",0.661074297188755
"rapamycin","classification","enet",3,1,8,"lambda","0.006586486581",0.661074297188755
"rapamycin","classification","enet",3,1,8,"measure","auc",0.661074297188755
"rapamycin","classification","enet",3,1,9,"alpha","0.9",0.65475234270415
"rapamycin","classification","enet",3,1,9,"lambda","0.007739509009",0.65475234270415
"rapamycin","classification","enet",3,1,9,"measure","auc",0.65475234270415
"rapamycin","classification","svm_linear",3,1,1,"cost","0.01",0.657819444444444
"rapamycin","classification","svm_linear",3,1,2,"cost","0.1",0.671861111111111
"rapamycin","classification","svm_linear",3,1,3,"cost","1",0.632486111111111
"rapamycin","classification","svm_linear",3,1,4,"cost","10",0.632486111111111
"rapamycin","classification","svm_linear",3,1,5,"cost","100",0.632486111111111
"rapamycin","classification","rf",3,2,1,"mtry","14",0.635833333333333
"rapamycin","classification","rf",3,2,1,"min.node.size","3",0.635833333333333
"rapamycin","classification","rf",3,2,1,"sample.fraction","0.55",0.635833333333333
"rapamycin","classification","rf",3,2,1,"max.depth","0",0.635833333333333
"rapamycin","classification","rf",3,2,1,"num.trees","500",0.635833333333333
"rapamycin","classification","rf",3,2,2,"mtry","50",0.685666666666667
"rapamycin","classification","rf",3,2,2,"min.node.size","5",0.685666666666667
"rapamycin","classification","rf",3,2,2,"sample.fraction","0.75",0.685666666666667
"rapamycin","classification","rf",3,2,2,"max.depth","0",0.685666666666667
"rapamycin","classification","rf",3,2,2,"num.trees","500",0.685666666666667
"rapamycin","classification","rf",3,2,3,"mtry","20",0.649611111111111
"rapamycin","classification","rf",3,2,3,"min.node.size","1",0.649611111111111
"rapamycin","classification","rf",3,2,3,"sample.fraction","0.55",0.649611111111111
"rapamycin","classification","rf",3,2,3,"max.depth","20",0.649611111111111
"rapamycin","classification","rf",3,2,3,"num.trees","500",0.649611111111111
"rapamycin","classification","rf",3,2,4,"mtry","10",0.606
"rapamycin","classification","rf",3,2,4,"min.node.size","3",0.606
"rapamycin","classification","rf",3,2,4,"sample.fraction","0.55",0.606
"rapamycin","classification","rf",3,2,4,"max.depth","20",0.606
"rapamycin","classification","rf",3,2,4,"num.trees","500",0.606
"rapamycin","classification","rf",3,2,5,"mtry","10",0.623111111111111
"rapamycin","classification","rf",3,2,5,"min.node.size","3",0.623111111111111
"rapamycin","classification","rf",3,2,5,"sample.fraction","0.632",0.623111111111111
"rapamycin","classification","rf",3,2,5,"max.depth","20",0.623111111111111
"rapamycin","classification","rf",3,2,5,"num.trees","500",0.623111111111111
"rapamycin","classification","rf",3,2,6,"mtry","50",0.675611111111111
"rapamycin","classification","rf",3,2,6,"min.node.size","3",0.675611111111111
"rapamycin","classification","rf",3,2,6,"sample.fraction","0.632",0.675611111111111
"rapamycin","classification","rf",3,2,6,"max.depth","20",0.675611111111111
"rapamycin","classification","rf",3,2,6,"num.trees","500",0.675611111111111
"rapamycin","classification","rf",3,2,7,"mtry","35",0.678444444444444
"rapamycin","classification","rf",3,2,7,"min.node.size","10",0.678444444444444
"rapamycin","classification","rf",3,2,7,"sample.fraction","0.75",0.678444444444444
"rapamycin","classification","rf",3,2,7,"max.depth","20",0.678444444444444
"rapamycin","classification","rf",3,2,7,"num.trees","500",0.678444444444444
"rapamycin","classification","rf",3,2,8,"mtry","10",0.599555555555556
"rapamycin","classification","rf",3,2,8,"min.node.size","5",0.599555555555556
"rapamycin","classification","rf",3,2,8,"sample.fraction","0.55",0.599555555555556
"rapamycin","classification","rf",3,2,8,"max.depth","30",0.599555555555556
"rapamycin","classification","rf",3,2,8,"num.trees","500",0.599555555555556
"rapamycin","classification","rf",3,2,9,"mtry","5",0.590611111111111
"rapamycin","classification","rf",3,2,9,"min.node.size","1",0.590611111111111
"rapamycin","classification","rf",3,2,9,"sample.fraction","0.75",0.590611111111111
"rapamycin","classification","rf",3,2,9,"max.depth","30",0.590611111111111
"rapamycin","classification","rf",3,2,9,"num.trees","500",0.590611111111111
"rapamycin","classification","rf",3,2,10,"mtry","10",0.647555555555556
"rapamycin","classification","rf",3,2,10,"min.node.size","1",0.647555555555556
"rapamycin","classification","rf",3,2,10,"sample.fraction","0.75",0.647555555555556
"rapamycin","classification","rf",3,2,10,"max.depth","30",0.647555555555556
"rapamycin","classification","rf",3,2,10,"num.trees","500",0.647555555555556
"rapamycin","classification","rf",3,2,11,"mtry","5",0.586444444444444
"rapamycin","classification","rf",3,2,11,"min.node.size","3",0.586444444444444
"rapamycin","classification","rf",3,2,11,"sample.fraction","0.75",0.586444444444444
"rapamycin","classification","rf",3,2,11,"max.depth","30",0.586444444444444
"rapamycin","classification","rf",3,2,11,"num.trees","500",0.586444444444444
"rapamycin","classification","rf",3,2,12,"mtry","14",0.626444444444444
"rapamycin","classification","rf",3,2,12,"min.node.size","5",0.626444444444444
"rapamycin","classification","rf",3,2,12,"sample.fraction","0.55",0.626444444444444
"rapamycin","classification","rf",3,2,12,"max.depth","40",0.626444444444444
"rapamycin","classification","rf",3,2,12,"num.trees","500",0.626444444444444
"rapamycin","classification","ridge",3,2,1,"alpha","0",0.56106121091151
"rapamycin","classification","ridge",3,2,1,"lambda","1.473768165",0.56106121091151
"rapamycin","classification","ridge",3,2,1,"measure","auc",0.56106121091151
"rapamycin","classification","lasso",3,2,1,"alpha","1",0.574614105123087
"rapamycin","classification","lasso",3,2,1,"lambda","0.09696410413",0.574614105123087
"rapamycin","classification","lasso",3,2,1,"measure","auc",0.574614105123087
"rapamycin","classification","enet",3,2,1,"alpha","0.1",0.58584497671324
"rapamycin","classification","enet",3,2,1,"lambda","0.04296112404",0.58584497671324
"rapamycin","classification","enet",3,2,1,"measure","auc",0.58584497671324
"rapamycin","classification","enet",3,2,2,"alpha","0.2",0.573166999334664
"rapamycin","classification","enet",3,2,2,"lambda","0.01551070359",0.573166999334664
"rapamycin","classification","enet",3,2,2,"measure","auc",0.573166999334664
"rapamycin","classification","enet",3,2,3,"alpha","0.3",0.571107784431138
"rapamycin","classification","enet",3,2,3,"lambda","0.01134865203",0.571107784431138
"rapamycin","classification","enet",3,2,3,"measure","auc",0.571107784431138
"rapamycin","classification","enet",3,2,4,"alpha","0.4",0.572095808383233
"rapamycin","classification","enet",3,2,4,"lambda","0.007755351797",0.572095808383233
"rapamycin","classification","enet",3,2,4,"measure","auc",0.572095808383233
"rapamycin","classification","enet",3,2,5,"alpha","0.5",0.566583499667332
"rapamycin","classification","enet",3,2,5,"lambda","0.007473078957",0.566583499667332
"rapamycin","classification","enet",3,2,5,"measure","auc",0.566583499667332
"rapamycin","classification","enet",3,2,6,"alpha","0.6",0.566417165668663
"rapamycin","classification","enet",3,2,6,"lambda","0.006227565797",0.566417165668663
"rapamycin","classification","enet",3,2,6,"measure","auc",0.566417165668663
"rapamycin","classification","enet",3,2,7,"alpha","0.7",0.566333998669328
"rapamycin","classification","enet",3,2,7,"lambda","0.005337913541",0.566333998669328
"rapamycin","classification","enet",3,2,7,"measure","auc",0.566333998669328
"rapamycin","classification","enet",3,2,8,"alpha","0.8",0.566932801064538
"rapamycin","classification","enet",3,2,8,"lambda","0.1269764037",0.566932801064538
"rapamycin","classification","enet",3,2,8,"measure","auc",0.566932801064538
"rapamycin","classification","enet",3,2,9,"alpha","0.9",0.569923486360612
"rapamycin","classification","enet",3,2,9,"lambda","0.1077378935",0.569923486360612
"rapamycin","classification","enet",3,2,9,"measure","auc",0.569923486360612
"rapamycin","classification","svm_linear",3,2,1,"cost","0.01",0.619111111111111
"rapamycin","classification","svm_linear",3,2,2,"cost","0.1",0.522333333333333
"rapamycin","classification","svm_linear",3,2,3,"cost","1",0.492333333333333
"rapamycin","classification","svm_linear",3,2,4,"cost","10",0.492333333333333
"rapamycin","classification","svm_linear",3,2,5,"cost","100",0.492333333333333
"rapamycin","classification","rf",3,3,1,"mtry","10",0.624833333333333
"rapamycin","classification","rf",3,3,1,"min.node.size","1",0.624833333333333
"rapamycin","classification","rf",3,3,1,"sample.fraction","0.632",0.624833333333333
"rapamycin","classification","rf",3,3,1,"max.depth","0",0.624833333333333
"rapamycin","classification","rf",3,3,1,"num.trees","500",0.624833333333333
"rapamycin","classification","rf",3,3,2,"mtry","14",0.645444444444444
"rapamycin","classification","rf",3,3,2,"min.node.size","10",0.645444444444444
"rapamycin","classification","rf",3,3,2,"sample.fraction","0.632",0.645444444444444
"rapamycin","classification","rf",3,3,2,"max.depth","0",0.645444444444444
"rapamycin","classification","rf",3,3,2,"num.trees","500",0.645444444444444
"rapamycin","classification","rf",3,3,3,"mtry","14",0.639777777777778
"rapamycin","classification","rf",3,3,3,"min.node.size","1",0.639777777777778
"rapamycin","classification","rf",3,3,3,"sample.fraction","0.55",0.639777777777778
"rapamycin","classification","rf",3,3,3,"max.depth","20",0.639777777777778
"rapamycin","classification","rf",3,3,3,"num.trees","500",0.639777777777778
"rapamycin","classification","rf",3,3,4,"mtry","10",0.630777777777778
"rapamycin","classification","rf",3,3,4,"min.node.size","3",0.630777777777778
"rapamycin","classification","rf",3,3,4,"sample.fraction","0.55",0.630777777777778
"rapamycin","classification","rf",3,3,4,"max.depth","20",0.630777777777778
"rapamycin","classification","rf",3,3,4,"num.trees","500",0.630777777777778
"rapamycin","classification","rf",3,3,5,"mtry","50",0.632888888888889
"rapamycin","classification","rf",3,3,5,"min.node.size","10",0.632888888888889
"rapamycin","classification","rf",3,3,5,"sample.fraction","0.55",0.632888888888889
"rapamycin","classification","rf",3,3,5,"max.depth","20",0.632888888888889
"rapamycin","classification","rf",3,3,5,"num.trees","500",0.632888888888889
"rapamycin","classification","rf",3,3,6,"mtry","10",0.624833333333333
"rapamycin","classification","rf",3,3,6,"min.node.size","1",0.624833333333333
"rapamycin","classification","rf",3,3,6,"sample.fraction","0.632",0.624833333333333
"rapamycin","classification","rf",3,3,6,"max.depth","20",0.624833333333333
"rapamycin","classification","rf",3,3,6,"num.trees","500",0.624833333333333
"rapamycin","classification","rf",3,3,7,"mtry","50",0.633666666666667
"rapamycin","classification","rf",3,3,7,"min.node.size","5",0.633666666666667
"rapamycin","classification","rf",3,3,7,"sample.fraction","0.632",0.633666666666667
"rapamycin","classification","rf",3,3,7,"max.depth","20",0.633666666666667
"rapamycin","classification","rf",3,3,7,"num.trees","500",0.633666666666667
"rapamycin","classification","rf",3,3,8,"mtry","10",0.618888888888889
"rapamycin","classification","rf",3,3,8,"min.node.size","3",0.618888888888889
"rapamycin","classification","rf",3,3,8,"sample.fraction","0.75",0.618888888888889
"rapamycin","classification","rf",3,3,8,"max.depth","20",0.618888888888889
"rapamycin","classification","rf",3,3,8,"num.trees","500",0.618888888888889
"rapamycin","classification","rf",3,3,9,"mtry","35",0.654111111111111
"rapamycin","classification","rf",3,3,9,"min.node.size","5",0.654111111111111
"rapamycin","classification","rf",3,3,9,"sample.fraction","0.55",0.654111111111111
"rapamycin","classification","rf",3,3,9,"max.depth","30",0.654111111111111
"rapamycin","classification","rf",3,3,9,"num.trees","500",0.654111111111111
"rapamycin","classification","rf",3,3,10,"mtry","14",0.635444444444444
"rapamycin","classification","rf",3,3,10,"min.node.size","3",0.635444444444444
"rapamycin","classification","rf",3,3,10,"sample.fraction","0.75",0.635444444444444
"rapamycin","classification","rf",3,3,10,"max.depth","30",0.635444444444444
"rapamycin","classification","rf",3,3,10,"num.trees","500",0.635444444444444
"rapamycin","classification","rf",3,3,11,"mtry","14",0.6405
"rapamycin","classification","rf",3,3,11,"min.node.size","1",0.6405
"rapamycin","classification","rf",3,3,11,"sample.fraction","0.632",0.6405
"rapamycin","classification","rf",3,3,11,"max.depth","40",0.6405
"rapamycin","classification","rf",3,3,11,"num.trees","500",0.6405
"rapamycin","classification","rf",3,3,12,"mtry","35",0.634222222222222
"rapamycin","classification","rf",3,3,12,"min.node.size","5",0.634222222222222
"rapamycin","classification","rf",3,3,12,"sample.fraction","0.632",0.634222222222222
"rapamycin","classification","rf",3,3,12,"max.depth","40",0.634222222222222
"rapamycin","classification","rf",3,3,12,"num.trees","500",0.634222222222222
"rapamycin","classification","ridge",3,3,1,"alpha","0",0.64000998003992
"rapamycin","classification","ridge",3,3,1,"lambda","1.943114951",0.64000998003992
"rapamycin","classification","ridge",3,3,1,"measure","auc",0.64000998003992
"rapamycin","classification","lasso",3,3,1,"alpha","1",0.568383233532934
"rapamycin","classification","lasso",3,3,1,"lambda","0.001339313763",0.568383233532934
"rapamycin","classification","lasso",3,3,1,"measure","auc",0.568383233532934
"rapamycin","classification","enet",3,3,1,"alpha","0.1",0.612002661343979
"rapamycin","classification","enet",3,3,1,"lambda","0.03395648562",0.612002661343979
"rapamycin","classification","enet",3,3,1,"measure","auc",0.612002661343979
"rapamycin","classification","enet",3,3,2,"alpha","0.2",0.603276779773786
"rapamycin","classification","enet",3,3,2,"lambda","0.01546994251",0.603276779773786
"rapamycin","classification","enet",3,3,2,"measure","auc",0.603276779773786
"rapamycin","classification","enet",3,3,3,"alpha","0.3",0.59397870924817
"rapamycin","classification","enet",3,3,3,"lambda","0.005901646581",0.59397870924817
"rapamycin","classification","enet",3,3,3,"measure","auc",0.59397870924817
"rapamycin","classification","enet",3,3,4,"alpha","0.4",0.587228875582169
"rapamycin","classification","enet",3,3,4,"lambda","0.003348284408",0.587228875582169
"rapamycin","classification","enet",3,3,4,"measure","auc",0.587228875582169
"rapamycin","classification","enet",3,3,5,"alpha","0.5",0.586157684630739
"rapamycin","classification","enet",3,3,5,"lambda","0.002806172393",0.586157684630739
"rapamycin","classification","enet",3,3,5,"measure","auc",0.586157684630739
"rapamycin","classification","enet",3,3,6,"alpha","0.6",0.570681969394544
"rapamycin","classification","enet",3,3,6,"lambda","0.002232189605",0.570681969394544
"rapamycin","classification","enet",3,3,6,"measure","auc",0.570681969394544
"rapamycin","classification","enet",3,3,7,"alpha","0.7",0.563276779773786
"rapamycin","classification","enet",3,3,7,"lambda","0.001913305376",0.563276779773786
"rapamycin","classification","enet",3,3,7,"measure","auc",0.563276779773786
"rapamycin","classification","enet",3,3,8,"alpha","0.8",0.553812375249501
"rapamycin","classification","enet",3,3,8,"lambda","0.00488021336",0.553812375249501
"rapamycin","classification","enet",3,3,8,"measure","auc",0.553812375249501
"rapamycin","classification","enet",3,3,9,"alpha","0.9",0.552990685296075
"rapamycin","classification","enet",3,3,9,"lambda","0.002989992682",0.552990685296075
"rapamycin","classification","enet",3,3,9,"measure","auc",0.552990685296075
"rapamycin","classification","svm_linear",3,3,1,"cost","0.01",0.589888888888889
"rapamycin","classification","svm_linear",3,3,2,"cost","0.1",0.556555555555556
"rapamycin","classification","svm_linear",3,3,3,"cost","1",0.557
"rapamycin","classification","svm_linear",3,3,4,"cost","10",0.557
"rapamycin","classification","svm_linear",3,3,5,"cost","100",0.557
"rapamycin","classification","rf",3,4,1,"mtry","35",0.599958333333333
"rapamycin","classification","rf",3,4,1,"min.node.size","3",0.599958333333333
"rapamycin","classification","rf",3,4,1,"sample.fraction","0.632",0.599958333333333
"rapamycin","classification","rf",3,4,1,"max.depth","0",0.599958333333333
"rapamycin","classification","rf",3,4,1,"num.trees","500",0.599958333333333
"rapamycin","classification","rf",3,4,2,"mtry","14",0.579347222222222
"rapamycin","classification","rf",3,4,2,"min.node.size","3",0.579347222222222
"rapamycin","classification","rf",3,4,2,"sample.fraction","0.75",0.579347222222222
"rapamycin","classification","rf",3,4,2,"max.depth","0",0.579347222222222
"rapamycin","classification","rf",3,4,2,"num.trees","500",0.579347222222222
"rapamycin","classification","rf",3,4,3,"mtry","10",0.585125
"rapamycin","classification","rf",3,4,3,"min.node.size","3",0.585125
"rapamycin","classification","rf",3,4,3,"sample.fraction","0.55",0.585125
"rapamycin","classification","rf",3,4,3,"max.depth","20",0.585125
"rapamycin","classification","rf",3,4,3,"num.trees","500",0.585125
"rapamycin","classification","rf",3,4,4,"mtry","5",0.556597222222222
"rapamycin","classification","rf",3,4,4,"min.node.size","5",0.556597222222222
"rapamycin","classification","rf",3,4,4,"sample.fraction","0.75",0.556597222222222
"rapamycin","classification","rf",3,4,4,"max.depth","20",0.556597222222222
"rapamycin","classification","rf",3,4,4,"num.trees","500",0.556597222222222
"rapamycin","classification","rf",3,4,5,"mtry","20",0.591416666666667
"rapamycin","classification","rf",3,4,5,"min.node.size","10",0.591416666666667
"rapamycin","classification","rf",3,4,5,"sample.fraction","0.75",0.591416666666667
"rapamycin","classification","rf",3,4,5,"max.depth","20",0.591416666666667
"rapamycin","classification","rf",3,4,5,"num.trees","500",0.591416666666667
"rapamycin","classification","rf",3,4,6,"mtry","14",0.582798611111111
"rapamycin","classification","rf",3,4,6,"min.node.size","1",0.582798611111111
"rapamycin","classification","rf",3,4,6,"sample.fraction","0.632",0.582798611111111
"rapamycin","classification","rf",3,4,6,"max.depth","30",0.582798611111111
"rapamycin","classification","rf",3,4,6,"num.trees","500",0.582798611111111
"rapamycin","classification","rf",3,4,7,"mtry","35",0.582236111111111
"rapamycin","classification","rf",3,4,7,"min.node.size","3",0.582236111111111
"rapamycin","classification","rf",3,4,7,"sample.fraction","0.55",0.582236111111111
"rapamycin","classification","rf",3,4,7,"max.depth","40",0.582236111111111
"rapamycin","classification","rf",3,4,7,"num.trees","500",0.582236111111111
"rapamycin","classification","rf",3,4,8,"mtry","50",0.590194444444444
"rapamycin","classification","rf",3,4,8,"min.node.size","3",0.590194444444444
"rapamycin","classification","rf",3,4,8,"sample.fraction","0.55",0.590194444444444
"rapamycin","classification","rf",3,4,8,"max.depth","40",0.590194444444444
"rapamycin","classification","rf",3,4,8,"num.trees","500",0.590194444444444
"rapamycin","classification","rf",3,4,9,"mtry","14",0.582798611111111
"rapamycin","classification","rf",3,4,9,"min.node.size","1",0.582798611111111
"rapamycin","classification","rf",3,4,9,"sample.fraction","0.632",0.582798611111111
"rapamycin","classification","rf",3,4,9,"max.depth","40",0.582798611111111
"rapamycin","classification","rf",3,4,9,"num.trees","500",0.582798611111111
"rapamycin","classification","rf",3,4,10,"mtry","50",0.590166666666667
"rapamycin","classification","rf",3,4,10,"min.node.size","1",0.590166666666667
"rapamycin","classification","rf",3,4,10,"sample.fraction","0.632",0.590166666666667
"rapamycin","classification","rf",3,4,10,"max.depth","40",0.590166666666667
"rapamycin","classification","rf",3,4,10,"num.trees","500",0.590166666666667
"rapamycin","classification","rf",3,4,11,"mtry","10",0.566736111111111
"rapamycin","classification","rf",3,4,11,"min.node.size","10",0.566736111111111
"rapamycin","classification","rf",3,4,11,"sample.fraction","0.632",0.566736111111111
"rapamycin","classification","rf",3,4,11,"max.depth","40",0.566736111111111
"rapamycin","classification","rf",3,4,11,"num.trees","500",0.566736111111111
"rapamycin","classification","rf",3,4,12,"mtry","35",0.606472222222222
"rapamycin","classification","rf",3,4,12,"min.node.size","10",0.606472222222222
"rapamycin","classification","rf",3,4,12,"sample.fraction","0.632",0.606472222222222
"rapamycin","classification","rf",3,4,12,"max.depth","40",0.606472222222222
"rapamycin","classification","rf",3,4,12,"num.trees","500",0.606472222222222
"rapamycin","classification","ridge",3,4,1,"alpha","0",0.593427041499331
"rapamycin","classification","ridge",3,4,1,"lambda","41.763122",0.593427041499331
"rapamycin","classification","ridge",3,4,1,"measure","auc",0.593427041499331
"rapamycin","classification","lasso",3,4,1,"alpha","1",0.667744310575636
"rapamycin","classification","lasso",3,4,1,"lambda","0.01432671073",0.667744310575636
"rapamycin","classification","lasso",3,4,1,"measure","auc",0.667744310575636
"rapamycin","classification","enet",3,4,1,"alpha","0.1",0.620358099062918
"rapamycin","classification","enet",3,4,1,"lambda","0.03086596259",0.620358099062918
"rapamycin","classification","enet",3,4,1,"measure","auc",0.620358099062918
"rapamycin","classification","enet",3,4,2,"alpha","0.2",0.641659973226238
"rapamycin","classification","enet",3,4,2,"lambda","0.01342282009",0.641659973226238
"rapamycin","classification","enet",3,4,2,"measure","auc",0.641659973226238
"rapamycin","classification","enet",3,4,3,"alpha","0.3",0.651201472556894
"rapamycin","classification","enet",3,4,3,"lambda","0.009374638516",0.651201472556894
"rapamycin","classification","enet",3,4,3,"measure","auc",0.651201472556894
"rapamycin","classification","enet",3,4,4,"alpha","0.4",0.653253012048193
"rapamycin","classification","enet",3,4,4,"lambda","0.01624247315",0.653253012048193
"rapamycin","classification","enet",3,4,4,"measure","auc",0.653253012048193
"rapamycin","classification","enet",3,4,5,"alpha","0.5",0.660712851405622
"rapamycin","classification","enet",3,4,5,"lambda","0.01717727488",0.660712851405622
"rapamycin","classification","enet",3,4,5,"measure","auc",0.660712851405622
"rapamycin","classification","enet",3,4,6,"alpha","0.6",0.664949799196787
"rapamycin","classification","enet",3,4,6,"lambda","0.01499598647",0.664949799196787
"rapamycin","classification","enet",3,4,6,"measure","auc",0.664949799196787
"rapamycin","classification","enet",3,4,7,"alpha","0.7",0.66559906291834
"rapamycin","classification","enet",3,4,7,"lambda","0.01410692283",0.66559906291834
"rapamycin","classification","enet",3,4,7,"measure","auc",0.66559906291834
"rapamycin","classification","enet",3,4,8,"alpha","0.8",0.666730254350736
"rapamycin","classification","enet",3,4,8,"lambda","0.01790838841",0.666730254350736
"rapamycin","classification","enet",3,4,8,"measure","auc",0.666730254350736
"rapamycin","classification","enet",3,4,9,"alpha","0.9",0.667650602409639
"rapamycin","classification","enet",3,4,9,"lambda","0.01519504402",0.667650602409639
"rapamycin","classification","enet",3,4,9,"measure","auc",0.667650602409639
"rapamycin","classification","svm_linear",3,4,1,"cost","0.01",0.586402777777778
"rapamycin","classification","svm_linear",3,4,2,"cost","0.1",0.631305555555556
"rapamycin","classification","svm_linear",3,4,3,"cost","1",0.617694444444444
"rapamycin","classification","svm_linear",3,4,4,"cost","10",0.617694444444444
"rapamycin","classification","svm_linear",3,4,5,"cost","100",0.617694444444444
"rapamycin","classification","rf",3,5,1,"mtry","5",0.644851851851852
"rapamycin","classification","rf",3,5,1,"min.node.size","3",0.644851851851852
"rapamycin","classification","rf",3,5,1,"sample.fraction","0.55",0.644851851851852
"rapamycin","classification","rf",3,5,1,"max.depth","0",0.644851851851852
"rapamycin","classification","rf",3,5,1,"num.trees","500",0.644851851851852
"rapamycin","classification","rf",3,5,2,"mtry","5",0.603833333333333
"rapamycin","classification","rf",3,5,2,"min.node.size","3",0.603833333333333
"rapamycin","classification","rf",3,5,2,"sample.fraction","0.632",0.603833333333333
"rapamycin","classification","rf",3,5,2,"max.depth","0",0.603833333333333
"rapamycin","classification","rf",3,5,2,"num.trees","500",0.603833333333333
"rapamycin","classification","rf",3,5,3,"mtry","10",0.603740740740741
"rapamycin","classification","rf",3,5,3,"min.node.size","5",0.603740740740741
"rapamycin","classification","rf",3,5,3,"sample.fraction","0.632",0.603740740740741
"rapamycin","classification","rf",3,5,3,"max.depth","0",0.603740740740741
"rapamycin","classification","rf",3,5,3,"num.trees","500",0.603740740740741
"rapamycin","classification","rf",3,5,4,"mtry","5",0.613925925925926
"rapamycin","classification","rf",3,5,4,"min.node.size","10",0.613925925925926
"rapamycin","classification","rf",3,5,4,"sample.fraction","0.632",0.613925925925926
"rapamycin","classification","rf",3,5,4,"max.depth","0",0.613925925925926
"rapamycin","classification","rf",3,5,4,"num.trees","500",0.613925925925926
"rapamycin","classification","rf",3,5,5,"mtry","35",0.599555555555556
"rapamycin","classification","rf",3,5,5,"min.node.size","10",0.599555555555556
"rapamycin","classification","rf",3,5,5,"sample.fraction","0.75",0.599555555555556
"rapamycin","classification","rf",3,5,5,"max.depth","20",0.599555555555556
"rapamycin","classification","rf",3,5,5,"num.trees","500",0.599555555555556
"rapamycin","classification","rf",3,5,6,"mtry","14",0.601518518518519
"rapamycin","classification","rf",3,5,6,"min.node.size","3",0.601518518518519
"rapamycin","classification","rf",3,5,6,"sample.fraction","0.75",0.601518518518519
"rapamycin","classification","rf",3,5,6,"max.depth","30",0.601518518518519
"rapamycin","classification","rf",3,5,6,"num.trees","500",0.601518518518519
"rapamycin","classification","rf",3,5,7,"mtry","14",0.599481481481482
"rapamycin","classification","rf",3,5,7,"min.node.size","5",0.599481481481482
"rapamycin","classification","rf",3,5,7,"sample.fraction","0.75",0.599481481481482
"rapamycin","classification","rf",3,5,7,"max.depth","30",0.599481481481482
"rapamycin","classification","rf",3,5,7,"num.trees","500",0.599481481481482
"rapamycin","classification","rf",3,5,8,"mtry","10",0.602444444444444
"rapamycin","classification","rf",3,5,8,"min.node.size","10",0.602444444444444
"rapamycin","classification","rf",3,5,8,"sample.fraction","0.75",0.602444444444444
"rapamycin","classification","rf",3,5,8,"max.depth","30",0.602444444444444
"rapamycin","classification","rf",3,5,8,"num.trees","500",0.602444444444444
"rapamycin","classification","rf",3,5,9,"mtry","35",0.620740740740741
"rapamycin","classification","rf",3,5,9,"min.node.size","5",0.620740740740741
"rapamycin","classification","rf",3,5,9,"sample.fraction","0.55",0.620740740740741
"rapamycin","classification","rf",3,5,9,"max.depth","40",0.620740740740741
"rapamycin","classification","rf",3,5,9,"num.trees","500",0.620740740740741
"rapamycin","classification","rf",3,5,10,"mtry","50",0.604814814814815
"rapamycin","classification","rf",3,5,10,"min.node.size","3",0.604814814814815
"rapamycin","classification","rf",3,5,10,"sample.fraction","0.632",0.604814814814815
"rapamycin","classification","rf",3,5,10,"max.depth","40",0.604814814814815
"rapamycin","classification","rf",3,5,10,"num.trees","500",0.604814814814815
"rapamycin","classification","rf",3,5,11,"mtry","50",0.603962962962963
"rapamycin","classification","rf",3,5,11,"min.node.size","10",0.603962962962963
"rapamycin","classification","rf",3,5,11,"sample.fraction","0.632",0.603962962962963
"rapamycin","classification","rf",3,5,11,"max.depth","40",0.603962962962963
"rapamycin","classification","rf",3,5,11,"num.trees","500",0.603962962962963
"rapamycin","classification","rf",3,5,12,"mtry","35",0.599555555555556
"rapamycin","classification","rf",3,5,12,"min.node.size","10",0.599555555555556
"rapamycin","classification","rf",3,5,12,"sample.fraction","0.75",0.599555555555556
"rapamycin","classification","rf",3,5,12,"max.depth","40",0.599555555555556
"rapamycin","classification","rf",3,5,12,"num.trees","500",0.599555555555556
"rapamycin","classification","ridge",3,5,1,"alpha","0",0.642051539491298
"rapamycin","classification","ridge",3,5,1,"lambda","4.753928106",0.642051539491298
"rapamycin","classification","ridge",3,5,1,"measure","auc",0.642051539491298
"rapamycin","classification","lasso",3,5,1,"alpha","1",0.661228246318608
"rapamycin","classification","lasso",3,5,1,"lambda","0.01262685036",0.661228246318608
"rapamycin","classification","lasso",3,5,1,"measure","auc",0.661228246318608
"rapamycin","classification","enet",3,5,1,"alpha","0.1",0.641382195448461
"rapamycin","classification","enet",3,5,1,"lambda","0.02478702054",0.641382195448461
"rapamycin","classification","enet",3,5,1,"measure","auc",0.641382195448461
"rapamycin","classification","enet",3,5,2,"alpha","0.2",0.642874832663989
"rapamycin","classification","enet",3,5,2,"lambda","0.008542365892",0.642874832663989
"rapamycin","classification","enet",3,5,2,"measure","auc",0.642874832663989
"rapamycin","classification","enet",3,5,3,"alpha","0.3",0.646425702811245
"rapamycin","classification","enet",3,5,3,"lambda","0.03494344334",0.646425702811245
"rapamycin","classification","enet",3,5,3,"measure","auc",0.646425702811245
"rapamycin","classification","enet",3,5,4,"alpha","0.4",0.650485274431058
"rapamycin","classification","enet",3,5,4,"lambda","0.03013235132",0.650485274431058
"rapamycin","classification","enet",3,5,4,"measure","auc",0.650485274431058
"rapamycin","classification","enet",3,5,5,"alpha","0.5",0.655284471218206
"rapamycin","classification","enet",3,5,5,"lambda","0.01740639633",0.655284471218206
"rapamycin","classification","enet",3,5,5,"measure","auc",0.655284471218206
"rapamycin","classification","enet",3,5,6,"alpha","0.6",0.663714859437751
"rapamycin","classification","enet",3,5,6,"lambda","0.01450533027",0.663714859437751
"rapamycin","classification","enet",3,5,6,"measure","auc",0.663714859437751
"rapamycin","classification","enet",3,5,7,"alpha","0.7",0.660903614457831
"rapamycin","classification","enet",3,5,7,"lambda","0.01803835766",0.660903614457831
"rapamycin","classification","enet",3,5,7,"measure","auc",0.660903614457831
"rapamycin","classification","enet",3,5,8,"alpha","0.8",0.66464859437751
"rapamycin","classification","enet",3,5,8,"lambda","0.01438139472",0.66464859437751
"rapamycin","classification","enet",3,5,8,"measure","auc",0.66464859437751
"rapamycin","classification","enet",3,5,9,"alpha","0.9",0.660746318607764
"rapamycin","classification","enet",3,5,9,"lambda","0.01339215614",0.660746318607764
"rapamycin","classification","enet",3,5,9,"measure","auc",0.660746318607764
"rapamycin","classification","svm_linear",3,5,1,"cost","0.01",0.641407407407407
"rapamycin","classification","svm_linear",3,5,2,"cost","0.1",0.605703703703704
"rapamycin","classification","svm_linear",3,5,3,"cost","1",0.614074074074074
"rapamycin","classification","svm_linear",3,5,4,"cost","10",0.614074074074074
"rapamycin","classification","svm_linear",3,5,5,"cost","100",0.614074074074074
