"drug","task","model","repeat","fold","candidate","parameter","value","inner_score"
"sunitinib","classification","rf",1,1,1,"mtry","10",0.668439153439153
"sunitinib","classification","rf",1,1,1,"min.node.size","3",0.668439153439153
"sunitinib","classification","rf",1,1,1,"sample.fraction","0.55",0.668439153439153
"sunitinib","classification","rf",1,1,1,"max.depth","0",0.668439153439153
"sunitinib","classification","rf",1,1,1,"num.trees","500",0.668439153439153
"sunitinib","classification","rf",1,1,2,"mtry","14",0.675520282186949
"sunitinib","classification","rf",1,1,2,"min.node.size","5",0.675520282186949
"sunitinib","classification","rf",1,1,2,"sample.fraction","0.55",0.675520282186949
"sunitinib","classification","rf",1,1,2,"max.depth","0",0.675520282186949
"sunitinib","classification","rf",1,1,2,"num.trees","500",0.675520282186949
"sunitinib","classification","rf",1,1,3,"mtry","20",0.669970605526161
"sunitinib","classification","rf",1,1,3,"min.node.size","5",0.669970605526161
"sunitinib","classification","rf",1,1,3,"sample.fraction","0.55",0.669970605526161
"sunitinib","classification","rf",1,1,3,"max.depth","0",0.669970605526161
"sunitinib","classification","rf",1,1,3,"num.trees","500",0.669970605526161
"sunitinib","classification","rf",1,1,4,"mtry","20",0.670711346266902
"sunitinib","classification","rf",1,1,4,"min.node.size","10",0.670711346266902
"sunitinib","classification","rf",1,1,4,"sample.fraction","0.55",0.670711346266902
"sunitinib","classification","rf",1,1,4,"max.depth","20",0.670711346266902
"sunitinib","classification","rf",1,1,4,"num.trees","500",0.670711346266902
"sunitinib","classification","rf",1,1,5,"mtry","14",0.675867136978248
"sunitinib","classification","rf",1,1,5,"min.node.size","1",0.675867136978248
"sunitinib","classification","rf",1,1,5,"sample.fraction","0.632",0.675867136978248
"sunitinib","classification","rf",1,1,5,"max.depth","20",0.675867136978248
"sunitinib","classification","rf",1,1,5,"num.trees","500",0.675867136978248
"sunitinib","classification","rf",1,1,6,"mtry","14",0.67803644914756
"sunitinib","classification","rf",1,1,6,"min.node.size","5",0.67803644914756
"sunitinib","classification","rf",1,1,6,"sample.fraction","0.632",0.67803644914756
"sunitinib","classification","rf",1,1,6,"max.depth","30",0.67803644914756
"sunitinib","classification","rf",1,1,6,"num.trees","500",0.67803644914756
"sunitinib","classification","rf",1,1,7,"mtry","20",0.680323339212228
"sunitinib","classification","rf",1,1,7,"min.node.size","5",0.680323339212228
"sunitinib","classification","rf",1,1,7,"sample.fraction","0.632",0.680323339212228
"sunitinib","classification","rf",1,1,7,"max.depth","30",0.680323339212228
"sunitinib","classification","rf",1,1,7,"num.trees","500",0.680323339212228
"sunitinib","classification","rf",1,1,8,"mtry","14",0.6695620223398
"sunitinib","classification","rf",1,1,8,"min.node.size","3",0.6695620223398
"sunitinib","classification","rf",1,1,8,"sample.fraction","0.55",0.6695620223398
"sunitinib","classification","rf",1,1,8,"max.depth","40",0.6695620223398
"sunitinib","classification","rf",1,1,8,"num.trees","500",0.6695620223398
"sunitinib","classification","rf",1,1,9,"mtry","14",0.682457378012933
"sunitinib","classification","rf",1,1,9,"min.node.size","10",0.682457378012933
"sunitinib","classification","rf",1,1,9,"sample.fraction","0.55",0.682457378012933
"sunitinib","classification","rf",1,1,9,"max.depth","40",0.682457378012933
"sunitinib","classification","rf",1,1,9,"num.trees","500",0.682457378012933
"sunitinib","classification","rf",1,1,10,"mtry","50",0.682410346854791
"sunitinib","classification","rf",1,1,10,"min.node.size","3",0.682410346854791
"sunitinib","classification","rf",1,1,10,"sample.fraction","0.632",0.682410346854791
"sunitinib","classification","rf",1,1,10,"max.depth","40",0.682410346854791
"sunitinib","classification","rf",1,1,10,"num.trees","500",0.682410346854791
"sunitinib","classification","rf",1,1,11,"mtry","50",0.666067019400353
"sunitinib","classification","rf",1,1,11,"min.node.size","1",0.666067019400353
"sunitinib","classification","rf",1,1,11,"sample.fraction","0.75",0.666067019400353
"sunitinib","classification","rf",1,1,11,"max.depth","40",0.666067019400353
"sunitinib","classification","rf",1,1,11,"num.trees","500",0.666067019400353
"sunitinib","classification","rf",1,1,12,"mtry","50",0.66384479717813
"sunitinib","classification","rf",1,1,12,"min.node.size","3",0.66384479717813
"sunitinib","classification","rf",1,1,12,"sample.fraction","0.75",0.66384479717813
"sunitinib","classification","rf",1,1,12,"max.depth","40",0.66384479717813
"sunitinib","classification","rf",1,1,12,"num.trees","500",0.66384479717813
"sunitinib","classification","ridge",1,1,1,"alpha","0",0.662951397924076
"sunitinib","classification","ridge",1,1,1,"lambda","2.216273272",0.662951397924076
"sunitinib","classification","ridge",1,1,1,"measure","auc",0.662951397924076
"sunitinib","classification","lasso",1,1,1,"alpha","1",0.65511174718825
"sunitinib","classification","lasso",1,1,1,"lambda","0.05240354687",0.65511174718825
"sunitinib","classification","lasso",1,1,1,"measure","auc",0.65511174718825
"sunitinib","classification","enet",1,1,1,"alpha","0.1",0.662964408592824
"sunitinib","classification","enet",1,1,1,"lambda","0.9157668642",0.662964408592824
"sunitinib","classification","enet",1,1,1,"measure","auc",0.662964408592824
"sunitinib","classification","enet",1,1,2,"alpha","0.2",0.669482753635759
"sunitinib","classification","enet",1,1,2,"lambda","0.41720633",0.669482753635759
"sunitinib","classification","enet",1,1,2,"measure","auc",0.669482753635759
"sunitinib","classification","enet",1,1,3,"alpha","0.3",0.666312487350739
"sunitinib","classification","enet",1,1,3,"lambda","0.2654957722",0.666312487350739
"sunitinib","classification","enet",1,1,3,"measure","auc",0.666312487350739
"sunitinib","classification","enet",1,1,4,"alpha","0.4",0.658245872726747
"sunitinib","classification","enet",1,1,4,"lambda","0.1900714347",0.658245872726747
"sunitinib","classification","enet",1,1,4,"measure","auc",0.658245872726747
"sunitinib","classification","enet",1,1,5,"alpha","0.5",0.658553791887125
"sunitinib","classification","enet",1,1,5,"lambda","0.09549632039",0.658553791887125
"sunitinib","classification","enet",1,1,5,"measure","auc",0.658553791887125
"sunitinib","classification","enet",1,1,6,"alpha","0.6",0.658439587128112
"sunitinib","classification","enet",1,1,6,"lambda","0.07958026699",0.658439587128112
"sunitinib","classification","enet",1,1,6,"measure","auc",0.658439587128112
"sunitinib","classification","enet",1,1,7,"alpha","0.7",0.655208604388932
"sunitinib","classification","enet",1,1,7,"lambda","0.06821165742",0.655208604388932
"sunitinib","classification","enet",1,1,7,"measure","auc",0.655208604388932
"sunitinib","classification","enet",1,1,8,"alpha","0.8",0.655896724202735
"sunitinib","classification","enet",1,1,8,"lambda","0.05968520025",0.655896724202735
"sunitinib","classification","enet",1,1,8,"measure","auc",0.655896724202735
"sunitinib","classification","enet",1,1,9,"alpha","0.9",0.655896724202735
"sunitinib","classification","enet",1,1,9,"lambda","0.05305351133",0.655896724202735
"sunitinib","classification","enet",1,1,9,"measure","auc",0.655896724202735
"sunitinib","classification","svm_linear",1,1,1,"cost","0.01",0.585202821869488
"sunitinib","classification","svm_linear",1,1,2,"cost","0.1",0.534485596707819
"sunitinib","classification","svm_linear",1,1,3,"cost","1",0.533162845385068
"sunitinib","classification","svm_linear",1,1,4,"cost","10",0.533162845385068
"sunitinib","classification","svm_linear",1,1,5,"cost","100",0.533162845385068
"sunitinib","classification","rf",1,2,1,"mtry","35",0.673380364491476
"sunitinib","classification","rf",1,2,1,"min.node.size","10",0.673380364491476
"sunitinib","classification","rf",1,2,1,"sample.fraction","0.55",0.673380364491476
"sunitinib","classification","rf",1,2,1,"max.depth","0",0.673380364491476
"sunitinib","classification","rf",1,2,1,"num.trees","500",0.673380364491476
"sunitinib","classification","rf",1,2,2,"mtry","14",0.684250440917108
"sunitinib","classification","rf",1,2,2,"min.node.size","5",0.684250440917108
"sunitinib","classification","rf",1,2,2,"sample.fraction","0.75",0.684250440917108
"sunitinib","classification","rf",1,2,2,"max.depth","0",0.684250440917108
"sunitinib","classification","rf",1,2,2,"num.trees","500",0.684250440917108
"sunitinib","classification","rf",1,2,3,"mtry","20",0.669106407995297
"sunitinib","classification","rf",1,2,3,"min.node.size","5",0.669106407995297
"sunitinib","classification","rf",1,2,3,"sample.fraction","0.75",0.669106407995297
"sunitinib","classification","rf",1,2,3,"max.depth","0",0.669106407995297
"sunitinib","classification","rf",1,2,3,"num.trees","500",0.669106407995297
"sunitinib","classification","rf",1,2,4,"mtry","35",0.669400352733686
"sunitinib","classification","rf",1,2,4,"min.node.size","1",0.669400352733686
"sunitinib","classification","rf",1,2,4,"sample.fraction","0.55",0.669400352733686
"sunitinib","classification","rf",1,2,4,"max.depth","20",0.669400352733686
"sunitinib","classification","rf",1,2,4,"num.trees","500",0.669400352733686
"sunitinib","classification","rf",1,2,5,"mtry","20",0.674817754262199
"sunitinib","classification","rf",1,2,5,"min.node.size","3",0.674817754262199
"sunitinib","classification","rf",1,2,5,"sample.fraction","0.55",0.674817754262199
"sunitinib","classification","rf",1,2,5,"max.depth","20",0.674817754262199
"sunitinib","classification","rf",1,2,5,"num.trees","500",0.674817754262199
"sunitinib","classification","rf",1,2,6,"mtry","35",0.669429747207525
"sunitinib","classification","rf",1,2,6,"min.node.size","3",0.669429747207525
"sunitinib","classification","rf",1,2,6,"sample.fraction","0.55",0.669429747207525
"sunitinib","classification","rf",1,2,6,"max.depth","20",0.669429747207525
"sunitinib","classification","rf",1,2,6,"num.trees","500",0.669429747207525
"sunitinib","classification","rf",1,2,7,"mtry","50",0.661058201058201
"sunitinib","classification","rf",1,2,7,"min.node.size","5",0.661058201058201
"sunitinib","classification","rf",1,2,7,"sample.fraction","0.75",0.661058201058201
"sunitinib","classification","rf",1,2,7,"max.depth","20",0.661058201058201
"sunitinib","classification","rf",1,2,7,"num.trees","500",0.661058201058201
"sunitinib","classification","rf",1,2,8,"mtry","5",0.683027630805409
"sunitinib","classification","rf",1,2,8,"min.node.size","5",0.683027630805409
"sunitinib","classification","rf",1,2,8,"sample.fraction","0.55",0.683027630805409
"sunitinib","classification","rf",1,2,8,"max.depth","30",0.683027630805409
"sunitinib","classification","rf",1,2,8,"num.trees","500",0.683027630805409
"sunitinib","classification","rf",1,2,9,"mtry","35",0.669400352733686
"sunitinib","classification","rf",1,2,9,"min.node.size","1",0.669400352733686
"sunitinib","classification","rf",1,2,9,"sample.fraction","0.55",0.669400352733686
"sunitinib","classification","rf",1,2,9,"max.depth","40",0.669400352733686
"sunitinib","classification","rf",1,2,9,"num.trees","500",0.669400352733686
"sunitinib","classification","rf",1,2,10,"mtry","20",0.680858318636096
"sunitinib","classification","rf",1,2,10,"min.node.size","5",0.680858318636096
"sunitinib","classification","rf",1,2,10,"sample.fraction","0.55",0.680858318636096
"sunitinib","classification","rf",1,2,10,"max.depth","40",0.680858318636096
"sunitinib","classification","rf",1,2,10,"num.trees","500",0.680858318636096
"sunitinib","classification","rf",1,2,11,"mtry","10",0.683533215755438
"sunitinib","classification","rf",1,2,11,"min.node.size","3",0.683533215755438
"sunitinib","classification","rf",1,2,11,"sample.fraction","0.632",0.683533215755438
"sunitinib","classification","rf",1,2,11,"max.depth","40",0.683533215755438
"sunitinib","classification","rf",1,2,11,"num.trees","500",0.683533215755438
"sunitinib","classification","rf",1,2,12,"mtry","35",0.666907701352146
"sunitinib","classification","rf",1,2,12,"min.node.size","3",0.666907701352146
"sunitinib","classification","rf",1,2,12,"sample.fraction","0.75",0.666907701352146
"sunitinib","classification","rf",1,2,12,"max.depth","40",0.666907701352146
"sunitinib","classification","rf",1,2,12,"num.trees","500",0.666907701352146
"sunitinib","classification","ridge",1,2,1,"alpha","0",0.709811616954474
"sunitinib","classification","ridge",1,2,1,"lambda","5.662500188",0.709811616954474
"sunitinib","classification","ridge",1,2,1,"measure","auc",0.709811616954474
"sunitinib","classification","lasso",1,2,1,"alpha","1",0.695799174370603
"sunitinib","classification","lasso",1,2,1,"lambda","0.1338892174",0.695799174370603
"sunitinib","classification","lasso",1,2,1,"measure","auc",0.695799174370603
"sunitinib","classification","enet",1,2,1,"alpha","0.1",0.713602535031106
"sunitinib","classification","enet",1,2,1,"lambda","1.061049151",0.713602535031106
"sunitinib","classification","enet",1,2,1,"measure","auc",0.713602535031106
"sunitinib","classification","enet",1,2,2,"alpha","0.2",0.710497703354846
"sunitinib","classification","enet",1,2,2,"lambda","0.5557859025",0.710497703354846
"sunitinib","classification","enet",1,2,2,"measure","auc",0.710497703354846
"sunitinib","classification","enet",1,2,3,"alpha","0.3",0.707371068085354
"sunitinib","classification","enet",1,2,3,"lambda","0.3222628229",0.707371068085354
"sunitinib","classification","enet",1,2,3,"measure","auc",0.707371068085354
"sunitinib","classification","enet",1,2,4,"alpha","0.4",0.706549799406942
"sunitinib","classification","enet",1,2,4,"lambda","0.2307116102",0.706549799406942
"sunitinib","classification","enet",1,2,4,"measure","auc",0.706549799406942
"sunitinib","classification","enet",1,2,5,"alpha","0.5",0.70317896389325
"sunitinib","classification","enet",1,2,5,"lambda","0.1933576937",0.70317896389325
"sunitinib","classification","enet",1,2,5,"measure","auc",0.70317896389325
"sunitinib","classification","enet",1,2,6,"alpha","0.6",0.699869178440607
"sunitinib","classification","enet",1,2,6,"lambda","0.1538077401",0.699869178440607
"sunitinib","classification","enet",1,2,6,"measure","auc",0.699869178440607
"sunitinib","classification","enet",1,2,7,"alpha","0.7",0.696774521774522
"sunitinib","classification","enet",1,2,7,"lambda","0.2003777904",0.696774521774522
"sunitinib","classification","enet",1,2,7,"measure","auc",0.696774521774522
"sunitinib","classification","enet",1,2,8,"alpha","0.8",0.696713471713472
"sunitinib","classification","enet",1,2,8,"lambda","0.1753305666",0.696713471713472
"sunitinib","classification","enet",1,2,8,"measure","auc",0.696713471713472
"sunitinib","classification","enet",1,2,9,"alpha","0.9",0.695100005814292
"sunitinib","classification","enet",1,2,9,"lambda","0.1558493926",0.695100005814292
"sunitinib","classification","enet",1,2,9,"measure","auc",0.695100005814292
"sunitinib","classification","svm_linear",1,2,1,"cost","0.01",0.60766607877719
"sunitinib","classification","svm_linear",1,2,2,"cost","0.1",0.56814226925338
"sunitinib","classification","svm_linear",1,2,3,"cost","1",0.558994708994709
"sunitinib","classification","svm_linear",1,2,4,"cost","10",0.558994708994709
"sunitinib","classification","svm_linear",1,2,5,"cost","100",0.558994708994709
"sunitinib","classification","rf",1,3,1,"mtry","50",0.68787771898883
"sunitinib","classification","rf",1,3,1,"min.node.size","10",0.68787771898883
"sunitinib","classification","rf",1,3,1,"sample.fraction","0.55",0.68787771898883
"sunitinib","classification","rf",1,3,1,"max.depth","0",0.68787771898883
"sunitinib","classification","rf",1,3,1,"num.trees","500",0.68787771898883
"sunitinib","classification","rf",1,3,2,"mtry","5",0.703283362727807
"sunitinib","classification","rf",1,3,2,"min.node.size","1",0.703283362727807
"sunitinib","classification","rf",1,3,2,"sample.fraction","0.632",0.703283362727807
"sunitinib","classification","rf",1,3,2,"max.depth","0",0.703283362727807
"sunitinib","classification","rf",1,3,2,"num.trees","500",0.703283362727807
"sunitinib","classification","rf",1,3,3,"mtry","35",0.690576131687243
"sunitinib","classification","rf",1,3,3,"min.node.size","3",0.690576131687243
"sunitinib","classification","rf",1,3,3,"sample.fraction","0.632",0.690576131687243
"sunitinib","classification","rf",1,3,3,"max.depth","20",0.690576131687243
"sunitinib","classification","rf",1,3,3,"num.trees","500",0.690576131687243
"sunitinib","classification","rf",1,3,4,"mtry","5",0.700552616108172
"sunitinib","classification","rf",1,3,4,"min.node.size","10",0.700552616108172
"sunitinib","classification","rf",1,3,4,"sample.fraction","0.632",0.700552616108172
"sunitinib","classification","rf",1,3,4,"max.depth","20",0.700552616108172
"sunitinib","classification","rf",1,3,4,"num.trees","500",0.700552616108172
"sunitinib","classification","rf",1,3,5,"mtry","5",0.68294532627866
"sunitinib","classification","rf",1,3,5,"min.node.size","5",0.68294532627866
"sunitinib","classification","rf",1,3,5,"sample.fraction","0.55",0.68294532627866
"sunitinib","classification","rf",1,3,5,"max.depth","30",0.68294532627866
"sunitinib","classification","rf",1,3,5,"num.trees","500",0.68294532627866
"sunitinib","classification","rf",1,3,6,"mtry","14",0.695314520870076
"sunitinib","classification","rf",1,3,6,"min.node.size","5",0.695314520870076
"sunitinib","classification","rf",1,3,6,"sample.fraction","0.55",0.695314520870076
"sunitinib","classification","rf",1,3,6,"max.depth","30",0.695314520870076
"sunitinib","classification","rf",1,3,6,"num.trees","500",0.695314520870076
"sunitinib","classification","rf",1,3,7,"mtry","14",0.692721928277484
"sunitinib","classification","rf",1,3,7,"min.node.size","1",0.692721928277484
"sunitinib","classification","rf",1,3,7,"sample.fraction","0.75",0.692721928277484
"sunitinib","classification","rf",1,3,7,"max.depth","30",0.692721928277484
"sunitinib","classification","rf",1,3,7,"num.trees","500",0.692721928277484
"sunitinib","classification","rf",1,3,8,"mtry","14",0.68917695473251
"sunitinib","classification","rf",1,3,8,"min.node.size","5",0.68917695473251
"sunitinib","classification","rf",1,3,8,"sample.fraction","0.75",0.68917695473251
"sunitinib","classification","rf",1,3,8,"max.depth","30",0.68917695473251
"sunitinib","classification","rf",1,3,8,"num.trees","500",0.68917695473251
"sunitinib","classification","rf",1,3,9,"mtry","20",0.698001175778954
"sunitinib","classification","rf",1,3,9,"min.node.size","5",0.698001175778954
"sunitinib","classification","rf",1,3,9,"sample.fraction","0.75",0.698001175778954
"sunitinib","classification","rf",1,3,9,"max.depth","30",0.698001175778954
"sunitinib","classification","rf",1,3,9,"num.trees","500",0.698001175778954
"sunitinib","classification","rf",1,3,10,"mtry","14",0.68477366255144
"sunitinib","classification","rf",1,3,10,"min.node.size","10",0.68477366255144
"sunitinib","classification","rf",1,3,10,"sample.fraction","0.632",0.68477366255144
"sunitinib","classification","rf",1,3,10,"max.depth","40",0.68477366255144
"sunitinib","classification","rf",1,3,10,"num.trees","500",0.68477366255144
"sunitinib","classification","rf",1,3,11,"mtry","50",0.684179894179894
"sunitinib","classification","rf",1,3,11,"min.node.size","10",0.684179894179894
"sunitinib","classification","rf",1,3,11,"sample.fraction","0.632",0.684179894179894
"sunitinib","classification","rf",1,3,11,"max.depth","40",0.684179894179894
"sunitinib","classification","rf",1,3,11,"num.trees","500",0.684179894179894
"sunitinib","classification","rf",1,3,12,"mtry","50",0.701981187536743
"sunitinib","classification","rf",1,3,12,"min.node.size","5",0.701981187536743
"sunitinib","classification","rf",1,3,12,"sample.fraction","0.75",0.701981187536743
"sunitinib","classification","rf",1,3,12,"max.depth","40",0.701981187536743
"sunitinib","classification","rf",1,3,12,"num.trees","500",0.701981187536743
"sunitinib","classification","ridge",1,3,1,"alpha","0",0.687918871252205
"sunitinib","classification","ridge",1,3,1,"lambda","2.640131899",0.687918871252205
"sunitinib","classification","ridge",1,3,1,"measure","auc",0.687918871252205
"sunitinib","classification","lasso",1,3,1,"alpha","1",0.754378812848758
"sunitinib","classification","lasso",1,3,1,"lambda","0.04507636188",0.754378812848758
"sunitinib","classification","lasso",1,3,1,"measure","auc",0.754378812848758
"sunitinib","classification","enet",1,3,1,"alpha","0.1",0.743882094428543
"sunitinib","classification","enet",1,3,1,"lambda","0.1283790955",0.743882094428543
"sunitinib","classification","enet",1,3,1,"measure","auc",0.743882094428543
"sunitinib","classification","enet",1,3,2,"alpha","0.2",0.752768381183682
"sunitinib","classification","enet",1,3,2,"lambda","0.07044794939",0.752768381183682
"sunitinib","classification","enet",1,3,2,"measure","auc",0.752768381183682
"sunitinib","classification","enet",1,3,3,"alpha","0.3",0.755877931014543
"sunitinib","classification","enet",1,3,3,"lambda","0.05399868175",0.755877931014543
"sunitinib","classification","enet",1,3,3,"measure","auc",0.755877931014543
"sunitinib","classification","enet",1,3,4,"alpha","0.4",0.755029346286177
"sunitinib","classification","enet",1,3,4,"lambda","0.04444761492",0.755029346286177
"sunitinib","classification","enet",1,3,4,"measure","auc",0.755029346286177
"sunitinib","classification","enet",1,3,5,"alpha","0.5",0.754244369271692
"sunitinib","classification","enet",1,3,5,"lambda","0.03725121725",0.754244369271692
"sunitinib","classification","enet",1,3,5,"measure","auc",0.754244369271692
"sunitinib","classification","enet",1,3,6,"alpha","0.6",0.750303582270795
"sunitinib","classification","enet",1,3,6,"lambda","0.02828493481",0.750303582270795
"sunitinib","classification","enet",1,3,6,"measure","auc",0.750303582270795
"sunitinib","classification","enet",1,3,7,"alpha","0.7",0.749621244976436
"sunitinib","classification","enet",1,3,7,"lambda","0.06146795952",0.749621244976436
"sunitinib","classification","enet",1,3,7,"measure","auc",0.749621244976436
"sunitinib","classification","enet",1,3,8,"alpha","0.8",0.749589441119496
"sunitinib","classification","enet",1,3,8,"lambda","0.05634545235",0.749589441119496
"sunitinib","classification","enet",1,3,8,"measure","auc",0.749589441119496
"sunitinib","classification","enet",1,3,9,"alpha","0.9",0.75517390927227
"sunitinib","classification","enet",1,3,9,"lambda","0.05008484653",0.75517390927227
"sunitinib","classification","enet",1,3,9,"measure","auc",0.75517390927227
"sunitinib","classification","svm_linear",1,3,1,"cost","0.01",0.671105232216343
"sunitinib","classification","svm_linear",1,3,2,"cost","0.1",0.658724279835391
"sunitinib","classification","svm_linear",1,3,3,"cost","1",0.62710758377425
"sunitinib","classification","svm_linear",1,3,4,"cost","10",0.62710758377425
"sunitinib","classification","svm_linear",1,3,5,"cost","100",0.62710758377425
"sunitinib","classification","rf",1,4,1,"mtry","50",0.664044679600235
"sunitinib","classification","rf",1,4,1,"min.node.size","1",0.664044679600235
"sunitinib","classification","rf",1,4,1,"sample.fraction","0.632",0.664044679600235
"sunitinib","classification","rf",1,4,1,"max.depth","0",0.664044679600235
"sunitinib","classification","rf",1,4,1,"num.trees","500",0.664044679600235
"sunitinib","classification","rf",1,4,2,"mtry","35",0.670873015873016
"sunitinib","classification","rf",1,4,2,"min.node.size","3",0.670873015873016
"sunitinib","classification","rf",1,4,2,"sample.fraction","0.632",0.670873015873016
"sunitinib","classification","rf",1,4,2,"max.depth","0",0.670873015873016
"sunitinib","classification","rf",1,4,2,"num.trees","500",0.670873015873016
"sunitinib","classification","rf",1,4,3,"mtry","14",0.66645796590241
"sunitinib","classification","rf",1,4,3,"min.node.size","5",0.66645796590241
"sunitinib","classification","rf",1,4,3,"sample.fraction","0.75",0.66645796590241
"sunitinib","classification","rf",1,4,3,"max.depth","0",0.66645796590241
"sunitinib","classification","rf",1,4,3,"num.trees","500",0.66645796590241
"sunitinib","classification","rf",1,4,4,"mtry","10",0.664194591416814
"sunitinib","classification","rf",1,4,4,"min.node.size","3",0.664194591416814
"sunitinib","classification","rf",1,4,4,"sample.fraction","0.55",0.664194591416814
"sunitinib","classification","rf",1,4,4,"max.depth","20",0.664194591416814
"sunitinib","classification","rf",1,4,4,"num.trees","500",0.664194591416814
"sunitinib","classification","rf",1,4,5,"mtry","50",0.66680482069371
"sunitinib","classification","rf",1,4,5,"min.node.size","10",0.66680482069371
"sunitinib","classification","rf",1,4,5,"sample.fraction","0.75",0.66680482069371
"sunitinib","classification","rf",1,4,5,"max.depth","20",0.66680482069371
"sunitinib","classification","rf",1,4,5,"num.trees","500",0.66680482069371
"sunitinib","classification","rf",1,4,6,"mtry","20",0.672301587301587
"sunitinib","classification","rf",1,4,6,"min.node.size","1",0.672301587301587
"sunitinib","classification","rf",1,4,6,"sample.fraction","0.55",0.672301587301587
"sunitinib","classification","rf",1,4,6,"max.depth","30",0.672301587301587
"sunitinib","classification","rf",1,4,6,"num.trees","500",0.672301587301587
"sunitinib","classification","rf",1,4,7,"mtry","35",0.660417401528513
"sunitinib","classification","rf",1,4,7,"min.node.size","1",0.660417401528513
"sunitinib","classification","rf",1,4,7,"sample.fraction","0.55",0.660417401528513
"sunitinib","classification","rf",1,4,7,"max.depth","40",0.660417401528513
"sunitinib","classification","rf",1,4,7,"num.trees","500",0.660417401528513
"sunitinib","classification","rf",1,4,8,"mtry","10",0.664194591416814
"sunitinib","classification","rf",1,4,8,"min.node.size","3",0.664194591416814
"sunitinib","classification","rf",1,4,8,"sample.fraction","0.55",0.664194591416814
"sunitinib","classification","rf",1,4,8,"max.depth","40",0.664194591416814
"sunitinib","classification","rf",1,4,8,"num.trees","500",0.664194591416814
"sunitinib","classification","rf",1,4,9,"mtry","50",0.664044679600235
"sunitinib","classification","rf",1,4,9,"min.node.size","1",0.664044679600235
"sunitinib","classification","rf",1,4,9,"sample.fraction","0.632",0.664044679600235
"sunitinib","classification","rf",1,4,9,"max.depth","40",0.664044679600235
"sunitinib","classification","rf",1,4,9,"num.trees","500",0.664044679600235
"sunitinib","classification","rf",1,4,10,"mtry","35",0.670873015873016
"sunitinib","classification","rf",1,4,10,"min.node.size","3",0.670873015873016
"sunitinib","classification","rf",1,4,10,"sample.fraction","0.632",0.670873015873016
"sunitinib","classification","rf",1,4,10,"max.depth","40",0.670873015873016
"sunitinib","classification","rf",1,4,10,"num.trees","500",0.670873015873016
"sunitinib","classification","rf",1,4,11,"mtry","14",0.656181657848324
"sunitinib","classification","rf",1,4,11,"min.node.size","3",0.656181657848324
"sunitinib","classification","rf",1,4,11,"sample.fraction","0.75",0.656181657848324
"sunitinib","classification","rf",1,4,11,"max.depth","40",0.656181657848324
"sunitinib","classification","rf",1,4,11,"num.trees","500",0.656181657848324
"sunitinib","classification","rf",1,4,12,"mtry","10",0.668115814226925
"sunitinib","classification","rf",1,4,12,"min.node.size","10",0.668115814226925
"sunitinib","classification","rf",1,4,12,"sample.fraction","0.75",0.668115814226925
"sunitinib","classification","rf",1,4,12,"max.depth","40",0.668115814226925
"sunitinib","classification","rf",1,4,12,"num.trees","500",0.668115814226925
"sunitinib","classification","ridge",1,4,1,"alpha","0",0.694783758914194
"sunitinib","classification","ridge",1,4,1,"lambda","22.22657755",0.694783758914194
"sunitinib","classification","ridge",1,4,1,"measure","auc",0.694783758914194
"sunitinib","classification","lasso",1,4,1,"alpha","1",0.684824304117782
"sunitinib","classification","lasso",1,4,1,"lambda","0.1132252537",0.684824304117782
"sunitinib","classification","lasso",1,4,1,"measure","auc",0.684824304117782
"sunitinib","classification","enet",1,4,1,"alpha","0.1",0.69745082815735
"sunitinib","classification","enet",1,4,1,"lambda","0.590357411",0.69745082815735
"sunitinib","classification","enet",1,4,1,"measure","auc",0.69745082815735
"sunitinib","classification","enet",1,4,2,"alpha","0.2",0.686332528180354
"sunitinib","classification","enet",1,4,2,"lambda","0.2951787055",0.686332528180354
"sunitinib","classification","enet",1,4,2,"measure","auc",0.686332528180354
"sunitinib","classification","enet",1,4,3,"alpha","0.3",0.679738900391074
"sunitinib","classification","enet",1,4,3,"lambda","0.1967858037",0.679738900391074
"sunitinib","classification","enet",1,4,3,"measure","auc",0.679738900391074
"sunitinib","classification","enet",1,4,4,"alpha","0.4",0.680106970324362
"sunitinib","classification","enet",1,4,4,"lambda","0.1408811889",0.680106970324362
"sunitinib","classification","enet",1,4,4,"measure","auc",0.680106970324362
"sunitinib","classification","enet",1,4,5,"alpha","0.5",0.675054635380722
"sunitinib","classification","enet",1,4,5,"lambda","0.1794581544",0.675054635380722
"sunitinib","classification","enet",1,4,5,"measure","auc",0.675054635380722
"sunitinib","classification","enet",1,4,6,"alpha","0.6",0.675785024154589
"sunitinib","classification","enet",1,4,6,"lambda","0.149548462",0.675785024154589
"sunitinib","classification","enet",1,4,6,"measure","auc",0.675785024154589
"sunitinib","classification","enet",1,4,7,"alpha","0.7",0.676026570048309
"sunitinib","classification","enet",1,4,7,"lambda","0.1543985588",0.676026570048309
"sunitinib","classification","enet",1,4,7,"measure","auc",0.676026570048309
"sunitinib","classification","enet",1,4,8,"alpha","0.8",0.679554865424431
"sunitinib","classification","enet",1,4,8,"lambda","0.1482706992",0.679554865424431
"sunitinib","classification","enet",1,4,8,"measure","auc",0.679554865424431
"sunitinib","classification","enet",1,4,9,"alpha","0.9",0.682505175983437
"sunitinib","classification","enet",1,4,9,"lambda","0.131796177",0.682505175983437
"sunitinib","classification","enet",1,4,9,"measure","auc",0.682505175983437
"sunitinib","classification","svm_linear",1,4,1,"cost","0.01",0.591646090534979
"sunitinib","classification","svm_linear",1,4,2,"cost","0.1",0.525440917107584
"sunitinib","classification","svm_linear",1,4,3,"cost","1",0.517627865961199
"sunitinib","classification","svm_linear",1,4,4,"cost","10",0.517627865961199
"sunitinib","classification","svm_linear",1,4,5,"cost","100",0.517627865961199
"sunitinib","classification","rf",1,5,1,"mtry","20",0.731575543797766
"sunitinib","classification","rf",1,5,1,"min.node.size","10",0.731575543797766
"sunitinib","classification","rf",1,5,1,"sample.fraction","0.632",0.731575543797766
"sunitinib","classification","rf",1,5,1,"max.depth","0",0.731575543797766
"sunitinib","classification","rf",1,5,1,"num.trees","500",0.731575543797766
"sunitinib","classification","rf",1,5,2,"mtry","50",0.743550852439741
"sunitinib","classification","rf",1,5,2,"min.node.size","10",0.743550852439741
"sunitinib","classification","rf",1,5,2,"sample.fraction","0.55",0.743550852439741
"sunitinib","classification","rf",1,5,2,"max.depth","20",0.743550852439741
"sunitinib","classification","rf",1,5,2,"num.trees","500",0.743550852439741
"sunitinib","classification","rf",1,5,3,"mtry","10",0.729512051734274
"sunitinib","classification","rf",1,5,3,"min.node.size","3",0.729512051734274
"sunitinib","classification","rf",1,5,3,"sample.fraction","0.75",0.729512051734274
"sunitinib","classification","rf",1,5,3,"max.depth","20",0.729512051734274
"sunitinib","classification","rf",1,5,3,"num.trees","500",0.729512051734274
"sunitinib","classification","rf",1,5,4,"mtry","5",0.74700176366843
"sunitinib","classification","rf",1,5,4,"min.node.size","1",0.74700176366843
"sunitinib","classification","rf",1,5,4,"sample.fraction","0.55",0.74700176366843
"sunitinib","classification","rf",1,5,4,"max.depth","30",0.74700176366843
"sunitinib","classification","rf",1,5,4,"num.trees","500",0.74700176366843
"sunitinib","classification","rf",1,5,5,"mtry","35",0.722621987066432
"sunitinib","classification","rf",1,5,5,"min.node.size","1",0.722621987066432
"sunitinib","classification","rf",1,5,5,"sample.fraction","0.55",0.722621987066432
"sunitinib","classification","rf",1,5,5,"max.depth","30",0.722621987066432
"sunitinib","classification","rf",1,5,5,"num.trees","500",0.722621987066432
"sunitinib","classification","rf",1,5,6,"mtry","10",0.73615520282187
"sunitinib","classification","rf",1,5,6,"min.node.size","1",0.73615520282187
"sunitinib","classification","rf",1,5,6,"sample.fraction","0.632",0.73615520282187
"sunitinib","classification","rf",1,5,6,"max.depth","30",0.73615520282187
"sunitinib","classification","rf",1,5,6,"num.trees","500",0.73615520282187
"sunitinib","classification","rf",1,5,7,"mtry","20",0.738251028806584
"sunitinib","classification","rf",1,5,7,"min.node.size","1",0.738251028806584
"sunitinib","classification","rf",1,5,7,"sample.fraction","0.632",0.738251028806584
"sunitinib","classification","rf",1,5,7,"max.depth","30",0.738251028806584
"sunitinib","classification","rf",1,5,7,"num.trees","500",0.738251028806584
"sunitinib","classification","rf",1,5,8,"mtry","20",0.728844797178131
"sunitinib","classification","rf",1,5,8,"min.node.size","1",0.728844797178131
"sunitinib","classification","rf",1,5,8,"sample.fraction","0.55",0.728844797178131
"sunitinib","classification","rf",1,5,8,"max.depth","40",0.728844797178131
"sunitinib","classification","rf",1,5,8,"num.trees","500",0.728844797178131
"sunitinib","classification","rf",1,5,9,"mtry","10",0.742868900646678
"sunitinib","classification","rf",1,5,9,"min.node.size","10",0.742868900646678
"sunitinib","classification","rf",1,5,9,"sample.fraction","0.55",0.742868900646678
"sunitinib","classification","rf",1,5,9,"max.depth","40",0.742868900646678
"sunitinib","classification","rf",1,5,9,"num.trees","500",0.742868900646678
"sunitinib","classification","rf",1,5,10,"mtry","50",0.743550852439741
"sunitinib","classification","rf",1,5,10,"min.node.size","10",0.743550852439741
"sunitinib","classification","rf",1,5,10,"sample.fraction","0.55",0.743550852439741
"sunitinib","classification","rf",1,5,10,"max.depth","40",0.743550852439741
"sunitinib","classification","rf",1,5,10,"num.trees","500",0.743550852439741
"sunitinib","classification","rf",1,5,11,"mtry","14",0.736660787771899
"sunitinib","classification","rf",1,5,11,"min.node.size","5",0.736660787771899
"sunitinib","classification","rf",1,5,11,"sample.fraction","0.632",0.736660787771899
"sunitinib","classification","rf",1,5,11,"max.depth","40",0.736660787771899
"sunitinib","classification","rf",1,5,11,"num.trees","500",0.736660787771899
"sunitinib","classification","rf",1,5,12,"mtry","35",0.719620811287478
"sunitinib","classification","rf",1,5,12,"min.node.size","1",0.719620811287478
"sunitinib","classification","rf",1,5,12,"sample.fraction","0.75",0.719620811287478
"sunitinib","classification","rf",1,5,12,"max.depth","40",0.719620811287478
"sunitinib","classification","rf",1,5,12,"num.trees","500",0.719620811287478
"sunitinib","classification","ridge",1,5,1,"alpha","0",0.730841672417759
"sunitinib","classification","ridge",1,5,1,"lambda","9.450589399",0.730841672417759
"sunitinib","classification","ridge",1,5,1,"measure","auc",0.730841672417759
"sunitinib","classification","lasso",1,5,1,"alpha","1",0.696706061651714
"sunitinib","classification","lasso",1,5,1,"lambda","0.03476285688",0.696706061651714
"sunitinib","classification","lasso",1,5,1,"measure","auc",0.696706061651714
"sunitinib","classification","enet",1,5,1,"alpha","0.1",0.716277030135726
"sunitinib","classification","enet",1,5,1,"lambda","0.4814260672",0.716277030135726
"sunitinib","classification","enet",1,5,1,"measure","auc",0.716277030135726
"sunitinib","classification","enet",1,5,2,"alpha","0.2",0.707903439153439
"sunitinib","classification","enet",1,5,2,"lambda","0.2297722547",0.707903439153439
"sunitinib","classification","enet",1,5,2,"measure","auc",0.707903439153439
"sunitinib","classification","enet",1,5,3,"alpha","0.3",0.704136473429952
"sunitinib","classification","enet",1,5,3,"lambda","0.1395732806",0.704136473429952
"sunitinib","classification","enet",1,5,3,"measure","auc",0.704136473429952
"sunitinib","classification","enet",1,5,4,"alpha","0.4",0.697003680699333
"sunitinib","classification","enet",1,5,4,"lambda","0.07558740024",0.697003680699333
"sunitinib","classification","enet",1,5,4,"measure","auc",0.697003680699333
"sunitinib","classification","enet",1,5,5,"alpha","0.5",0.696266103059581
"sunitinib","classification","enet",1,5,5,"lambda","0.07283623295",0.696266103059581
"sunitinib","classification","enet",1,5,5,"measure","auc",0.696266103059581
"sunitinib","classification","enet",1,5,6,"alpha","0.6",0.693248217161261
"sunitinib","classification","enet",1,5,6,"lambda","0.06358698751",0.693248217161261
"sunitinib","classification","enet",1,5,6,"measure","auc",0.693248217161261
"sunitinib","classification","enet",1,5,7,"alpha","0.7",0.694038992408558
"sunitinib","classification","enet",1,5,7,"lambda","0.04966122411",0.694038992408558
"sunitinib","classification","enet",1,5,7,"measure","auc",0.694038992408558
"sunitinib","classification","enet",1,5,8,"alpha","0.8",0.696652864044168
"sunitinib","classification","enet",1,5,8,"lambda","0.0455226456",0.696652864044168
"sunitinib","classification","enet",1,5,8,"measure","auc",0.696652864044168
"sunitinib","classification","enet",1,5,9,"alpha","0.9",0.695110133425351
"sunitinib","classification","enet",1,5,9,"lambda","0.04046457386",0.695110133425351
"sunitinib","classification","enet",1,5,9,"measure","auc",0.695110133425351
"sunitinib","classification","svm_linear",1,5,1,"cost","0.01",0.659617871840094
"sunitinib","classification","svm_linear",1,5,2,"cost","0.1",0.614091710758377
"sunitinib","classification","svm_linear",1,5,3,"cost","1",0.610975896531452
"sunitinib","classification","svm_linear",1,5,4,"cost","10",0.610975896531452
"sunitinib","classification","svm_linear",1,5,5,"cost","100",0.610975896531452
"sunitinib","classification","rf",2,1,1,"mtry","14",0.693234861845973
"sunitinib","classification","rf",2,1,1,"min.node.size","1",0.693234861845973
"sunitinib","classification","rf",2,1,1,"sample.fraction","0.55",0.693234861845973
"sunitinib","classification","rf",2,1,1,"max.depth","0",0.693234861845973
"sunitinib","classification","rf",2,1,1,"num.trees","500",0.693234861845973
"sunitinib","classification","rf",2,1,2,"mtry","20",0.680436507936508
"sunitinib","classification","rf",2,1,2,"min.node.size","1",0.680436507936508
"sunitinib","classification","rf",2,1,2,"sample.fraction","0.75",0.680436507936508
"sunitinib","classification","rf",2,1,2,"max.depth","20",0.680436507936508
"sunitinib","classification","rf",2,1,2,"num.trees","500",0.680436507936508
"sunitinib","classification","rf",2,1,3,"mtry","20",0.690523221634333
"sunitinib","classification","rf",2,1,3,"min.node.size","5",0.690523221634333
"sunitinib","classification","rf",2,1,3,"sample.fraction","0.75",0.690523221634333
"sunitinib","classification","rf",2,1,3,"max.depth","20",0.690523221634333
"sunitinib","classification","rf",2,1,3,"num.trees","500",0.690523221634333
"sunitinib","classification","rf",2,1,4,"mtry","35",0.688500881834215
"sunitinib","classification","rf",2,1,4,"min.node.size","5",0.688500881834215
"sunitinib","classification","rf",2,1,4,"sample.fraction","0.632",0.688500881834215
"sunitinib","classification","rf",2,1,4,"max.depth","30",0.688500881834215
"sunitinib","classification","rf",2,1,4,"num.trees","500",0.688500881834215
"sunitinib","classification","rf",2,1,5,"mtry","5",0.713838918283363
"sunitinib","classification","rf",2,1,5,"min.node.size","10",0.713838918283363
"sunitinib","classification","rf",2,1,5,"sample.fraction","0.632",0.713838918283363
"sunitinib","classification","rf",2,1,5,"max.depth","30",0.713838918283363
"sunitinib","classification","rf",2,1,5,"num.trees","500",0.713838918283363
"sunitinib","classification","rf",2,1,6,"mtry","20",0.698427395649618
"sunitinib","classification","rf",2,1,6,"min.node.size","10",0.698427395649618
"sunitinib","classification","rf",2,1,6,"sample.fraction","0.632",0.698427395649618
"sunitinib","classification","rf",2,1,6,"max.depth","30",0.698427395649618
"sunitinib","classification","rf",2,1,6,"num.trees","500",0.698427395649618
"sunitinib","classification","rf",2,1,7,"mtry","20",0.690523221634333
"sunitinib","classification","rf",2,1,7,"min.node.size","5",0.690523221634333
"sunitinib","classification","rf",2,1,7,"sample.fraction","0.75",0.690523221634333
"sunitinib","classification","rf",2,1,7,"max.depth","30",0.690523221634333
"sunitinib","classification","rf",2,1,7,"num.trees","500",0.690523221634333
"sunitinib","classification","rf",2,1,8,"mtry","10",0.710116108171664
"sunitinib","classification","rf",2,1,8,"min.node.size","1",0.710116108171664
"sunitinib","classification","rf",2,1,8,"sample.fraction","0.55",0.710116108171664
"sunitinib","classification","rf",2,1,8,"max.depth","40",0.710116108171664
"sunitinib","classification","rf",2,1,8,"num.trees","500",0.710116108171664
"sunitinib","classification","rf",2,1,9,"mtry","10",0.726346266901822
"sunitinib","classification","rf",2,1,9,"min.node.size","10",0.726346266901822
"sunitinib","classification","rf",2,1,9,"sample.fraction","0.55",0.726346266901822
"sunitinib","classification","rf",2,1,9,"max.depth","40",0.726346266901822
"sunitinib","classification","rf",2,1,9,"num.trees","500",0.726346266901822
"sunitinib","classification","rf",2,1,10,"mtry","14",0.691735743680188
"sunitinib","classification","rf",2,1,10,"min.node.size","1",0.691735743680188
"sunitinib","classification","rf",2,1,10,"sample.fraction","0.632",0.691735743680188
"sunitinib","classification","rf",2,1,10,"max.depth","40",0.691735743680188
"sunitinib","classification","rf",2,1,10,"num.trees","500",0.691735743680188
"sunitinib","classification","rf",2,1,11,"mtry","20",0.682663139329806
"sunitinib","classification","rf",2,1,11,"min.node.size","1",0.682663139329806
"sunitinib","classification","rf",2,1,11,"sample.fraction","0.632",0.682663139329806
"sunitinib","classification","rf",2,1,11,"max.depth","40",0.682663139329806
"sunitinib","classification","rf",2,1,11,"num.trees","500",0.682663139329806
"sunitinib","classification","rf",2,1,12,"mtry","20",0.698427395649618
"sunitinib","classification","rf",2,1,12,"min.node.size","10",0.698427395649618
"sunitinib","classification","rf",2,1,12,"sample.fraction","0.632",0.698427395649618
"sunitinib","classification","rf",2,1,12,"max.depth","40",0.698427395649618
"sunitinib","classification","rf",2,1,12,"num.trees","500",0.698427395649618
"sunitinib","classification","ridge",2,1,1,"alpha","0",0.740723487462618
"sunitinib","classification","ridge",2,1,1,"lambda","6.948006767",0.740723487462618
"sunitinib","classification","ridge",2,1,1,"measure","auc",0.740723487462618
"sunitinib","classification","lasso",2,1,1,"alpha","1",0.696024557165862
"sunitinib","classification","lasso",2,1,1,"lambda","0.03707942237",0.696024557165862
"sunitinib","classification","lasso",2,1,1,"measure","auc",0.696024557165862
"sunitinib","classification","enet",2,1,1,"alpha","0.1",0.733502990568208
"sunitinib","classification","enet",2,1,1,"lambda","0.8565827489",0.733502990568208
"sunitinib","classification","enet",2,1,1,"measure","auc",0.733502990568208
"sunitinib","classification","enet",2,1,2,"alpha","0.2",0.724892167011732
"sunitinib","classification","enet",2,1,2,"lambda","0.3725059957",0.724892167011732
"sunitinib","classification","enet",2,1,2,"measure","auc",0.724892167011732
"sunitinib","classification","enet",2,1,3,"alpha","0.3",0.721405567057741
"sunitinib","classification","enet",2,1,3,"lambda","0.3774506609",0.721405567057741
"sunitinib","classification","enet",2,1,3,"measure","auc",0.721405567057741
"sunitinib","classification","enet",2,1,4,"alpha","0.4",0.724348688750863
"sunitinib","classification","enet",2,1,4,"lambda","0.2830879957",0.724348688750863
"sunitinib","classification","enet",2,1,4,"measure","auc",0.724348688750863
"sunitinib","classification","enet",2,1,5,"alpha","0.5",0.711873849781458
"sunitinib","classification","enet",2,1,5,"lambda","0.3136357657",0.711873849781458
"sunitinib","classification","enet",2,1,5,"measure","auc",0.711873849781458
"sunitinib","classification","enet",2,1,6,"alpha","0.6",0.708667615596963
"sunitinib","classification","enet",2,1,6,"lambda","0.2613631381",0.708667615596963
"sunitinib","classification","enet",2,1,6,"measure","auc",0.708667615596963
"sunitinib","classification","enet",2,1,7,"alpha","0.7",0.703031544743501
"sunitinib","classification","enet",2,1,7,"lambda","0.2240255469",0.703031544743501
"sunitinib","classification","enet",2,1,7,"measure","auc",0.703031544743501
"sunitinib","classification","enet",2,1,8,"alpha","0.8",0.70231265815505
"sunitinib","classification","enet",2,1,8,"lambda","0.1704902465",0.70231265815505
"sunitinib","classification","enet",2,1,8,"measure","auc",0.70231265815505
"sunitinib","classification","enet",2,1,9,"alpha","0.9",0.698322837589142
"sunitinib","classification","enet",2,1,9,"lambda","0.1380838781",0.698322837589142
"sunitinib","classification","enet",2,1,9,"measure","auc",0.698322837589142
"sunitinib","classification","svm_linear",2,1,1,"cost","0.01",0.671293356848912
"sunitinib","classification","svm_linear",2,1,2,"cost","0.1",0.578359788359788
"sunitinib","classification","svm_linear",2,1,3,"cost","1",0.568109935332157
"sunitinib","classification","svm_linear",2,1,4,"cost","10",0.568109935332157
"sunitinib","classification","svm_linear",2,1,5,"cost","100",0.568109935332157
"sunitinib","classification","rf",2,2,1,"mtry","5",0.709885361552028
"sunitinib","classification","rf",2,2,1,"min.node.size","1",0.709885361552028
"sunitinib","classification","rf",2,2,1,"sample.fraction","0.632",0.709885361552028
"sunitinib","classification","rf",2,2,1,"max.depth","0",0.709885361552028
"sunitinib","classification","rf",2,2,1,"num.trees","500",0.709885361552028
"sunitinib","classification","rf",2,2,2,"mtry","35",0.71092886537331
"sunitinib","classification","rf",2,2,2,"min.node.size","5",0.71092886537331
"sunitinib","classification","rf",2,2,2,"sample.fraction","0.632",0.71092886537331
"sunitinib","classification","rf",2,2,2,"max.depth","0",0.71092886537331
"sunitinib","classification","rf",2,2,2,"num.trees","500",0.71092886537331
"sunitinib","classification","rf",2,2,3,"mtry","20",0.701340388007055
"sunitinib","classification","rf",2,2,3,"min.node.size","10",0.701340388007055
"sunitinib","classification","rf",2,2,3,"sample.fraction","0.632",0.701340388007055
"sunitinib","classification","rf",2,2,3,"max.depth","0",0.701340388007055
"sunitinib","classification","rf",2,2,3,"num.trees","500",0.701340388007055
"sunitinib","classification","rf",2,2,4,"mtry","35",0.711831275720165
"sunitinib","classification","rf",2,2,4,"min.node.size","1",0.711831275720165
"sunitinib","classification","rf",2,2,4,"sample.fraction","0.75",0.711831275720165
"sunitinib","classification","rf",2,2,4,"max.depth","0",0.711831275720165
"sunitinib","classification","rf",2,2,4,"num.trees","500",0.711831275720165
"sunitinib","classification","rf",2,2,5,"mtry","14",0.698277483833039
"sunitinib","classification","rf",2,2,5,"min.node.size","5",0.698277483833039
"sunitinib","classification","rf",2,2,5,"sample.fraction","0.75",0.698277483833039
"sunitinib","classification","rf",2,2,5,"max.depth","0",0.698277483833039
"sunitinib","classification","rf",2,2,5,"num.trees","500",0.698277483833039
"sunitinib","classification","rf",2,2,6,"mtry","20",0.72294532627866
"sunitinib","classification","rf",2,2,6,"min.node.size","5",0.72294532627866
"sunitinib","classification","rf",2,2,6,"sample.fraction","0.75",0.72294532627866
"sunitinib","classification","rf",2,2,6,"max.depth","0",0.72294532627866
"sunitinib","classification","rf",2,2,6,"num.trees","500",0.72294532627866
"sunitinib","classification","rf",2,2,7,"mtry","50",0.70517342739565
"sunitinib","classification","rf",2,2,7,"min.node.size","5",0.70517342739565
"sunitinib","classification","rf",2,2,7,"sample.fraction","0.55",0.70517342739565
"sunitinib","classification","rf",2,2,7,"max.depth","20",0.70517342739565
"sunitinib","classification","rf",2,2,7,"num.trees","500",0.70517342739565
"sunitinib","classification","rf",2,2,8,"mtry","50",0.708600823045268
"sunitinib","classification","rf",2,2,8,"min.node.size","10",0.708600823045268
"sunitinib","classification","rf",2,2,8,"sample.fraction","0.55",0.708600823045268
"sunitinib","classification","rf",2,2,8,"max.depth","20",0.708600823045268
"sunitinib","classification","rf",2,2,8,"num.trees","500",0.708600823045268
"sunitinib","classification","rf",2,2,9,"mtry","10",0.701446208112875
"sunitinib","classification","rf",2,2,9,"min.node.size","10",0.701446208112875
"sunitinib","classification","rf",2,2,9,"sample.fraction","0.75",0.701446208112875
"sunitinib","classification","rf",2,2,9,"max.depth","20",0.701446208112875
"sunitinib","classification","rf",2,2,9,"num.trees","500",0.701446208112875
"sunitinib","classification","rf",2,2,10,"mtry","20",0.712621987066432
"sunitinib","classification","rf",2,2,10,"min.node.size","5",0.712621987066432
"sunitinib","classification","rf",2,2,10,"sample.fraction","0.55",0.712621987066432
"sunitinib","classification","rf",2,2,10,"max.depth","30",0.712621987066432
"sunitinib","classification","rf",2,2,10,"num.trees","500",0.712621987066432
"sunitinib","classification","rf",2,2,11,"mtry","50",0.714617871840094
"sunitinib","classification","rf",2,2,11,"min.node.size","1",0.714617871840094
"sunitinib","classification","rf",2,2,11,"sample.fraction","0.632",0.714617871840094
"sunitinib","classification","rf",2,2,11,"max.depth","40",0.714617871840094
"sunitinib","classification","rf",2,2,11,"num.trees","500",0.714617871840094
"sunitinib","classification","rf",2,2,12,"mtry","14",0.698277483833039
"sunitinib","classification","rf",2,2,12,"min.node.size","5",0.698277483833039
"sunitinib","classification","rf",2,2,12,"sample.fraction","0.75",0.698277483833039
"sunitinib","classification","rf",2,2,12,"max.depth","40",0.698277483833039
"sunitinib","classification","rf",2,2,12,"num.trees","500",0.698277483833039
"sunitinib","classification","ridge",2,2,1,"alpha","0",0.715440772544598
"sunitinib","classification","ridge",2,2,1,"lambda","5.77025948",0.715440772544598
"sunitinib","classification","ridge",2,2,1,"measure","auc",0.715440772544598
"sunitinib","classification","lasso",2,2,1,"alpha","1",0.738132824471622
"sunitinib","classification","lasso",2,2,1,"lambda","0.05637600969",0.738132824471622
"sunitinib","classification","lasso",2,2,1,"measure","auc",0.738132824471622
"sunitinib","classification","enet",2,2,1,"alpha","0.1",0.731925289848787
"sunitinib","classification","enet",2,2,1,"lambda","0.7113845586",0.731925289848787
"sunitinib","classification","enet",2,2,1,"measure","auc",0.731925289848787
"sunitinib","classification","enet",2,2,2,"alpha","0.2",0.735897880706624
"sunitinib","classification","enet",2,2,2,"lambda","0.2690681652",0.735897880706624
"sunitinib","classification","enet",2,2,2,"measure","auc",0.735897880706624
"sunitinib","classification","enet",2,2,3,"alpha","0.3",0.740726284442131
"sunitinib","classification","enet",2,2,3,"lambda","0.1634432607",0.740726284442131
"sunitinib","classification","enet",2,2,3,"measure","auc",0.740726284442131
"sunitinib","classification","enet",2,2,4,"alpha","0.4",0.741475120710093
"sunitinib","classification","enet",2,2,4,"lambda","0.1170108842",0.741475120710093
"sunitinib","classification","enet",2,2,4,"measure","auc",0.741475120710093
"sunitinib","classification","enet",2,2,5,"alpha","0.5",0.743126030011276
"sunitinib","classification","enet",2,2,5,"lambda","0.1027354407",0.743126030011276
"sunitinib","classification","enet",2,2,5,"measure","auc",0.743126030011276
"sunitinib","classification","enet",2,2,6,"alpha","0.6",0.74696995981149
"sunitinib","classification","enet",2,2,6,"lambda","0.09843399304",0.74696995981149
"sunitinib","classification","enet",2,2,6,"measure","auc",0.74696995981149
"sunitinib","classification","enet",2,2,7,"alpha","0.7",0.746206667244919
"sunitinib","classification","enet",2,2,7,"lambda","0.08437199404",0.746206667244919
"sunitinib","classification","enet",2,2,7,"measure","auc",0.746206667244919
"sunitinib","classification","enet",2,2,8,"alpha","0.8",0.745343626217943
"sunitinib","classification","enet",2,2,8,"lambda","0.07382549478",0.745343626217943
"sunitinib","classification","enet",2,2,8,"measure","auc",0.745343626217943
"sunitinib","classification","enet",2,2,9,"alpha","0.9",0.742922196200885
"sunitinib","classification","enet",2,2,9,"lambda","0.06562266203",0.742922196200885
"sunitinib","classification","enet",2,2,9,"measure","auc",0.742922196200885
"sunitinib","classification","svm_linear",2,2,1,"cost","0.01",0.695855379188713
"sunitinib","classification","svm_linear",2,2,2,"cost","0.1",0.644844209288654
"sunitinib","classification","svm_linear",2,2,3,"cost","1",0.629770723104056
"sunitinib","classification","svm_linear",2,2,4,"cost","10",0.629770723104056
"sunitinib","classification","svm_linear",2,2,5,"cost","100",0.629770723104056
"sunitinib","classification","rf",2,3,1,"mtry","35",0.72386684303351
"sunitinib","classification","rf",2,3,1,"min.node.size","1",0.72386684303351
"sunitinib","classification","rf",2,3,1,"sample.fraction","0.55",0.72386684303351
"sunitinib","classification","rf",2,3,1,"max.depth","0",0.72386684303351
"sunitinib","classification","rf",2,3,1,"num.trees","500",0.72386684303351
"sunitinib","classification","rf",2,3,2,"mtry","50",0.704168136390359
"sunitinib","classification","rf",2,3,2,"min.node.size","5",0.704168136390359
"sunitinib","classification","rf",2,3,2,"sample.fraction","0.632",0.704168136390359
"sunitinib","classification","rf",2,3,2,"max.depth","0",0.704168136390359
"sunitinib","classification","rf",2,3,2,"num.trees","500",0.704168136390359
"sunitinib","classification","rf",2,3,3,"mtry","14",0.710931804820694
"sunitinib","classification","rf",2,3,3,"min.node.size","10",0.710931804820694
"sunitinib","classification","rf",2,3,3,"sample.fraction","0.632",0.710931804820694
"sunitinib","classification","rf",2,3,3,"max.depth","0",0.710931804820694
"sunitinib","classification","rf",2,3,3,"num.trees","500",0.710931804820694
"sunitinib","classification","rf",2,3,4,"mtry","20",0.70429747207525
"sunitinib","classification","rf",2,3,4,"min.node.size","3",0.70429747207525
"sunitinib","classification","rf",2,3,4,"sample.fraction","0.75",0.70429747207525
"sunitinib","classification","rf",2,3,4,"max.depth","0",0.70429747207525
"sunitinib","classification","rf",2,3,4,"num.trees","500",0.70429747207525
"sunitinib","classification","rf",2,3,5,"mtry","35",0.717037037037037
"sunitinib","classification","rf",2,3,5,"min.node.size","3",0.717037037037037
"sunitinib","classification","rf",2,3,5,"sample.fraction","0.55",0.717037037037037
"sunitinib","classification","rf",2,3,5,"max.depth","20",0.717037037037037
"sunitinib","classification","rf",2,3,5,"num.trees","500",0.717037037037037
"sunitinib","classification","rf",2,3,6,"mtry","35",0.714435626102293
"sunitinib","classification","rf",2,3,6,"min.node.size","10",0.714435626102293
"sunitinib","classification","rf",2,3,6,"sample.fraction","0.55",0.714435626102293
"sunitinib","classification","rf",2,3,6,"max.depth","20",0.714435626102293
"sunitinib","classification","rf",2,3,6,"num.trees","500",0.714435626102293
"sunitinib","classification","rf",2,3,7,"mtry","20",0.708245149911817
"sunitinib","classification","rf",2,3,7,"min.node.size","10",0.708245149911817
"sunitinib","classification","rf",2,3,7,"sample.fraction","0.632",0.708245149911817
"sunitinib","classification","rf",2,3,7,"max.depth","20",0.708245149911817
"sunitinib","classification","rf",2,3,7,"num.trees","500",0.708245149911817
"sunitinib","classification","rf",2,3,8,"mtry","50",0.706707818930041
"sunitinib","classification","rf",2,3,8,"min.node.size","3",0.706707818930041
"sunitinib","classification","rf",2,3,8,"sample.fraction","0.75",0.706707818930041
"sunitinib","classification","rf",2,3,8,"max.depth","20",0.706707818930041
"sunitinib","classification","rf",2,3,8,"num.trees","500",0.706707818930041
"sunitinib","classification","rf",2,3,9,"mtry","50",0.704714873603763
"sunitinib","classification","rf",2,3,9,"min.node.size","5",0.704714873603763
"sunitinib","classification","rf",2,3,9,"sample.fraction","0.75",0.704714873603763
"sunitinib","classification","rf",2,3,9,"max.depth","20",0.704714873603763
"sunitinib","classification","rf",2,3,9,"num.trees","500",0.704714873603763
"sunitinib","classification","rf",2,3,10,"mtry","20",0.703650793650794
"sunitinib","classification","rf",2,3,10,"min.node.size","10",0.703650793650794
"sunitinib","classification","rf",2,3,10,"sample.fraction","0.75",0.703650793650794
"sunitinib","classification","rf",2,3,10,"max.depth","30",0.703650793650794
"sunitinib","classification","rf",2,3,10,"num.trees","500",0.703650793650794
"sunitinib","classification","rf",2,3,11,"mtry","20",0.709197530864197
"sunitinib","classification","rf",2,3,11,"min.node.size","10",0.709197530864197
"sunitinib","classification","rf",2,3,11,"sample.fraction","0.55",0.709197530864197
"sunitinib","classification","rf",2,3,11,"max.depth","40",0.709197530864197
"sunitinib","classification","rf",2,3,11,"num.trees","500",0.709197530864197
"sunitinib","classification","rf",2,3,12,"mtry","10",0.708780129335685
"sunitinib","classification","rf",2,3,12,"min.node.size","10",0.708780129335685
"sunitinib","classification","rf",2,3,12,"sample.fraction","0.75",0.708780129335685
"sunitinib","classification","rf",2,3,12,"max.depth","40",0.708780129335685
"sunitinib","classification","rf",2,3,12,"num.trees","500",0.708780129335685
"sunitinib","classification","ridge",2,3,1,"alpha","0",0.714415820973198
"sunitinib","classification","ridge",2,3,1,"lambda","1.783296033",0.714415820973198
"sunitinib","classification","ridge",2,3,1,"measure","auc",0.714415820973198
"sunitinib","classification","lasso",2,3,1,"alpha","1",0.690210194581779
"sunitinib","classification","lasso",2,3,1,"lambda","0.04024934312",0.690210194581779
"sunitinib","classification","lasso",2,3,1,"measure","auc",0.690210194581779
"sunitinib","classification","enet",2,3,1,"alpha","0.1",0.715268742591147
"sunitinib","classification","enet",2,3,1,"lambda","0.4848047628",0.715268742591147
"sunitinib","classification","enet",2,3,1,"measure","auc",0.715268742591147
"sunitinib","classification","enet",2,3,2,"alpha","0.2",0.711160262526383
"sunitinib","classification","enet",2,3,2,"lambda","0.2660363144",0.711160262526383
"sunitinib","classification","enet",2,3,2,"measure","auc",0.711160262526383
"sunitinib","classification","enet",2,3,3,"alpha","0.3",0.70610634053257
"sunitinib","classification","enet",2,3,3,"lambda","0.1692963689",0.70610634053257
"sunitinib","classification","enet",2,3,3,"measure","auc",0.70610634053257
"sunitinib","classification","enet",2,3,4,"alpha","0.4",0.701249024199844
"sunitinib","classification","enet",2,3,4,"lambda","0.1269722766",0.701249024199844
"sunitinib","classification","enet",2,3,4,"measure","auc",0.701249024199844
"sunitinib","classification","enet",2,3,5,"alpha","0.5",0.70035707057565
"sunitinib","classification","enet",2,3,5,"lambda","0.09255392763",0.70035707057565
"sunitinib","classification","enet",2,3,5,"measure","auc",0.70035707057565
"sunitinib","classification","enet",2,3,6,"alpha","0.6",0.700221181368722
"sunitinib","classification","enet",2,3,6,"lambda","0.07027640982",0.700221181368722
"sunitinib","classification","enet",2,3,6,"measure","auc",0.700221181368722
"sunitinib","classification","enet",2,3,7,"alpha","0.7",0.696119929453263
"sunitinib","classification","enet",2,3,7,"lambda","0.06023692271",0.696119929453263
"sunitinib","classification","enet",2,3,7,"measure","auc",0.696119929453263
"sunitinib","classification","enet",2,3,8,"alpha","0.8",0.69420446988753
"sunitinib","classification","enet",2,3,8,"lambda","0.04802493545",0.69420446988753
"sunitinib","classification","enet",2,3,8,"measure","auc",0.69420446988753
"sunitinib","classification","enet",2,3,9,"alpha","0.9",0.693584294677191
"sunitinib","classification","enet",2,3,9,"lambda","0.04268883151",0.693584294677191
"sunitinib","classification","enet",2,3,9,"measure","auc",0.693584294677191
"sunitinib","classification","svm_linear",2,3,1,"cost","0.01",0.635964138741916
"sunitinib","classification","svm_linear",2,3,2,"cost","0.1",0.578483245149912
"sunitinib","classification","svm_linear",2,3,3,"cost","1",0.588968253968254
"sunitinib","classification","svm_linear",2,3,4,"cost","10",0.588968253968254
"sunitinib","classification","svm_linear",2,3,5,"cost","100",0.588968253968254
"sunitinib","classification","rf",2,4,1,"mtry","5",0.710461493239271
"sunitinib","classification","rf",2,4,1,"min.node.size","1",0.710461493239271
"sunitinib","classification","rf",2,4,1,"sample.fraction","0.55",0.710461493239271
"sunitinib","classification","rf",2,4,1,"max.depth","0",0.710461493239271
"sunitinib","classification","rf",2,4,1,"num.trees","500",0.710461493239271
"sunitinib","classification","rf",2,4,2,"mtry","20",0.696860670194004
"sunitinib","classification","rf",2,4,2,"min.node.size","3",0.696860670194004
"sunitinib","classification","rf",2,4,2,"sample.fraction","0.55",0.696860670194004
"sunitinib","classification","rf",2,4,2,"max.depth","0",0.696860670194004
"sunitinib","classification","rf",2,4,2,"num.trees","500",0.696860670194004
"sunitinib","classification","rf",2,4,3,"mtry","20",0.709347442680776
"sunitinib","classification","rf",2,4,3,"min.node.size","10",0.709347442680776
"sunitinib","classification","rf",2,4,3,"sample.fraction","0.75",0.709347442680776
"sunitinib","classification","rf",2,4,3,"max.depth","0",0.709347442680776
"sunitinib","classification","rf",2,4,3,"num.trees","500",0.709347442680776
"sunitinib","classification","rf",2,4,4,"mtry","35",0.691249265138154
"sunitinib","classification","rf",2,4,4,"min.node.size","1",0.691249265138154
"sunitinib","classification","rf",2,4,4,"sample.fraction","0.55",0.691249265138154
"sunitinib","classification","rf",2,4,4,"max.depth","20",0.691249265138154
"sunitinib","classification","rf",2,4,4,"num.trees","500",0.691249265138154
"sunitinib","classification","rf",2,4,5,"mtry","14",0.714550264550264
"sunitinib","classification","rf",2,4,5,"min.node.size","3",0.714550264550264
"sunitinib","classification","rf",2,4,5,"sample.fraction","0.55",0.714550264550264
"sunitinib","classification","rf",2,4,5,"max.depth","20",0.714550264550264
"sunitinib","classification","rf",2,4,5,"num.trees","500",0.714550264550264
"sunitinib","classification","rf",2,4,6,"mtry","10",0.703280423280423
"sunitinib","classification","rf",2,4,6,"min.node.size","10",0.703280423280423
"sunitinib","classification","rf",2,4,6,"sample.fraction","0.632",0.703280423280423
"sunitinib","classification","rf",2,4,6,"max.depth","20",0.703280423280423
"sunitinib","classification","rf",2,4,6,"num.trees","500",0.703280423280423
"sunitinib","classification","rf",2,4,7,"mtry","35",0.708495002939447
"sunitinib","classification","rf",2,4,7,"min.node.size","5",0.708495002939447
"sunitinib","classification","rf",2,4,7,"sample.fraction","0.75",0.708495002939447
"sunitinib","classification","rf",2,4,7,"max.depth","20",0.708495002939447
"sunitinib","classification","rf",2,4,7,"num.trees","500",0.708495002939447
"sunitinib","classification","rf",2,4,8,"mtry","5",0.707830687830688
"sunitinib","classification","rf",2,4,8,"min.node.size","5",0.707830687830688
"sunitinib","classification","rf",2,4,8,"sample.fraction","0.75",0.707830687830688
"sunitinib","classification","rf",2,4,8,"max.depth","30",0.707830687830688
"sunitinib","classification","rf",2,4,8,"num.trees","500",0.707830687830688
"sunitinib","classification","rf",2,4,9,"mtry","10",0.707360376249265
"sunitinib","classification","rf",2,4,9,"min.node.size","10",0.707360376249265
"sunitinib","classification","rf",2,4,9,"sample.fraction","0.75",0.707360376249265
"sunitinib","classification","rf",2,4,9,"max.depth","30",0.707360376249265
"sunitinib","classification","rf",2,4,9,"num.trees","500",0.707360376249265
"sunitinib","classification","rf",2,4,10,"mtry","5",0.710461493239271
"sunitinib","classification","rf",2,4,10,"min.node.size","1",0.710461493239271
"sunitinib","classification","rf",2,4,10,"sample.fraction","0.55",0.710461493239271
"sunitinib","classification","rf",2,4,10,"max.depth","40",0.710461493239271
"sunitinib","classification","rf",2,4,10,"num.trees","500",0.710461493239271
"sunitinib","classification","rf",2,4,11,"mtry","35",0.702833627278072
"sunitinib","classification","rf",2,4,11,"min.node.size","3",0.702833627278072
"sunitinib","classification","rf",2,4,11,"sample.fraction","0.632",0.702833627278072
"sunitinib","classification","rf",2,4,11,"max.depth","40",0.702833627278072
"sunitinib","classification","rf",2,4,11,"num.trees","500",0.702833627278072
"sunitinib","classification","rf",2,4,12,"mtry","10",0.713021751910641
"sunitinib","classification","rf",2,4,12,"min.node.size","5",0.713021751910641
"sunitinib","classification","rf",2,4,12,"sample.fraction","0.75",0.713021751910641
"sunitinib","classification","rf",2,4,12,"max.depth","40",0.713021751910641
"sunitinib","classification","rf",2,4,12,"num.trees","500",0.713021751910641
"sunitinib","classification","ridge",2,4,1,"alpha","0",0.697536646716975
"sunitinib","classification","ridge",2,4,1,"lambda","7.43682603",0.697536646716975
"sunitinib","classification","ridge",2,4,1,"measure","auc",0.697536646716975
"sunitinib","classification","lasso",2,4,1,"alpha","1",0.696403272906005
"sunitinib","classification","lasso",2,4,1,"lambda","0.0662037472",0.696403272906005
"sunitinib","classification","lasso",2,4,1,"measure","auc",0.696403272906005
"sunitinib","classification","enet",2,4,1,"alpha","0.1",0.721743718738254
"sunitinib","classification","enet",2,4,1,"lambda","0.7265853082",0.721743718738254
"sunitinib","classification","enet",2,4,1,"measure","auc",0.721743718738254
"sunitinib","classification","enet",2,4,2,"alpha","0.2",0.720024864833608
"sunitinib","classification","enet",2,4,2,"lambda","0.3987132394",0.720024864833608
"sunitinib","classification","enet",2,4,2,"measure","auc",0.720024864833608
"sunitinib","classification","enet",2,4,3,"alpha","0.3",0.711423367161072
"sunitinib","classification","enet",2,4,3,"lambda","0.2784655136",0.711423367161072
"sunitinib","classification","enet",2,4,3,"measure","auc",0.711423367161072
"sunitinib","classification","enet",2,4,4,"alpha","0.4",0.705022118136872
"sunitinib","classification","enet",2,4,4,"lambda","0.2088491352",0.705022118136872
"sunitinib","classification","enet",2,4,4,"measure","auc",0.705022118136872
"sunitinib","classification","enet",2,4,5,"alpha","0.5",0.703281579784312
"sunitinib","classification","enet",2,4,5,"lambda","0.1522364429",0.703281579784312
"sunitinib","classification","enet",2,4,5,"measure","auc",0.703281579784312
"sunitinib","classification","enet",2,4,6,"alpha","0.6",0.698681585566831
"sunitinib","classification","enet",2,4,6,"lambda","0.1210975514",0.698681585566831
"sunitinib","classification","enet",2,4,6,"measure","auc",0.698681585566831
"sunitinib","classification","enet",2,4,7,"alpha","0.7",0.697540983606557
"sunitinib","classification","enet",2,4,7,"lambda","0.08617484109",0.697540983606557
"sunitinib","classification","enet",2,4,7,"measure","auc",0.697540983606557
"sunitinib","classification","enet",2,4,8,"alpha","0.8",0.700475612224246
"sunitinib","classification","enet",2,4,8,"lambda","0.082754684",0.700475612224246
"sunitinib","classification","enet",2,4,8,"measure","auc",0.700475612224246
"sunitinib","classification","enet",2,4,9,"alpha","0.9",0.697259085783676
"sunitinib","classification","enet",2,4,9,"lambda","0.07355971911",0.697259085783676
"sunitinib","classification","enet",2,4,9,"measure","auc",0.697259085783676
"sunitinib","classification","svm_linear",2,4,1,"cost","0.01",0.573098177542622
"sunitinib","classification","svm_linear",2,4,2,"cost","0.1",0.542475014697237
"sunitinib","classification","svm_linear",2,4,3,"cost","1",0.550646678424456
"sunitinib","classification","svm_linear",2,4,4,"cost","10",0.550646678424456
"sunitinib","classification","svm_linear",2,4,5,"cost","100",0.550646678424456
"sunitinib","classification","rf",2,5,1,"mtry","10",0.66071722516167
"sunitinib","classification","rf",2,5,1,"min.node.size","3",0.66071722516167
"sunitinib","classification","rf",2,5,1,"sample.fraction","0.632",0.66071722516167
"sunitinib","classification","rf",2,5,1,"max.depth","0",0.66071722516167
"sunitinib","classification","rf",2,5,1,"num.trees","500",0.66071722516167
"sunitinib","classification","rf",2,5,2,"mtry","20",0.645032333921223
"sunitinib","classification","rf",2,5,2,"min.node.size","5",0.645032333921223
"sunitinib","classification","rf",2,5,2,"sample.fraction","0.632",0.645032333921223
"sunitinib","classification","rf",2,5,2,"max.depth","0",0.645032333921223
"sunitinib","classification","rf",2,5,2,"num.trees","500",0.645032333921223
"sunitinib","classification","rf",2,5,3,"mtry","5",0.665567313345091
"sunitinib","classification","rf",2,5,3,"min.node.size","5",0.665567313345091
"sunitinib","classification","rf",2,5,3,"sample.fraction","0.632",0.665567313345091
"sunitinib","classification","rf",2,5,3,"max.depth","20",0.665567313345091
"sunitinib","classification","rf",2,5,3,"num.trees","500",0.665567313345091
"sunitinib","classification","rf",2,5,4,"mtry","35",0.657072310405644
"sunitinib","classification","rf",2,5,4,"min.node.size","5",0.657072310405644
"sunitinib","classification","rf",2,5,4,"sample.fraction","0.632",0.657072310405644
"sunitinib","classification","rf",2,5,4,"max.depth","20",0.657072310405644
"sunitinib","classification","rf",2,5,4,"num.trees","500",0.657072310405644
"sunitinib","classification","rf",2,5,5,"mtry","50",0.635243974132863
"sunitinib","classification","rf",2,5,5,"min.node.size","3",0.635243974132863
"sunitinib","classification","rf",2,5,5,"sample.fraction","0.75",0.635243974132863
"sunitinib","classification","rf",2,5,5,"max.depth","20",0.635243974132863
"sunitinib","classification","rf",2,5,5,"num.trees","500",0.635243974132863
"sunitinib","classification","rf",2,5,6,"mtry","50",0.646331569664903
"sunitinib","classification","rf",2,5,6,"min.node.size","10",0.646331569664903
"sunitinib","classification","rf",2,5,6,"sample.fraction","0.632",0.646331569664903
"sunitinib","classification","rf",2,5,6,"max.depth","30",0.646331569664903
"sunitinib","classification","rf",2,5,6,"num.trees","500",0.646331569664903
"sunitinib","classification","rf",2,5,7,"mtry","20",0.665843621399177
"sunitinib","classification","rf",2,5,7,"min.node.size","1",0.665843621399177
"sunitinib","classification","rf",2,5,7,"sample.fraction","0.55",0.665843621399177
"sunitinib","classification","rf",2,5,7,"max.depth","40",0.665843621399177
"sunitinib","classification","rf",2,5,7,"num.trees","500",0.665843621399177
"sunitinib","classification","rf",2,5,8,"mtry","50",0.655508524397413
"sunitinib","classification","rf",2,5,8,"min.node.size","5",0.655508524397413
"sunitinib","classification","rf",2,5,8,"sample.fraction","0.55",0.655508524397413
"sunitinib","classification","rf",2,5,8,"max.depth","40",0.655508524397413
"sunitinib","classification","rf",2,5,8,"num.trees","500",0.655508524397413
"sunitinib","classification","rf",2,5,9,"mtry","20",0.65750734861846
"sunitinib","classification","rf",2,5,9,"min.node.size","10",0.65750734861846
"sunitinib","classification","rf",2,5,9,"sample.fraction","0.632",0.65750734861846
"sunitinib","classification","rf",2,5,9,"max.depth","40",0.65750734861846
"sunitinib","classification","rf",2,5,9,"num.trees","500",0.65750734861846
"sunitinib","classification","rf",2,5,10,"mtry","20",0.653074661963551
"sunitinib","classification","rf",2,5,10,"min.node.size","1",0.653074661963551
"sunitinib","classification","rf",2,5,10,"sample.fraction","0.75",0.653074661963551
"sunitinib","classification","rf",2,5,10,"max.depth","40",0.653074661963551
"sunitinib","classification","rf",2,5,10,"num.trees","500",0.653074661963551
"sunitinib","classification","rf",2,5,11,"mtry","35",0.636231628453851
"sunitinib","classification","rf",2,5,11,"min.node.size","3",0.636231628453851
"sunitinib","classification","rf",2,5,11,"sample.fraction","0.75",0.636231628453851
"sunitinib","classification","rf",2,5,11,"max.depth","40",0.636231628453851
"sunitinib","classification","rf",2,5,11,"num.trees","500",0.636231628453851
"sunitinib","classification","rf",2,5,12,"mtry","5",0.668001175778954
"sunitinib","classification","rf",2,5,12,"min.node.size","5",0.668001175778954
"sunitinib","classification","rf",2,5,12,"sample.fraction","0.75",0.668001175778954
"sunitinib","classification","rf",2,5,12,"max.depth","40",0.668001175778954
"sunitinib","classification","rf",2,5,12,"num.trees","500",0.668001175778954
"sunitinib","classification","ridge",2,5,1,"alpha","0",0.705120420967416
"sunitinib","classification","ridge",2,5,1,"lambda","3.400036637",0.705120420967416
"sunitinib","classification","ridge",2,5,1,"measure","auc",0.705120420967416
"sunitinib","classification","lasso",2,5,1,"alpha","1",0.710038453754301
"sunitinib","classification","lasso",2,5,1,"lambda","0.04001203753",0.710038453754301
"sunitinib","classification","lasso",2,5,1,"measure","auc",0.710038453754301
"sunitinib","classification","enet",2,5,1,"alpha","0.1",0.711567930147165
"sunitinib","classification","enet",2,5,1,"lambda","0.3321869649",0.711567930147165
"sunitinib","classification","enet",2,5,1,"measure","auc",0.711567930147165
"sunitinib","classification","enet",2,5,2,"alpha","0.2",0.70287391216353
"sunitinib","classification","enet",2,5,2,"lambda","0.2000601877",0.70287391216353
"sunitinib","classification","enet",2,5,2,"measure","auc",0.70287391216353
"sunitinib","classification","enet",2,5,3,"alpha","0.3",0.70775291294417
"sunitinib","classification","enet",2,5,3,"lambda","0.1333734584",0.70775291294417
"sunitinib","classification","enet",2,5,3,"measure","auc",0.70775291294417
"sunitinib","classification","enet",2,5,4,"alpha","0.4",0.703773093937028
"sunitinib","classification","enet",2,5,4,"lambda","0.104793102",0.703773093937028
"sunitinib","classification","enet",2,5,4,"measure","auc",0.703773093937028
"sunitinib","classification","enet",2,5,5,"alpha","0.5",0.705295342180588
"sunitinib","classification","enet",2,5,5,"lambda","0.08002407506",0.705295342180588
"sunitinib","classification","enet",2,5,5,"measure","auc",0.705295342180588
"sunitinib","classification","enet",2,5,6,"alpha","0.6",0.705309798479197
"sunitinib","classification","enet",2,5,6,"lambda","0.06668672922",0.705309798479197
"sunitinib","classification","enet",2,5,6,"measure","auc",0.705309798479197
"sunitinib","classification","enet",2,5,7,"alpha","0.7",0.707663283892792
"sunitinib","classification","enet",2,5,7,"lambda","0.05716005362",0.707663283892792
"sunitinib","classification","enet",2,5,7,"measure","auc",0.707663283892792
"sunitinib","classification","enet",2,5,8,"alpha","0.8",0.708480064764218
"sunitinib","classification","enet",2,5,8,"lambda","0.05001504691",0.708480064764218
"sunitinib","classification","enet",2,5,8,"measure","auc",0.708480064764218
"sunitinib","classification","enet",2,5,9,"alpha","0.9",0.710031225604996
"sunitinib","classification","enet",2,5,9,"lambda","0.04445781948",0.710031225604996
"sunitinib","classification","enet",2,5,9,"measure","auc",0.710031225604996
"sunitinib","classification","svm_linear",2,5,1,"cost","0.01",0.612269253380365
"sunitinib","classification","svm_linear",2,5,2,"cost","0.1",0.527519106407995
"sunitinib","classification","svm_linear",2,5,3,"cost","1",0.534062316284538
"sunitinib","classification","svm_linear",2,5,4,"cost","10",0.534062316284538
"sunitinib","classification","svm_linear",2,5,5,"cost","100",0.534062316284538
"sunitinib","classification","rf",3,1,1,"mtry","5",0.70854203409759
"sunitinib","classification","rf",3,1,1,"min.node.size","3",0.70854203409759
"sunitinib","classification","rf",3,1,1,"sample.fraction","0.632",0.70854203409759
"sunitinib","classification","rf",3,1,1,"max.depth","0",0.70854203409759
"sunitinib","classification","rf",3,1,1,"num.trees","500",0.70854203409759
"sunitinib","classification","rf",3,1,2,"mtry","10",0.706122868900647
"sunitinib","classification","rf",3,1,2,"min.node.size","1",0.706122868900647
"sunitinib","classification","rf",3,1,2,"sample.fraction","0.75",0.706122868900647
"sunitinib","classification","rf",3,1,2,"max.depth","0",0.706122868900647
"sunitinib","classification","rf",3,1,2,"num.trees","500",0.706122868900647
"sunitinib","classification","rf",3,1,3,"mtry","20",0.690576131687243
"sunitinib","classification","rf",3,1,3,"min.node.size","5",0.690576131687243
"sunitinib","classification","rf",3,1,3,"sample.fraction","0.55",0.690576131687243
"sunitinib","classification","rf",3,1,3,"max.depth","20",0.690576131687243
"sunitinib","classification","rf",3,1,3,"num.trees","500",0.690576131687243
"sunitinib","classification","rf",3,1,4,"mtry","35",0.705461493239271
"sunitinib","classification","rf",3,1,4,"min.node.size","5",0.705461493239271
"sunitinib","classification","rf",3,1,4,"sample.fraction","0.55",0.705461493239271
"sunitinib","classification","rf",3,1,4,"max.depth","20",0.705461493239271
"sunitinib","classification","rf",3,1,4,"num.trees","500",0.705461493239271
"sunitinib","classification","rf",3,1,5,"mtry","50",0.687807172251617
"sunitinib","classification","rf",3,1,5,"min.node.size","10",0.687807172251617
"sunitinib","classification","rf",3,1,5,"sample.fraction","0.55",0.687807172251617
"sunitinib","classification","rf",3,1,5,"max.depth","20",0.687807172251617
"sunitinib","classification","rf",3,1,5,"num.trees","500",0.687807172251617
"sunitinib","classification","rf",3,1,6,"mtry","14",0.703339212228101
"sunitinib","classification","rf",3,1,6,"min.node.size","10",0.703339212228101
"sunitinib","classification","rf",3,1,6,"sample.fraction","0.75",0.703339212228101
"sunitinib","classification","rf",3,1,6,"max.depth","20",0.703339212228101
"sunitinib","classification","rf",3,1,6,"num.trees","500",0.703339212228101
"sunitinib","classification","rf",3,1,7,"mtry","14",0.701434450323339
"sunitinib","classification","rf",3,1,7,"min.node.size","1",0.701434450323339
"sunitinib","classification","rf",3,1,7,"sample.fraction","0.632",0.701434450323339
"sunitinib","classification","rf",3,1,7,"max.depth","30",0.701434450323339
"sunitinib","classification","rf",3,1,7,"num.trees","500",0.701434450323339
"sunitinib","classification","rf",3,1,8,"mtry","35",0.690288065843621
"sunitinib","classification","rf",3,1,8,"min.node.size","1",0.690288065843621
"sunitinib","classification","rf",3,1,8,"sample.fraction","0.632",0.690288065843621
"sunitinib","classification","rf",3,1,8,"max.depth","30",0.690288065843621
"sunitinib","classification","rf",3,1,8,"num.trees","500",0.690288065843621
"sunitinib","classification","rf",3,1,9,"mtry","10",0.713345091122869
"sunitinib","classification","rf",3,1,9,"min.node.size","3",0.713345091122869
"sunitinib","classification","rf",3,1,9,"sample.fraction","0.632",0.713345091122869
"sunitinib","classification","rf",3,1,9,"max.depth","30",0.713345091122869
"sunitinib","classification","rf",3,1,9,"num.trees","500",0.713345091122869
"sunitinib","classification","rf",3,1,10,"mtry","14",0.697084068195179
"sunitinib","classification","rf",3,1,10,"min.node.size","5",0.697084068195179
"sunitinib","classification","rf",3,1,10,"sample.fraction","0.632",0.697084068195179
"sunitinib","classification","rf",3,1,10,"max.depth","30",0.697084068195179
"sunitinib","classification","rf",3,1,10,"num.trees","500",0.697084068195179
"sunitinib","classification","rf",3,1,11,"mtry","35",0.674708994708995
"sunitinib","classification","rf",3,1,11,"min.node.size","1",0.674708994708995
"sunitinib","classification","rf",3,1,11,"sample.fraction","0.75",0.674708994708995
"sunitinib","classification","rf",3,1,11,"max.depth","30",0.674708994708995
"sunitinib","classification","rf",3,1,11,"num.trees","500",0.674708994708995
"sunitinib","classification","rf",3,1,12,"mtry","20",0.696990005878895
"sunitinib","classification","rf",3,1,12,"min.node.size","3",0.696990005878895
"sunitinib","classification","rf",3,1,12,"sample.fraction","0.55",0.696990005878895
"sunitinib","classification","rf",3,1,12,"max.depth","40",0.696990005878895
"sunitinib","classification","rf",3,1,12,"num.trees","500",0.696990005878895
"sunitinib","classification","ridge",3,1,1,"alpha","0",0.715617139387631
"sunitinib","classification","ridge",3,1,1,"lambda","7.481161086",0.715617139387631
"sunitinib","classification","ridge",3,1,1,"measure","auc",0.715617139387631
"sunitinib","classification","lasso",3,1,1,"alpha","1",0.706133807499928
"sunitinib","classification","lasso",3,1,1,"lambda","0.1401832999",0.706133807499928
"sunitinib","classification","lasso",3,1,1,"measure","auc",0.706133807499928
"sunitinib","classification","enet",3,1,1,"alpha","0.1",0.720997773730014
"sunitinib","classification","enet",3,1,1,"lambda","0.6659842456",0.720997773730014
"sunitinib","classification","enet",3,1,1,"measure","auc",0.720997773730014
"sunitinib","classification","enet",3,1,2,"alpha","0.2",0.712422297394975
"sunitinib","classification","enet",3,1,2,"lambda","0.1090399077",0.712422297394975
"sunitinib","classification","enet",3,1,2,"measure","auc",0.712422297394975
"sunitinib","classification","enet",3,1,3,"alpha","0.3",0.713818775840634
"sunitinib","classification","enet",3,1,3,"lambda","0.4895274441",0.713818775840634
"sunitinib","classification","enet",3,1,3,"measure","auc",0.713818775840634
"sunitinib","classification","enet",3,1,4,"alpha","0.4",0.715797843120248
"sunitinib","classification","enet",3,1,4,"lambda","0.367145583",0.715797843120248
"sunitinib","classification","enet",3,1,4,"measure","auc",0.715797843120248
"sunitinib","classification","enet",3,1,5,"alpha","0.5",0.718219273137306
"sunitinib","classification","enet",3,1,5,"lambda","0.2937164664",0.718219273137306
"sunitinib","classification","enet",3,1,5,"measure","auc",0.718219273137306
"sunitinib","classification","enet",3,1,6,"alpha","0.6",0.717431404863099
"sunitinib","classification","enet",3,1,6,"lambda","0.244763722",0.717431404863099
"sunitinib","classification","enet",3,1,6,"measure","auc",0.717431404863099
"sunitinib","classification","enet",3,1,7,"alpha","0.7",0.714193193974615
"sunitinib","classification","enet",3,1,7,"lambda","0.209797476",0.714193193974615
"sunitinib","classification","enet",3,1,7,"measure","auc",0.714193193974615
"sunitinib","classification","enet",3,1,8,"alpha","0.8",0.712595772978287
"sunitinib","classification","enet",3,1,8,"lambda","0.1835727915",0.712595772978287
"sunitinib","classification","enet",3,1,8,"measure","auc",0.712595772978287
"sunitinib","classification","enet",3,1,9,"alpha","0.9",0.705317026628502
"sunitinib","classification","enet",3,1,9,"lambda","0.1557592221",0.705317026628502
"sunitinib","classification","enet",3,1,9,"measure","auc",0.705317026628502
"sunitinib","classification","svm_linear",3,1,1,"cost","0.01",0.629423868312757
"sunitinib","classification","svm_linear",3,1,2,"cost","0.1",0.562639623750735
"sunitinib","classification","svm_linear",3,1,3,"cost","1",0.54793062904174
"sunitinib","classification","svm_linear",3,1,4,"cost","10",0.54793062904174
"sunitinib","classification","svm_linear",3,1,5,"cost","100",0.54793062904174
"sunitinib","classification","rf",3,2,1,"mtry","14",0.688106995884774
"sunitinib","classification","rf",3,2,1,"min.node.size","3",0.688106995884774
"sunitinib","classification","rf",3,2,1,"sample.fraction","0.55",0.688106995884774
"sunitinib","classification","rf",3,2,1,"max.depth","0",0.688106995884774
"sunitinib","classification","rf",3,2,1,"num.trees","500",0.688106995884774
"sunitinib","classification","rf",3,2,2,"mtry","50",0.669782480893592
"sunitinib","classification","rf",3,2,2,"min.node.size","5",0.669782480893592
"sunitinib","classification","rf",3,2,2,"sample.fraction","0.75",0.669782480893592
"sunitinib","classification","rf",3,2,2,"max.depth","0",0.669782480893592
"sunitinib","classification","rf",3,2,2,"num.trees","500",0.669782480893592
"sunitinib","classification","rf",3,2,3,"mtry","20",0.68216049382716
"sunitinib","classification","rf",3,2,3,"min.node.size","1",0.68216049382716
"sunitinib","classification","rf",3,2,3,"sample.fraction","0.55",0.68216049382716
"sunitinib","classification","rf",3,2,3,"max.depth","20",0.68216049382716
"sunitinib","classification","rf",3,2,3,"num.trees","500",0.68216049382716
"sunitinib","classification","rf",3,2,4,"mtry","10",0.673733098177543
"sunitinib","classification","rf",3,2,4,"min.node.size","3",0.673733098177543
"sunitinib","classification","rf",3,2,4,"sample.fraction","0.55",0.673733098177543
"sunitinib","classification","rf",3,2,4,"max.depth","20",0.673733098177543
"sunitinib","classification","rf",3,2,4,"num.trees","500",0.673733098177543
"sunitinib","classification","rf",3,2,5,"mtry","10",0.685420340975897
"sunitinib","classification","rf",3,2,5,"min.node.size","3",0.685420340975897
"sunitinib","classification","rf",3,2,5,"sample.fraction","0.632",0.685420340975897
"sunitinib","classification","rf",3,2,5,"max.depth","20",0.685420340975897
"sunitinib","classification","rf",3,2,5,"num.trees","500",0.685420340975897
"sunitinib","classification","rf",3,2,6,"mtry","50",0.703968253968254
"sunitinib","classification","rf",3,2,6,"min.node.size","3",0.703968253968254
"sunitinib","classification","rf",3,2,6,"sample.fraction","0.632",0.703968253968254
"sunitinib","classification","rf",3,2,6,"max.depth","20",0.703968253968254
"sunitinib","classification","rf",3,2,6,"num.trees","500",0.703968253968254
"sunitinib","classification","rf",3,2,7,"mtry","35",0.69652557319224
"sunitinib","classification","rf",3,2,7,"min.node.size","10",0.69652557319224
"sunitinib","classification","rf",3,2,7,"sample.fraction","0.75",0.69652557319224
"sunitinib","classification","rf",3,2,7,"max.depth","20",0.69652557319224
"sunitinib","classification","rf",3,2,7,"num.trees","500",0.69652557319224
"sunitinib","classification","rf",3,2,8,"mtry","10",0.675373309817754
"sunitinib","classification","rf",3,2,8,"min.node.size","5",0.675373309817754
"sunitinib","classification","rf",3,2,8,"sample.fraction","0.55",0.675373309817754
"sunitinib","classification","rf",3,2,8,"max.depth","30",0.675373309817754
"sunitinib","classification","rf",3,2,8,"num.trees","500",0.675373309817754
"sunitinib","classification","rf",3,2,9,"mtry","5",0.676657848324515
"sunitinib","classification","rf",3,2,9,"min.node.size","1",0.676657848324515
"sunitinib","classification","rf",3,2,9,"sample.fraction","0.75",0.676657848324515
"sunitinib","classification","rf",3,2,9,"max.depth","30",0.676657848324515
"sunitinib","classification","rf",3,2,9,"num.trees","500",0.676657848324515
"sunitinib","classification","rf",3,2,10,"mtry","10",0.678544973544974
"sunitinib","classification","rf",3,2,10,"min.node.size","1",0.678544973544974
"sunitinib","classification","rf",3,2,10,"sample.fraction","0.75",0.678544973544974
"sunitinib","classification","rf",3,2,10,"max.depth","30",0.678544973544974
"sunitinib","classification","rf",3,2,10,"num.trees","500",0.678544973544974
"sunitinib","classification","rf",3,2,11,"mtry","5",0.673180482069371
"sunitinib","classification","rf",3,2,11,"min.node.size","3",0.673180482069371
"sunitinib","classification","rf",3,2,11,"sample.fraction","0.75",0.673180482069371
"sunitinib","classification","rf",3,2,11,"max.depth","30",0.673180482069371
"sunitinib","classification","rf",3,2,11,"num.trees","500",0.673180482069371
"sunitinib","classification","rf",3,2,12,"mtry","14",0.683139329805996
"sunitinib","classification","rf",3,2,12,"min.node.size","5",0.683139329805996
"sunitinib","classification","rf",3,2,12,"sample.fraction","0.55",0.683139329805996
"sunitinib","classification","rf",3,2,12,"max.depth","40",0.683139329805996
"sunitinib","classification","rf",3,2,12,"num.trees","500",0.683139329805996
"sunitinib","classification","ridge",3,2,1,"alpha","0",0.692391650041923
"sunitinib","classification","ridge",3,2,1,"lambda","136.9464689",0.692391650041923
"sunitinib","classification","ridge",3,2,1,"measure","auc",0.692391650041923
"sunitinib","classification","lasso",3,2,1,"alpha","1",0.687991152745251
"sunitinib","classification","lasso",3,2,1,"lambda","0.07480395769",0.687991152745251
"sunitinib","classification","lasso",3,2,1,"measure","auc",0.687991152745251
"sunitinib","classification","enet",3,2,1,"alpha","0.1",0.698707606904328
"sunitinib","classification","enet",3,2,1,"lambda","0.7480395769",0.698707606904328
"sunitinib","classification","enet",3,2,1,"measure","auc",0.698707606904328
"sunitinib","classification","enet",3,2,2,"alpha","0.2",0.697302454679504
"sunitinib","classification","enet",3,2,2,"lambda","0.3918290222",0.697302454679504
"sunitinib","classification","enet",3,2,2,"measure","auc",0.697302454679504
"sunitinib","classification","enet",3,2,3,"alpha","0.3",0.690123456790123
"sunitinib","classification","enet",3,2,3,"lambda","0.2612193482",0.690123456790123
"sunitinib","classification","enet",3,2,3,"measure","auc",0.690123456790123
"sunitinib","classification","enet",3,2,4,"alpha","0.4",0.686853442044699
"sunitinib","classification","enet",3,2,4,"lambda","0.2052431281",0.686853442044699
"sunitinib","classification","enet",3,2,4,"measure","auc",0.686853442044699
"sunitinib","classification","enet",3,2,5,"alpha","0.5",0.686906930349553
"sunitinib","classification","enet",3,2,5,"lambda","0.1641945024",0.686906930349553
"sunitinib","classification","enet",3,2,5,"measure","auc",0.686906930349553
"sunitinib","classification","enet",3,2,6,"alpha","0.6",0.68770925492237
"sunitinib","classification","enet",3,2,6,"lambda","0.136828752",0.68770925492237
"sunitinib","classification","enet",3,2,6,"measure","auc",0.68770925492237
"sunitinib","classification","enet",3,2,7,"alpha","0.7",0.687816231532078
"sunitinib","classification","enet",3,2,7,"lambda","0.1172817875",0.687816231532078
"sunitinib","classification","enet",3,2,7,"measure","auc",0.687816231532078
"sunitinib","classification","enet",3,2,8,"alpha","0.8",0.687074623413421
"sunitinib","classification","enet",3,2,8,"lambda","0.09350494712",0.687074623413421
"sunitinib","classification","enet",3,2,8,"measure","auc",0.687074623413421
"sunitinib","classification","enet",3,2,9,"alpha","0.9",0.687930436291092
"sunitinib","classification","enet",3,2,9,"lambda","0.08311550855",0.687930436291092
"sunitinib","classification","enet",3,2,9,"measure","auc",0.687930436291092
"sunitinib","classification","svm_linear",3,2,1,"cost","0.01",0.578453850676073
"sunitinib","classification","svm_linear",3,2,2,"cost","0.1",0.560828924162257
"sunitinib","classification","svm_linear",3,2,3,"cost","1",0.596149323927102
"sunitinib","classification","svm_linear",3,2,4,"cost","10",0.596149323927102
"sunitinib","classification","svm_linear",3,2,5,"cost","100",0.596149323927102
"sunitinib","classification","rf",3,3,1,"mtry","10",0.707082598471487
"sunitinib","classification","rf",3,3,1,"min.node.size","1",0.707082598471487
"sunitinib","classification","rf",3,3,1,"sample.fraction","0.632",0.707082598471487
"sunitinib","classification","rf",3,3,1,"max.depth","0",0.707082598471487
"sunitinib","classification","rf",3,3,1,"num.trees","500",0.707082598471487
"sunitinib","classification","rf",3,3,2,"mtry","14",0.717951205173427
"sunitinib","classification","rf",3,3,2,"min.node.size","10",0.717951205173427
"sunitinib","classification","rf",3,3,2,"sample.fraction","0.632",0.717951205173427
"sunitinib","classification","rf",3,3,2,"max.depth","0",0.717951205173427
"sunitinib","classification","rf",3,3,2,"num.trees","500",0.717951205173427
"sunitinib","classification","rf",3,3,3,"mtry","14",0.709935332157554
"sunitinib","classification","rf",3,3,3,"min.node.size","1",0.709935332157554
"sunitinib","classification","rf",3,3,3,"sample.fraction","0.55",0.709935332157554
"sunitinib","classification","rf",3,3,3,"max.depth","20",0.709935332157554
"sunitinib","classification","rf",3,3,3,"num.trees","500",0.709935332157554
"sunitinib","classification","rf",3,3,4,"mtry","10",0.708233392122281
"sunitinib","classification","rf",3,3,4,"min.node.size","3",0.708233392122281
"sunitinib","classification","rf",3,3,4,"sample.fraction","0.55",0.708233392122281
"sunitinib","classification","rf",3,3,4,"max.depth","20",0.708233392122281
"sunitinib","classification","rf",3,3,4,"num.trees","500",0.708233392122281
"sunitinib","classification","rf",3,3,5,"mtry","50",0.718609641387419
"sunitinib","classification","rf",3,3,5,"min.node.size","10",0.718609641387419
"sunitinib","classification","rf",3,3,5,"sample.fraction","0.55",0.718609641387419
"sunitinib","classification","rf",3,3,5,"max.depth","20",0.718609641387419
"sunitinib","classification","rf",3,3,5,"num.trees","500",0.718609641387419
"sunitinib","classification","rf",3,3,6,"mtry","10",0.707082598471487
"sunitinib","classification","rf",3,3,6,"min.node.size","1",0.707082598471487
"sunitinib","classification","rf",3,3,6,"sample.fraction","0.632",0.707082598471487
"sunitinib","classification","rf",3,3,6,"max.depth","20",0.707082598471487
"sunitinib","classification","rf",3,3,6,"num.trees","500",0.707082598471487
"sunitinib","classification","rf",3,3,7,"mtry","50",0.705049970605526
"sunitinib","classification","rf",3,3,7,"min.node.size","5",0.705049970605526
"sunitinib","classification","rf",3,3,7,"sample.fraction","0.632",0.705049970605526
"sunitinib","classification","rf",3,3,7,"max.depth","20",0.705049970605526
"sunitinib","classification","rf",3,3,7,"num.trees","500",0.705049970605526
"sunitinib","classification","rf",3,3,8,"mtry","10",0.709185773074662
"sunitinib","classification","rf",3,3,8,"min.node.size","3",0.709185773074662
"sunitinib","classification","rf",3,3,8,"sample.fraction","0.75",0.709185773074662
"sunitinib","classification","rf",3,3,8,"max.depth","20",0.709185773074662
"sunitinib","classification","rf",3,3,8,"num.trees","500",0.709185773074662
"sunitinib","classification","rf",3,3,9,"mtry","35",0.7104379776602
"sunitinib","classification","rf",3,3,9,"min.node.size","5",0.7104379776602
"sunitinib","classification","rf",3,3,9,"sample.fraction","0.55",0.7104379776602
"sunitinib","classification","rf",3,3,9,"max.depth","30",0.7104379776602
"sunitinib","classification","rf",3,3,9,"num.trees","500",0.7104379776602
"sunitinib","classification","rf",3,3,10,"mtry","14",0.711643151087596
"sunitinib","classification","rf",3,3,10,"min.node.size","3",0.711643151087596
"sunitinib","classification","rf",3,3,10,"sample.fraction","0.75",0.711643151087596
"sunitinib","classification","rf",3,3,10,"max.depth","30",0.711643151087596
"sunitinib","classification","rf",3,3,10,"num.trees","500",0.711643151087596
"sunitinib","classification","rf",3,3,11,"mtry","14",0.708350970017637
"sunitinib","classification","rf",3,3,11,"min.node.size","1",0.708350970017637
"sunitinib","classification","rf",3,3,11,"sample.fraction","0.632",0.708350970017637
"sunitinib","classification","rf",3,3,11,"max.depth","40",0.708350970017637
"sunitinib","classification","rf",3,3,11,"num.trees","500",0.708350970017637
"sunitinib","classification","rf",3,3,12,"mtry","35",0.70575543797766
"sunitinib","classification","rf",3,3,12,"min.node.size","5",0.70575543797766
"sunitinib","classification","rf",3,3,12,"sample.fraction","0.632",0.70575543797766
"sunitinib","classification","rf",3,3,12,"max.depth","40",0.70575543797766
"sunitinib","classification","rf",3,3,12,"num.trees","500",0.70575543797766
"sunitinib","classification","ridge",3,3,1,"alpha","0",0.749065447435013
"sunitinib","classification","ridge",3,3,1,"lambda","3.050100399",0.749065447435013
"sunitinib","classification","ridge",3,3,1,"measure","auc",0.749065447435013
"sunitinib","classification","lasso",3,3,1,"alpha","1",0.743207959512307
"sunitinib","classification","lasso",3,3,1,"lambda","0.02979978461",0.743207959512307
"sunitinib","classification","lasso",3,3,1,"measure","auc",0.743207959512307
"sunitinib","classification","enet",3,3,1,"alpha","0.1",0.73913906142167
"sunitinib","classification","enet",3,3,1,"lambda","0.2979978461",0.73913906142167
"sunitinib","classification","enet",3,3,1,"measure","auc",0.73913906142167
"sunitinib","classification","enet",3,3,2,"alpha","0.2",0.744700368069933
"sunitinib","classification","enet",3,3,2,"lambda","0.1237015235",0.744700368069933
"sunitinib","classification","enet",3,3,2,"measure","auc",0.744700368069933
"sunitinib","classification","enet",3,3,3,"alpha","0.3",0.740477628249367
"sunitinib","classification","enet",3,3,3,"lambda","0.07172618449",0.740477628249367
"sunitinib","classification","enet",3,3,3,"measure","auc",0.740477628249367
"sunitinib","classification","enet",3,3,4,"alpha","0.4",0.744346675868415
"sunitinib","classification","enet",3,3,4,"lambda","0.06479583236",0.744346675868415
"sunitinib","classification","enet",3,3,4,"measure","auc",0.744346675868415
"sunitinib","classification","enet",3,3,5,"alpha","0.5",0.744970669427191
"sunitinib","classification","enet",3,3,5,"lambda","0.05959956922",0.744970669427191
"sunitinib","classification","enet",3,3,5,"measure","auc",0.744970669427191
"sunitinib","classification","enet",3,3,6,"alpha","0.6",0.743435127674258
"sunitinib","classification","enet",3,3,6,"lambda","0.04740889735",0.743435127674258
"sunitinib","classification","enet",3,3,6,"measure","auc",0.743435127674258
"sunitinib","classification","enet",3,3,7,"alpha","0.7",0.746580975385323
"sunitinib","classification","enet",3,3,7,"lambda","0.0467217526",0.746580975385323
"sunitinib","classification","enet",3,3,7,"measure","auc",0.746580975385323
"sunitinib","classification","enet",3,3,8,"alpha","0.8",0.744849896480331
"sunitinib","classification","enet",3,3,8,"lambda","0.04486743258",0.744849896480331
"sunitinib","classification","enet",3,3,8,"measure","auc",0.744849896480331
"sunitinib","classification","enet",3,3,9,"alpha","0.9",0.743193581780538
"sunitinib","classification","enet",3,3,9,"lambda","0.03806945646",0.743193581780538
"sunitinib","classification","enet",3,3,9,"measure","auc",0.743193581780538
"sunitinib","classification","svm_linear",3,3,1,"cost","0.01",0.658377425044092
"sunitinib","classification","svm_linear",3,3,2,"cost","0.1",0.636022927689594
"sunitinib","classification","svm_linear",3,3,3,"cost","1",0.647136978248089
"sunitinib","classification","svm_linear",3,3,4,"cost","10",0.647136978248089
"sunitinib","classification","svm_linear",3,3,5,"cost","100",0.647136978248089
"sunitinib","classification","rf",3,4,1,"mtry","35",0.703891828336273
"sunitinib","classification","rf",3,4,1,"min.node.size","3",0.703891828336273
"sunitinib","classification","rf",3,4,1,"sample.fraction","0.632",0.703891828336273
"sunitinib","classification","rf",3,4,1,"max.depth","0",0.703891828336273
"sunitinib","classification","rf",3,4,1,"num.trees","500",0.703891828336273
"sunitinib","classification","rf",3,4,2,"mtry","14",0.703562610229277
"sunitinib","classification","rf",3,4,2,"min.node.size","3",0.703562610229277
"sunitinib","classification","rf",3,4,2,"sample.fraction","0.75",0.703562610229277
"sunitinib","classification","rf",3,4,2,"max.depth","0",0.703562610229277
"sunitinib","classification","rf",3,4,2,"num.trees","500",0.703562610229277
"sunitinib","classification","rf",3,4,3,"mtry","10",0.695661375661376
"sunitinib","classification","rf",3,4,3,"min.node.size","3",0.695661375661376
"sunitinib","classification","rf",3,4,3,"sample.fraction","0.55",0.695661375661376
"sunitinib","classification","rf",3,4,3,"max.depth","20",0.695661375661376
"sunitinib","classification","rf",3,4,3,"num.trees","500",0.695661375661376
"sunitinib","classification","rf",3,4,4,"mtry","5",0.692757201646091
"sunitinib","classification","rf",3,4,4,"min.node.size","5",0.692757201646091
"sunitinib","classification","rf",3,4,4,"sample.fraction","0.75",0.692757201646091
"sunitinib","classification","rf",3,4,4,"max.depth","20",0.692757201646091
"sunitinib","classification","rf",3,4,4,"num.trees","500",0.692757201646091
"sunitinib","classification","rf",3,4,5,"mtry","20",0.69710758377425
"sunitinib","classification","rf",3,4,5,"min.node.size","10",0.69710758377425
"sunitinib","classification","rf",3,4,5,"sample.fraction","0.75",0.69710758377425
"sunitinib","classification","rf",3,4,5,"max.depth","20",0.69710758377425
"sunitinib","classification","rf",3,4,5,"num.trees","500",0.69710758377425
"sunitinib","classification","rf",3,4,6,"mtry","14",0.69126102292769
"sunitinib","classification","rf",3,4,6,"min.node.size","1",0.69126102292769
"sunitinib","classification","rf",3,4,6,"sample.fraction","0.632",0.69126102292769
"sunitinib","classification","rf",3,4,6,"max.depth","30",0.69126102292769
"sunitinib","classification","rf",3,4,6,"num.trees","500",0.69126102292769
"sunitinib","classification","rf",3,4,7,"mtry","35",0.668977072310406
"sunitinib","classification","rf",3,4,7,"min.node.size","3",0.668977072310406
"sunitinib","classification","rf",3,4,7,"sample.fraction","0.55",0.668977072310406
"sunitinib","classification","rf",3,4,7,"max.depth","40",0.668977072310406
"sunitinib","classification","rf",3,4,7,"num.trees","500",0.668977072310406
"sunitinib","classification","rf",3,4,8,"mtry","50",0.691355085243974
"sunitinib","classification","rf",3,4,8,"min.node.size","3",0.691355085243974
"sunitinib","classification","rf",3,4,8,"sample.fraction","0.55",0.691355085243974
"sunitinib","classification","rf",3,4,8,"max.depth","40",0.691355085243974
"sunitinib","classification","rf",3,4,8,"num.trees","500",0.691355085243974
"sunitinib","classification","rf",3,4,9,"mtry","14",0.69126102292769
"sunitinib","classification","rf",3,4,9,"min.node.size","1",0.69126102292769
"sunitinib","classification","rf",3,4,9,"sample.fraction","0.632",0.69126102292769
"sunitinib","classification","rf",3,4,9,"max.depth","40",0.69126102292769
"sunitinib","classification","rf",3,4,9,"num.trees","500",0.69126102292769
"sunitinib","classification","rf",3,4,10,"mtry","50",0.697045855379189
"sunitinib","classification","rf",3,4,10,"min.node.size","1",0.697045855379189
"sunitinib","classification","rf",3,4,10,"sample.fraction","0.632",0.697045855379189
"sunitinib","classification","rf",3,4,10,"max.depth","40",0.697045855379189
"sunitinib","classification","rf",3,4,10,"num.trees","500",0.697045855379189
"sunitinib","classification","rf",3,4,11,"mtry","10",0.685473251028807
"sunitinib","classification","rf",3,4,11,"min.node.size","10",0.685473251028807
"sunitinib","classification","rf",3,4,11,"sample.fraction","0.632",0.685473251028807
"sunitinib","classification","rf",3,4,11,"max.depth","40",0.685473251028807
"sunitinib","classification","rf",3,4,11,"num.trees","500",0.685473251028807
"sunitinib","classification","rf",3,4,12,"mtry","35",0.696707818930041
"sunitinib","classification","rf",3,4,12,"min.node.size","10",0.696707818930041
"sunitinib","classification","rf",3,4,12,"sample.fraction","0.632",0.696707818930041
"sunitinib","classification","rf",3,4,12,"max.depth","40",0.696707818930041
"sunitinib","classification","rf",3,4,12,"num.trees","500",0.696707818930041
"sunitinib","classification","ridge",3,4,1,"alpha","0",0.700141671726371
"sunitinib","classification","ridge",3,4,1,"lambda","1.672358657",0.700141671726371
"sunitinib","classification","ridge",3,4,1,"measure","auc",0.700141671726371
"sunitinib","classification","lasso",3,4,1,"alpha","1",0.706378118946425
"sunitinib","classification","lasso",3,4,1,"lambda","0.1152691952",0.706378118946425
"sunitinib","classification","lasso",3,4,1,"measure","auc",0.706378118946425
"sunitinib","classification","enet",3,4,1,"alpha","0.1",0.701873536299766
"sunitinib","classification","enet",3,4,1,"lambda","0.2991263524",0.701873536299766
"sunitinib","classification","enet",3,4,1,"measure","auc",0.701873536299766
"sunitinib","classification","enet",3,4,2,"alpha","0.2",0.701671148119236
"sunitinib","classification","enet",3,4,2,"lambda","0.6037891236",0.701671148119236
"sunitinib","classification","enet",3,4,2,"measure","auc",0.701671148119236
"sunitinib","classification","enet",3,4,3,"alpha","0.3",0.7054688177639
"sunitinib","classification","enet",3,4,3,"lambda","0.4025260824",0.7054688177639
"sunitinib","classification","enet",3,4,3,"measure","auc",0.7054688177639
"sunitinib","classification","enet",3,4,4,"alpha","0.4",0.70542255760835
"sunitinib","classification","enet",3,4,4,"lambda","0.3018945618",0.70542255760835
"sunitinib","classification","enet",3,4,4,"measure","auc",0.70542255760835
"sunitinib","classification","enet",3,4,5,"alpha","0.5",0.704727209645242
"sunitinib","classification","enet",3,4,5,"lambda","0.2415156494",0.704727209645242
"sunitinib","classification","enet",3,4,5,"measure","auc",0.704727209645242
"sunitinib","classification","enet",3,4,6,"alpha","0.6",0.70633908694018
"sunitinib","classification","enet",3,4,6,"lambda","0.2012630412",0.70633908694018
"sunitinib","classification","enet",3,4,6,"measure","auc",0.70633908694018
"sunitinib","classification","enet",3,4,7,"alpha","0.7",0.707922051637899
"sunitinib","classification","enet",3,4,7,"lambda","0.1646702789",0.707922051637899
"sunitinib","classification","enet",3,4,7,"measure","auc",0.707922051637899
"sunitinib","classification","enet",3,4,8,"alpha","0.8",0.708678116055165
"sunitinib","classification","enet",3,4,8,"lambda","0.144086494",0.708678116055165
"sunitinib","classification","enet",3,4,8,"measure","auc",0.708678116055165
"sunitinib","classification","enet",3,4,9,"alpha","0.9",0.707126955214387
"sunitinib","classification","enet",3,4,9,"lambda","0.1280768836",0.707126955214387
"sunitinib","classification","enet",3,4,9,"measure","auc",0.707126955214387
"sunitinib","classification","svm_linear",3,4,1,"cost","0.01",0.596072898295121
"sunitinib","classification","svm_linear",3,4,2,"cost","0.1",0.597395649617872
"sunitinib","classification","svm_linear",3,4,3,"cost","1",0.582380952380952
"sunitinib","classification","svm_linear",3,4,4,"cost","10",0.582380952380952
"sunitinib","classification","svm_linear",3,4,5,"cost","100",0.582380952380952
"sunitinib","classification","rf",3,5,1,"mtry","5",0.684359200470312
"sunitinib","classification","rf",3,5,1,"min.node.size","3",0.684359200470312
"sunitinib","classification","rf",3,5,1,"sample.fraction","0.55",0.684359200470312
"sunitinib","classification","rf",3,5,1,"max.depth","0",0.684359200470312
"sunitinib","classification","rf",3,5,1,"num.trees","500",0.684359200470312
"sunitinib","classification","rf",3,5,2,"mtry","5",0.684179894179894
"sunitinib","classification","rf",3,5,2,"min.node.size","3",0.684179894179894
"sunitinib","classification","rf",3,5,2,"sample.fraction","0.632",0.684179894179894
"sunitinib","classification","rf",3,5,2,"max.depth","0",0.684179894179894
"sunitinib","classification","rf",3,5,2,"num.trees","500",0.684179894179894
"sunitinib","classification","rf",3,5,3,"mtry","10",0.68880658436214
"sunitinib","classification","rf",3,5,3,"min.node.size","5",0.68880658436214
"sunitinib","classification","rf",3,5,3,"sample.fraction","0.632",0.68880658436214
"sunitinib","classification","rf",3,5,3,"max.depth","0",0.68880658436214
"sunitinib","classification","rf",3,5,3,"num.trees","500",0.68880658436214
"sunitinib","classification","rf",3,5,4,"mtry","5",0.685949441504997
"sunitinib","classification","rf",3,5,4,"min.node.size","10",0.685949441504997
"sunitinib","classification","rf",3,5,4,"sample.fraction","0.632",0.685949441504997
"sunitinib","classification","rf",3,5,4,"max.depth","0",0.685949441504997
"sunitinib","classification","rf",3,5,4,"num.trees","500",0.685949441504997
"sunitinib","classification","rf",3,5,5,"mtry","35",0.678853615520282
"sunitinib","classification","rf",3,5,5,"min.node.size","10",0.678853615520282
"sunitinib","classification","rf",3,5,5,"sample.fraction","0.75",0.678853615520282
"sunitinib","classification","rf",3,5,5,"max.depth","20",0.678853615520282
"sunitinib","classification","rf",3,5,5,"num.trees","500",0.678853615520282
"sunitinib","classification","rf",3,5,6,"mtry","14",0.682663139329806
"sunitinib","classification","rf",3,5,6,"min.node.size","3",0.682663139329806
"sunitinib","classification","rf",3,5,6,"sample.fraction","0.75",0.682663139329806
"sunitinib","classification","rf",3,5,6,"max.depth","30",0.682663139329806
"sunitinib","classification","rf",3,5,6,"num.trees","500",0.682663139329806
"sunitinib","classification","rf",3,5,7,"mtry","14",0.681675485008818
"sunitinib","classification","rf",3,5,7,"min.node.size","5",0.681675485008818
"sunitinib","classification","rf",3,5,7,"sample.fraction","0.75",0.681675485008818
"sunitinib","classification","rf",3,5,7,"max.depth","30",0.681675485008818
"sunitinib","classification","rf",3,5,7,"num.trees","500",0.681675485008818
"sunitinib","classification","rf",3,5,8,"mtry","10",0.692304526748971
"sunitinib","classification","rf",3,5,8,"min.node.size","10",0.692304526748971
"sunitinib","classification","rf",3,5,8,"sample.fraction","0.75",0.692304526748971
"sunitinib","classification","rf",3,5,8,"max.depth","30",0.692304526748971
"sunitinib","classification","rf",3,5,8,"num.trees","500",0.692304526748971
"sunitinib","classification","rf",3,5,9,"mtry","35",0.691393298059965
"sunitinib","classification","rf",3,5,9,"min.node.size","5",0.691393298059965
"sunitinib","classification","rf",3,5,9,"sample.fraction","0.55",0.691393298059965
"sunitinib","classification","rf",3,5,9,"max.depth","40",0.691393298059965
"sunitinib","classification","rf",3,5,9,"num.trees","500",0.691393298059965
"sunitinib","classification","rf",3,5,10,"mtry","50",0.679929453262787
"sunitinib","classification","rf",3,5,10,"min.node.size","3",0.679929453262787
"sunitinib","classification","rf",3,5,10,"sample.fraction","0.632",0.679929453262787
"sunitinib","classification","rf",3,5,10,"max.depth","40",0.679929453262787
"sunitinib","classification","rf",3,5,10,"num.trees","500",0.679929453262787
"sunitinib","classification","rf",3,5,11,"mtry","50",0.677954144620811
"sunitinib","classification","rf",3,5,11,"min.node.size","10",0.677954144620811
"sunitinib","classification","rf",3,5,11,"sample.fraction","0.632",0.677954144620811
"sunitinib","classification","rf",3,5,11,"max.depth","40",0.677954144620811
"sunitinib","classification","rf",3,5,11,"num.trees","500",0.677954144620811
"sunitinib","classification","rf",3,5,12,"mtry","35",0.678853615520282
"sunitinib","classification","rf",3,5,12,"min.node.size","10",0.678853615520282
"sunitinib","classification","rf",3,5,12,"sample.fraction","0.75",0.678853615520282
"sunitinib","classification","rf",3,5,12,"max.depth","40",0.678853615520282
"sunitinib","classification","rf",3,5,12,"num.trees","500",0.678853615520282
"sunitinib","classification","ridge",3,5,1,"alpha","0",0.6700436580218
"sunitinib","classification","ridge",3,5,1,"lambda","3.972953669",0.6700436580218
"sunitinib","classification","ridge",3,5,1,"measure","auc",0.6700436580218
"sunitinib","classification","lasso",3,5,1,"alpha","1",0.682716772197647
"sunitinib","classification","lasso",3,5,1,"lambda","0.1185389225",0.682716772197647
"sunitinib","classification","lasso",3,5,1,"measure","auc",0.682716772197647
"sunitinib","classification","enet",3,5,1,"alpha","0.1",0.689841558967242
"sunitinib","classification","enet",3,5,1,"lambda","1.080082513",0.689841558967242
"sunitinib","classification","enet",3,5,1,"measure","auc",0.689841558967242
"sunitinib","classification","enet",3,5,2,"alpha","0.2",0.693767889669529
"sunitinib","classification","enet",3,5,2,"lambda","0.5154955481",0.693767889669529
"sunitinib","classification","enet",3,5,2,"measure","auc",0.693767889669529
"sunitinib","classification","enet",3,5,3,"alpha","0.3",0.688953942232631
"sunitinib","classification","enet",3,5,3,"lambda","0.3436636987",0.688953942232631
"sunitinib","classification","enet",3,5,3,"measure","auc",0.688953942232631
"sunitinib","classification","enet",3,5,4,"alpha","0.4",0.686600456819036
"sunitinib","classification","enet",3,5,4,"lambda","0.2460327399",0.686600456819036
"sunitinib","classification","enet",3,5,4,"measure","auc",0.686600456819036
"sunitinib","classification","enet",3,5,5,"alpha","0.5",0.68279989591465
"sunitinib","classification","enet",3,5,5,"lambda","0.2061982192",0.68279989591465
"sunitinib","classification","enet",3,5,5,"measure","auc",0.68279989591465
"sunitinib","classification","enet",3,5,6,"alpha","0.6",0.682484748604967
"sunitinib","classification","enet",3,5,6,"lambda","0.0938593196",0.682484748604967
"sunitinib","classification","enet",3,5,6,"measure","auc",0.682484748604967
"sunitinib","classification","enet",3,5,7,"alpha","0.7",0.680177523346922
"sunitinib","classification","enet",3,5,7,"lambda","0.08428157294",0.680177523346922
"sunitinib","classification","enet",3,5,7,"measure","auc",0.680177523346922
"sunitinib","classification","enet",3,5,8,"alpha","0.8",0.679360742475497
"sunitinib","classification","enet",3,5,8,"lambda","0.07725786554",0.679360742475497
"sunitinib","classification","enet",3,5,8,"measure","auc",0.679360742475497
"sunitinib","classification","enet",3,5,9,"alpha","0.9",0.680972619770434
"sunitinib","classification","enet",3,5,9,"lambda","0.06867365826",0.680972619770434
"sunitinib","classification","enet",3,5,9,"measure","auc",0.680972619770434
"sunitinib","classification","svm_linear",3,5,1,"cost","0.01",0.593903586125808
"sunitinib","classification","svm_linear",3,5,2,"cost","0.1",0.53151087595532
"sunitinib","classification","svm_linear",3,5,3,"cost","1",0.532181069958848
"sunitinib","classification","svm_linear",3,5,4,"cost","10",0.532181069958848
"sunitinib","classification","svm_linear",3,5,5,"cost","100",0.532181069958848
