"drug","task","model","repeat","fold","candidate","parameter","value","inner_score"
"paclitaxel","regression","rf",1,1,1,"mtry","5",0.193217396836228
"paclitaxel","regression","rf",1,1,1,"min.node.size","5",0.193217396836228
"paclitaxel","regression","rf",1,1,1,"sample.fraction","0.55",0.193217396836228
"paclitaxel","regression","rf",1,1,1,"max.depth","0",0.193217396836228
"paclitaxel","regression","rf",1,1,1,"num.trees","500",0.193217396836228
"paclitaxel","regression","rf",1,1,2,"mtry","35",0.193631119783338
"paclitaxel","regression","rf",1,1,2,"min.node.size","5",0.193631119783338
"paclitaxel","regression","rf",1,1,2,"sample.fraction","0.632",0.193631119783338
"paclitaxel","regression","rf",1,1,2,"max.depth","0",0.193631119783338
"paclitaxel","regression","rf",1,1,2,"num.trees","500",0.193631119783338
"paclitaxel","regression","rf",1,1,3,"mtry","5",0.192589725977309
"paclitaxel","regression","rf",1,1,3,"min.node.size","10",0.192589725977309
"paclitaxel","regression","rf",1,1,3,"sample.fraction","0.75",0.192589725977309
"paclitaxel","regression","rf",1,1,3,"max.depth","0",0.192589725977309
"paclitaxel","regression","rf",1,1,3,"num.trees","500",0.192589725977309
"paclitaxel","regression","rf",1,1,4,"mtry","35",0.19293497279172
"paclitaxel","regression","rf",1,1,4,"min.node.size","10",0.19293497279172
"paclitaxel","regression","rf",1,1,4,"sample.fraction","0.75",0.19293497279172
"paclitaxel","regression","rf",1,1,4,"max.depth","0",0.19293497279172
"paclitaxel","regression","rf",1,1,4,"num.trees","500",0.19293497279172
"paclitaxel","regression","rf",1,1,5,"mtry","10",0.192029219135844
"paclitaxel","regression","rf",1,1,5,"min.node.size","3",0.192029219135844
"paclitaxel","regression","rf",1,1,5,"sample.fraction","0.632",0.192029219135844
"paclitaxel","regression","rf",1,1,5,"max.depth","20",0.192029219135844
"paclitaxel","regression","rf",1,1,5,"num.trees","500",0.192029219135844
"paclitaxel","regression","rf",1,1,6,"mtry","50",0.193243929583944
"paclitaxel","regression","rf",1,1,6,"min.node.size","5",0.193243929583944
"paclitaxel","regression","rf",1,1,6,"sample.fraction","0.632",0.193243929583944
"paclitaxel","regression","rf",1,1,6,"max.depth","20",0.193243929583944
"paclitaxel","regression","rf",1,1,6,"num.trees","500",0.193243929583944
"paclitaxel","regression","rf",1,1,7,"mtry","14",0.19286681034894
"paclitaxel","regression","rf",1,1,7,"min.node.size","1",0.19286681034894
"paclitaxel","regression","rf",1,1,7,"sample.fraction","0.55",0.19286681034894
"paclitaxel","regression","rf",1,1,7,"max.depth","30",0.19286681034894
"paclitaxel","regression","rf",1,1,7,"num.trees","500",0.19286681034894
"paclitaxel","regression","rf",1,1,8,"mtry","20",0.192256145822321
"paclitaxel","regression","rf",1,1,8,"min.node.size","5",0.192256145822321
"paclitaxel","regression","rf",1,1,8,"sample.fraction","0.75",0.192256145822321
"paclitaxel","regression","rf",1,1,8,"max.depth","30",0.192256145822321
"paclitaxel","regression","rf",1,1,8,"num.trees","500",0.192256145822321
"paclitaxel","regression","rf",1,1,9,"mtry","50",0.193767379679531
"paclitaxel","regression","rf",1,1,9,"min.node.size","3",0.193767379679531
"paclitaxel","regression","rf",1,1,9,"sample.fraction","0.55",0.193767379679531
"paclitaxel","regression","rf",1,1,9,"max.depth","40",0.193767379679531
"paclitaxel","regression","rf",1,1,9,"num.trees","500",0.193767379679531
"paclitaxel","regression","rf",1,1,10,"mtry","14",0.192095022846158
"paclitaxel","regression","rf",1,1,10,"min.node.size","5",0.192095022846158
"paclitaxel","regression","rf",1,1,10,"sample.fraction","0.55",0.192095022846158
"paclitaxel","regression","rf",1,1,10,"max.depth","40",0.192095022846158
"paclitaxel","regression","rf",1,1,10,"num.trees","500",0.192095022846158
"paclitaxel","regression","rf",1,1,11,"mtry","14",0.192852340960756
"paclitaxel","regression","rf",1,1,11,"min.node.size","1",0.192852340960756
"paclitaxel","regression","rf",1,1,11,"sample.fraction","0.632",0.192852340960756
"paclitaxel","regression","rf",1,1,11,"max.depth","40",0.192852340960756
"paclitaxel","regression","rf",1,1,11,"num.trees","500",0.192852340960756
"paclitaxel","regression","rf",1,1,12,"mtry","5",0.192488682708548
"paclitaxel","regression","rf",1,1,12,"min.node.size","10",0.192488682708548
"paclitaxel","regression","rf",1,1,12,"sample.fraction","0.632",0.192488682708548
"paclitaxel","regression","rf",1,1,12,"max.depth","40",0.192488682708548
"paclitaxel","regression","rf",1,1,12,"num.trees","500",0.192488682708548
"paclitaxel","regression","ridge",1,1,1,"alpha","0",0.191350811522297
"paclitaxel","regression","ridge",1,1,1,"lambda","0.5041579989",0.191350811522297
"paclitaxel","regression","ridge",1,1,1,"measure","mse",0.191350811522297
"paclitaxel","regression","lasso",1,1,1,"alpha","1",0.194123039842192
"paclitaxel","regression","lasso",1,1,1,"lambda","0.01435860064",0.194123039842192
"paclitaxel","regression","lasso",1,1,1,"measure","mse",0.194123039842192
"paclitaxel","regression","enet",1,1,1,"alpha","0.1",0.191005289108325
"paclitaxel","regression","enet",1,1,1,"lambda","0.103680713",0.191005289108325
"paclitaxel","regression","enet",1,1,1,"measure","mse",0.191005289108325
"paclitaxel","regression","enet",1,1,2,"alpha","0.2",0.191916586689604
"paclitaxel","regression","enet",1,1,2,"lambda","0.05430877411",0.191916586689604
"paclitaxel","regression","enet",1,1,2,"measure","mse",0.191916586689604
"paclitaxel","regression","enet",1,1,3,"alpha","0.3",0.192737032806227
"paclitaxel","regression","enet",1,1,3,"lambda","0.04162792863",0.192737032806227
"paclitaxel","regression","enet",1,1,3,"measure","mse",0.192737032806227
"paclitaxel","regression","enet",1,1,4,"alpha","0.4",0.193171204990813
"paclitaxel","regression","enet",1,1,4,"lambda","0.03122094647",0.193171204990813
"paclitaxel","regression","enet",1,1,4,"measure","mse",0.193171204990813
"paclitaxel","regression","enet",1,1,5,"alpha","0.5",0.19347679541483
"paclitaxel","regression","enet",1,1,5,"lambda","0.02616604427",0.19347679541483
"paclitaxel","regression","enet",1,1,5,"measure","mse",0.19347679541483
"paclitaxel","regression","enet",1,1,6,"alpha","0.6",0.193699978309938
"paclitaxel","regression","enet",1,1,6,"lambda","0.02180503689",0.193699978309938
"paclitaxel","regression","enet",1,1,6,"measure","mse",0.193699978309938
"paclitaxel","regression","enet",1,1,7,"alpha","0.7",0.193870887496949
"paclitaxel","regression","enet",1,1,7,"lambda","0.01869003162",0.193870887496949
"paclitaxel","regression","enet",1,1,7,"measure","mse",0.193870887496949
"paclitaxel","regression","enet",1,1,8,"alpha","0.8",0.1940162433325
"paclitaxel","regression","enet",1,1,8,"lambda","0.01635377767",0.1940162433325
"paclitaxel","regression","enet",1,1,8,"measure","mse",0.1940162433325
"paclitaxel","regression","enet",1,1,9,"alpha","0.9",0.194086811230131
"paclitaxel","regression","enet",1,1,9,"lambda","0.01595400071",0.194086811230131
"paclitaxel","regression","enet",1,1,9,"measure","mse",0.194086811230131
"paclitaxel","regression","svm_linear",1,1,1,"cost","0.01",0.203565795302604
"paclitaxel","regression","svm_linear",1,1,1,"epsilon","0.05",0.203565795302604
"paclitaxel","regression","svm_linear",1,1,2,"cost","0.1",0.307842495110201
"paclitaxel","regression","svm_linear",1,1,2,"epsilon","0.05",0.307842495110201
"paclitaxel","regression","svm_linear",1,1,3,"cost","1",0.428456002066821
"paclitaxel","regression","svm_linear",1,1,3,"epsilon","0.05",0.428456002066821
"paclitaxel","regression","svm_linear",1,1,4,"cost","10",0.428456002066821
"paclitaxel","regression","svm_linear",1,1,4,"epsilon","0.05",0.428456002066821
"paclitaxel","regression","svm_linear",1,1,5,"cost","0.01",0.202469197616717
"paclitaxel","regression","svm_linear",1,1,5,"epsilon","0.1",0.202469197616717
"paclitaxel","regression","svm_linear",1,1,6,"cost","0.1",0.302666243943057
"paclitaxel","regression","svm_linear",1,1,6,"epsilon","0.1",0.302666243943057
"paclitaxel","regression","svm_linear",1,1,7,"cost","1",0.401716336087542
"paclitaxel","regression","svm_linear",1,1,7,"epsilon","0.1",0.401716336087542
"paclitaxel","regression","svm_linear",1,1,8,"cost","10",0.401716336087542
"paclitaxel","regression","svm_linear",1,1,8,"epsilon","0.1",0.401716336087542
"paclitaxel","regression","svm_linear",1,1,9,"cost","0.01",0.199674570987847
"paclitaxel","regression","svm_linear",1,1,9,"epsilon","0.2",0.199674570987847
"paclitaxel","regression","svm_linear",1,1,10,"cost","0.1",0.290995744702499
"paclitaxel","regression","svm_linear",1,1,10,"epsilon","0.2",0.290995744702499
"paclitaxel","regression","svm_linear",1,1,11,"cost","1",0.354651771944402
"paclitaxel","regression","svm_linear",1,1,11,"epsilon","0.2",0.354651771944402
"paclitaxel","regression","svm_linear",1,1,12,"cost","10",0.354651771944402
"paclitaxel","regression","svm_linear",1,1,12,"epsilon","0.2",0.354651771944402
"paclitaxel","regression","rf",1,2,1,"mtry","5",0.19345600166968
"paclitaxel","regression","rf",1,2,1,"min.node.size","10",0.19345600166968
"paclitaxel","regression","rf",1,2,1,"sample.fraction","0.55",0.19345600166968
"paclitaxel","regression","rf",1,2,1,"max.depth","0",0.19345600166968
"paclitaxel","regression","rf",1,2,1,"num.trees","500",0.19345600166968
"paclitaxel","regression","rf",1,2,2,"mtry","14",0.191016918780593
"paclitaxel","regression","rf",1,2,2,"min.node.size","5",0.191016918780593
"paclitaxel","regression","rf",1,2,2,"sample.fraction","0.75",0.191016918780593
"paclitaxel","regression","rf",1,2,2,"max.depth","0",0.191016918780593
"paclitaxel","regression","rf",1,2,2,"num.trees","500",0.191016918780593
"paclitaxel","regression","rf",1,2,3,"mtry","5",0.193303696102588
"paclitaxel","regression","rf",1,2,3,"min.node.size","1",0.193303696102588
"paclitaxel","regression","rf",1,2,3,"sample.fraction","0.55",0.193303696102588
"paclitaxel","regression","rf",1,2,3,"max.depth","20",0.193303696102588
"paclitaxel","regression","rf",1,2,3,"num.trees","500",0.193303696102588
"paclitaxel","regression","rf",1,2,4,"mtry","50",0.190113903134137
"paclitaxel","regression","rf",1,2,4,"min.node.size","10",0.190113903134137
"paclitaxel","regression","rf",1,2,4,"sample.fraction","0.632",0.190113903134137
"paclitaxel","regression","rf",1,2,4,"max.depth","20",0.190113903134137
"paclitaxel","regression","rf",1,2,4,"num.trees","500",0.190113903134137
"paclitaxel","regression","rf",1,2,5,"mtry","14",0.191299333409159
"paclitaxel","regression","rf",1,2,5,"min.node.size","1",0.191299333409159
"paclitaxel","regression","rf",1,2,5,"sample.fraction","0.75",0.191299333409159
"paclitaxel","regression","rf",1,2,5,"max.depth","20",0.191299333409159
"paclitaxel","regression","rf",1,2,5,"num.trees","500",0.191299333409159
"paclitaxel","regression","rf",1,2,6,"mtry","20",0.188792021987923
"paclitaxel","regression","rf",1,2,6,"min.node.size","5",0.188792021987923
"paclitaxel","regression","rf",1,2,6,"sample.fraction","0.75",0.188792021987923
"paclitaxel","regression","rf",1,2,6,"max.depth","20",0.188792021987923
"paclitaxel","regression","rf",1,2,6,"num.trees","500",0.188792021987923
"paclitaxel","regression","rf",1,2,7,"mtry","14",0.191480274284817
"paclitaxel","regression","rf",1,2,7,"min.node.size","5",0.191480274284817
"paclitaxel","regression","rf",1,2,7,"sample.fraction","0.55",0.191480274284817
"paclitaxel","regression","rf",1,2,7,"max.depth","30",0.191480274284817
"paclitaxel","regression","rf",1,2,7,"num.trees","500",0.191480274284817
"paclitaxel","regression","rf",1,2,8,"mtry","50",0.189431446199447
"paclitaxel","regression","rf",1,2,8,"min.node.size","1",0.189431446199447
"paclitaxel","regression","rf",1,2,8,"sample.fraction","0.632",0.189431446199447
"paclitaxel","regression","rf",1,2,8,"max.depth","30",0.189431446199447
"paclitaxel","regression","rf",1,2,8,"num.trees","500",0.189431446199447
"paclitaxel","regression","rf",1,2,9,"mtry","20",0.188604167682686
"paclitaxel","regression","rf",1,2,9,"min.node.size","3",0.188604167682686
"paclitaxel","regression","rf",1,2,9,"sample.fraction","0.75",0.188604167682686
"paclitaxel","regression","rf",1,2,9,"max.depth","30",0.188604167682686
"paclitaxel","regression","rf",1,2,9,"num.trees","500",0.188604167682686
"paclitaxel","regression","rf",1,2,10,"mtry","5",0.193303668159351
"paclitaxel","regression","rf",1,2,10,"min.node.size","1",0.193303668159351
"paclitaxel","regression","rf",1,2,10,"sample.fraction","0.55",0.193303668159351
"paclitaxel","regression","rf",1,2,10,"max.depth","40",0.193303668159351
"paclitaxel","regression","rf",1,2,10,"num.trees","500",0.193303668159351
"paclitaxel","regression","rf",1,2,11,"mtry","5",0.193017664314705
"paclitaxel","regression","rf",1,2,11,"min.node.size","1",0.193017664314705
"paclitaxel","regression","rf",1,2,11,"sample.fraction","0.632",0.193017664314705
"paclitaxel","regression","rf",1,2,11,"max.depth","40",0.193017664314705
"paclitaxel","regression","rf",1,2,11,"num.trees","500",0.193017664314705
"paclitaxel","regression","rf",1,2,12,"mtry","20",0.189752695988746
"paclitaxel","regression","rf",1,2,12,"min.node.size","1",0.189752695988746
"paclitaxel","regression","rf",1,2,12,"sample.fraction","0.75",0.189752695988746
"paclitaxel","regression","rf",1,2,12,"max.depth","40",0.189752695988746
"paclitaxel","regression","rf",1,2,12,"num.trees","500",0.189752695988746
"paclitaxel","regression","ridge",1,2,1,"alpha","0",0.193932487004291
"paclitaxel","regression","ridge",1,2,1,"lambda","0.6106900484",0.193932487004291
"paclitaxel","regression","ridge",1,2,1,"measure","mse",0.193932487004291
"paclitaxel","regression","lasso",1,2,1,"alpha","1",0.193938125715608
"paclitaxel","regression","lasso",1,2,1,"lambda","0.02408687389",0.193938125715608
"paclitaxel","regression","lasso",1,2,1,"measure","mse",0.193938125715608
"paclitaxel","regression","enet",1,2,1,"alpha","0.1",0.19181403310801
"paclitaxel","regression","enet",1,2,1,"lambda","0.1144321653",0.19181403310801
"paclitaxel","regression","enet",1,2,1,"measure","mse",0.19181403310801
"paclitaxel","regression","enet",1,2,2,"alpha","0.2",0.192265977410408
"paclitaxel","regression","enet",1,2,2,"lambda","0.0721985077",0.192265977410408
"paclitaxel","regression","enet",1,2,2,"measure","mse",0.192265977410408
"paclitaxel","regression","enet",1,2,3,"alpha","0.3",0.192639419425387
"paclitaxel","regression","enet",1,2,3,"lambda","0.05042419599",0.192639419425387
"paclitaxel","regression","enet",1,2,3,"measure","mse",0.192639419425387
"paclitaxel","regression","enet",1,2,4,"alpha","0.4",0.192988673412802
"paclitaxel","regression","enet",1,2,4,"lambda","0.03961888653",0.192988673412802
"paclitaxel","regression","enet",1,2,4,"measure","mse",0.192988673412802
"paclitaxel","regression","enet",1,2,5,"alpha","0.5",0.193282293224163
"paclitaxel","regression","enet",1,2,5,"lambda","0.03169510923",0.193282293224163
"paclitaxel","regression","enet",1,2,5,"measure","mse",0.193282293224163
"paclitaxel","regression","enet",1,2,6,"alpha","0.6",0.19354422965269
"paclitaxel","regression","enet",1,2,6,"lambda","0.02767024643",0.19354422965269
"paclitaxel","regression","enet",1,2,6,"measure","mse",0.19354422965269
"paclitaxel","regression","enet",1,2,7,"alpha","0.7",0.193753308573817
"paclitaxel","regression","enet",1,2,7,"lambda","0.02371735408",0.193753308573817
"paclitaxel","regression","enet",1,2,7,"measure","mse",0.193753308573817
"paclitaxel","regression","enet",1,2,8,"alpha","0.8",0.193888288204215
"paclitaxel","regression","enet",1,2,8,"lambda","0.02386054455",0.193888288204215
"paclitaxel","regression","enet",1,2,8,"measure","mse",0.193888288204215
"paclitaxel","regression","enet",1,2,9,"alpha","0.9",0.193955426800561
"paclitaxel","regression","enet",1,2,9,"lambda","0.02676319322",0.193955426800561
"paclitaxel","regression","enet",1,2,9,"measure","mse",0.193955426800561
"paclitaxel","regression","svm_linear",1,2,1,"cost","0.01",0.207059699242293
"paclitaxel","regression","svm_linear",1,2,1,"epsilon","0.05",0.207059699242293
"paclitaxel","regression","svm_linear",1,2,2,"cost","0.1",0.299600628083945
"paclitaxel","regression","svm_linear",1,2,2,"epsilon","0.05",0.299600628083945
"paclitaxel","regression","svm_linear",1,2,3,"cost","1",0.407932721473459
"paclitaxel","regression","svm_linear",1,2,3,"epsilon","0.05",0.407932721473459
"paclitaxel","regression","svm_linear",1,2,4,"cost","10",0.407932721473459
"paclitaxel","regression","svm_linear",1,2,4,"epsilon","0.05",0.407932721473459
"paclitaxel","regression","svm_linear",1,2,5,"cost","0.01",0.206478927067043
"paclitaxel","regression","svm_linear",1,2,5,"epsilon","0.1",0.206478927067043
"paclitaxel","regression","svm_linear",1,2,6,"cost","0.1",0.29194265233924
"paclitaxel","regression","svm_linear",1,2,6,"epsilon","0.1",0.29194265233924
"paclitaxel","regression","svm_linear",1,2,7,"cost","1",0.381635903635554
"paclitaxel","regression","svm_linear",1,2,7,"epsilon","0.1",0.381635903635554
"paclitaxel","regression","svm_linear",1,2,8,"cost","10",0.381635903635554
"paclitaxel","regression","svm_linear",1,2,8,"epsilon","0.1",0.381635903635554
"paclitaxel","regression","svm_linear",1,2,9,"cost","0.01",0.205029106159845
"paclitaxel","regression","svm_linear",1,2,9,"epsilon","0.2",0.205029106159845
"paclitaxel","regression","svm_linear",1,2,10,"cost","0.1",0.278498957232673
"paclitaxel","regression","svm_linear",1,2,10,"epsilon","0.2",0.278498957232673
"paclitaxel","regression","svm_linear",1,2,11,"cost","1",0.333399792244894
"paclitaxel","regression","svm_linear",1,2,11,"epsilon","0.2",0.333399792244894
"paclitaxel","regression","svm_linear",1,2,12,"cost","10",0.333399792244894
"paclitaxel","regression","svm_linear",1,2,12,"epsilon","0.2",0.333399792244894
"paclitaxel","regression","rf",1,3,1,"mtry","35",0.191301936462702
"paclitaxel","regression","rf",1,3,1,"min.node.size","1",0.191301936462702
"paclitaxel","regression","rf",1,3,1,"sample.fraction","0.55",0.191301936462702
"paclitaxel","regression","rf",1,3,1,"max.depth","0",0.191301936462702
"paclitaxel","regression","rf",1,3,1,"num.trees","500",0.191301936462702
"paclitaxel","regression","rf",1,3,2,"mtry","50",0.19010121935595
"paclitaxel","regression","rf",1,3,2,"min.node.size","3",0.19010121935595
"paclitaxel","regression","rf",1,3,2,"sample.fraction","0.55",0.19010121935595
"paclitaxel","regression","rf",1,3,2,"max.depth","0",0.19010121935595
"paclitaxel","regression","rf",1,3,2,"num.trees","500",0.19010121935595
"paclitaxel","regression","rf",1,3,3,"mtry","14",0.190289748046296
"paclitaxel","regression","rf",1,3,3,"min.node.size","5",0.190289748046296
"paclitaxel","regression","rf",1,3,3,"sample.fraction","0.55",0.190289748046296
"paclitaxel","regression","rf",1,3,3,"max.depth","0",0.190289748046296
"paclitaxel","regression","rf",1,3,3,"num.trees","500",0.190289748046296
"paclitaxel","regression","rf",1,3,4,"mtry","10",0.190195512085155
"paclitaxel","regression","rf",1,3,4,"min.node.size","3",0.190195512085155
"paclitaxel","regression","rf",1,3,4,"sample.fraction","0.55",0.190195512085155
"paclitaxel","regression","rf",1,3,4,"max.depth","20",0.190195512085155
"paclitaxel","regression","rf",1,3,4,"num.trees","500",0.190195512085155
"paclitaxel","regression","rf",1,3,5,"mtry","50",0.190659000394647
"paclitaxel","regression","rf",1,3,5,"min.node.size","5",0.190659000394647
"paclitaxel","regression","rf",1,3,5,"sample.fraction","0.632",0.190659000394647
"paclitaxel","regression","rf",1,3,5,"max.depth","20",0.190659000394647
"paclitaxel","regression","rf",1,3,5,"num.trees","500",0.190659000394647
"paclitaxel","regression","rf",1,3,6,"mtry","14",0.189500951210881
"paclitaxel","regression","rf",1,3,6,"min.node.size","1",0.189500951210881
"paclitaxel","regression","rf",1,3,6,"sample.fraction","0.75",0.189500951210881
"paclitaxel","regression","rf",1,3,6,"max.depth","20",0.189500951210881
"paclitaxel","regression","rf",1,3,6,"num.trees","500",0.189500951210881
"paclitaxel","regression","rf",1,3,7,"mtry","10",0.19072126191178
"paclitaxel","regression","rf",1,3,7,"min.node.size","5",0.19072126191178
"paclitaxel","regression","rf",1,3,7,"sample.fraction","0.75",0.19072126191178
"paclitaxel","regression","rf",1,3,7,"max.depth","20",0.19072126191178
"paclitaxel","regression","rf",1,3,7,"num.trees","500",0.19072126191178
"paclitaxel","regression","rf",1,3,8,"mtry","50",0.190329409943412
"paclitaxel","regression","rf",1,3,8,"min.node.size","5",0.190329409943412
"paclitaxel","regression","rf",1,3,8,"sample.fraction","0.55",0.190329409943412
"paclitaxel","regression","rf",1,3,8,"max.depth","30",0.190329409943412
"paclitaxel","regression","rf",1,3,8,"num.trees","500",0.190329409943412
"paclitaxel","regression","rf",1,3,9,"mtry","10",0.190023119675161
"paclitaxel","regression","rf",1,3,9,"min.node.size","1",0.190023119675161
"paclitaxel","regression","rf",1,3,9,"sample.fraction","0.632",0.190023119675161
"paclitaxel","regression","rf",1,3,9,"max.depth","30",0.190023119675161
"paclitaxel","regression","rf",1,3,9,"num.trees","500",0.190023119675161
"paclitaxel","regression","rf",1,3,10,"mtry","10",0.190195512085155
"paclitaxel","regression","rf",1,3,10,"min.node.size","3",0.190195512085155
"paclitaxel","regression","rf",1,3,10,"sample.fraction","0.55",0.190195512085155
"paclitaxel","regression","rf",1,3,10,"max.depth","40",0.190195512085155
"paclitaxel","regression","rf",1,3,10,"num.trees","500",0.190195512085155
"paclitaxel","regression","rf",1,3,11,"mtry","10",0.191471227120321
"paclitaxel","regression","rf",1,3,11,"min.node.size","10",0.191471227120321
"paclitaxel","regression","rf",1,3,11,"sample.fraction","0.55",0.191471227120321
"paclitaxel","regression","rf",1,3,11,"max.depth","40",0.191471227120321
"paclitaxel","regression","rf",1,3,11,"num.trees","500",0.191471227120321
"paclitaxel","regression","rf",1,3,12,"mtry","14",0.189500921740427
"paclitaxel","regression","rf",1,3,12,"min.node.size","1",0.189500921740427
"paclitaxel","regression","rf",1,3,12,"sample.fraction","0.75",0.189500921740427
"paclitaxel","regression","rf",1,3,12,"max.depth","40",0.189500921740427
"paclitaxel","regression","rf",1,3,12,"num.trees","500",0.189500921740427
"paclitaxel","regression","ridge",1,3,1,"alpha","0",0.193673451042683
"paclitaxel","regression","ridge",1,3,1,"lambda","1.04081871",0.193673451042683
"paclitaxel","regression","ridge",1,3,1,"measure","mse",0.193673451042683
"paclitaxel","regression","lasso",1,3,1,"alpha","1",0.195910719236718
"paclitaxel","regression","lasso",1,3,1,"lambda","0.0246100482",0.195910719236718
"paclitaxel","regression","lasso",1,3,1,"measure","mse",0.195910719236718
"paclitaxel","regression","enet",1,3,1,"alpha","0.1",0.193359814370011
"paclitaxel","regression","enet",1,3,1,"lambda","0.1545582751",0.193359814370011
"paclitaxel","regression","enet",1,3,1,"measure","mse",0.193359814370011
"paclitaxel","regression","enet",1,3,2,"alpha","0.2",0.193891286318912
"paclitaxel","regression","enet",1,3,2,"lambda","0.09308299477",0.193891286318912
"paclitaxel","regression","enet",1,3,2,"measure","mse",0.193891286318912
"paclitaxel","regression","enet",1,3,3,"alpha","0.3",0.194340184573671
"paclitaxel","regression","enet",1,3,3,"lambda","0.06501014109",0.194340184573671
"paclitaxel","regression","enet",1,3,3,"measure","mse",0.194340184573671
"paclitaxel","regression","enet",1,3,4,"alpha","0.4",0.194763830878146
"paclitaxel","regression","enet",1,3,4,"lambda","0.04875760582",0.194763830878146
"paclitaxel","regression","enet",1,3,4,"measure","mse",0.194763830878146
"paclitaxel","regression","enet",1,3,5,"alpha","0.5",0.195138482214068
"paclitaxel","regression","enet",1,3,5,"lambda","0.04086338874",0.195138482214068
"paclitaxel","regression","enet",1,3,5,"measure","mse",0.195138482214068
"paclitaxel","regression","enet",1,3,6,"alpha","0.6",0.195392106010509
"paclitaxel","regression","enet",1,3,6,"lambda","0.0356742748",0.195392106010509
"paclitaxel","regression","enet",1,3,6,"measure","mse",0.195392106010509
"paclitaxel","regression","enet",1,3,7,"alpha","0.7",0.195576887920988
"paclitaxel","regression","enet",1,3,7,"lambda","0.03203394193",0.195576887920988
"paclitaxel","regression","enet",1,3,7,"measure","mse",0.195576887920988
"paclitaxel","regression","enet",1,3,8,"alpha","0.8",0.195704471148085
"paclitaxel","regression","enet",1,3,8,"lambda","0.02936435441",0.195704471148085
"paclitaxel","regression","enet",1,3,8,"measure","mse",0.195704471148085
"paclitaxel","regression","enet",1,3,9,"alpha","0.9",0.195806839360039
"paclitaxel","regression","enet",1,3,9,"lambda","0.027344498",0.195806839360039
"paclitaxel","regression","enet",1,3,9,"measure","mse",0.195806839360039
"paclitaxel","regression","svm_linear",1,3,1,"cost","0.01",0.211928720724479
"paclitaxel","regression","svm_linear",1,3,1,"epsilon","0.05",0.211928720724479
"paclitaxel","regression","svm_linear",1,3,2,"cost","0.1",0.28897845073577
"paclitaxel","regression","svm_linear",1,3,2,"epsilon","0.05",0.28897845073577
"paclitaxel","regression","svm_linear",1,3,3,"cost","1",0.392313586219501
"paclitaxel","regression","svm_linear",1,3,3,"epsilon","0.05",0.392313586219501
"paclitaxel","regression","svm_linear",1,3,4,"cost","10",0.392313586219501
"paclitaxel","regression","svm_linear",1,3,4,"epsilon","0.05",0.392313586219501
"paclitaxel","regression","svm_linear",1,3,5,"cost","0.01",0.211608884758827
"paclitaxel","regression","svm_linear",1,3,5,"epsilon","0.1",0.211608884758827
"paclitaxel","regression","svm_linear",1,3,6,"cost","0.1",0.286647968401025
"paclitaxel","regression","svm_linear",1,3,6,"epsilon","0.1",0.286647968401025
"paclitaxel","regression","svm_linear",1,3,7,"cost","1",0.371552685325399
"paclitaxel","regression","svm_linear",1,3,7,"epsilon","0.1",0.371552685325399
"paclitaxel","regression","svm_linear",1,3,8,"cost","10",0.371552685325399
"paclitaxel","regression","svm_linear",1,3,8,"epsilon","0.1",0.371552685325399
"paclitaxel","regression","svm_linear",1,3,9,"cost","0.01",0.210008841890593
"paclitaxel","regression","svm_linear",1,3,9,"epsilon","0.2",0.210008841890593
"paclitaxel","regression","svm_linear",1,3,10,"cost","0.1",0.28021589311682
"paclitaxel","regression","svm_linear",1,3,10,"epsilon","0.2",0.28021589311682
"paclitaxel","regression","svm_linear",1,3,11,"cost","1",0.336314650601045
"paclitaxel","regression","svm_linear",1,3,11,"epsilon","0.2",0.336314650601045
"paclitaxel","regression","svm_linear",1,3,12,"cost","10",0.336314650601045
"paclitaxel","regression","svm_linear",1,3,12,"epsilon","0.2",0.336314650601045
"paclitaxel","regression","rf",1,4,1,"mtry","35",0.199573338757175
"paclitaxel","regression","rf",1,4,1,"min.node.size","1",0.199573338757175
"paclitaxel","regression","rf",1,4,1,"sample.fraction","0.55",0.199573338757175
"paclitaxel","regression","rf",1,4,1,"max.depth","0",0.199573338757175
"paclitaxel","regression","rf",1,4,1,"num.trees","500",0.199573338757175
"paclitaxel","regression","rf",1,4,2,"mtry","14",0.20056069192643
"paclitaxel","regression","rf",1,4,2,"min.node.size","10",0.20056069192643
"paclitaxel","regression","rf",1,4,2,"sample.fraction","0.55",0.20056069192643
"paclitaxel","regression","rf",1,4,2,"max.depth","0",0.20056069192643
"paclitaxel","regression","rf",1,4,2,"num.trees","500",0.20056069192643
"paclitaxel","regression","rf",1,4,3,"mtry","5",0.199819781936448
"paclitaxel","regression","rf",1,4,3,"min.node.size","10",0.199819781936448
"paclitaxel","regression","rf",1,4,3,"sample.fraction","0.632",0.199819781936448
"paclitaxel","regression","rf",1,4,3,"max.depth","0",0.199819781936448
"paclitaxel","regression","rf",1,4,3,"num.trees","500",0.199819781936448
"paclitaxel","regression","rf",1,4,4,"mtry","5",0.199195694136137
"paclitaxel","regression","rf",1,4,4,"min.node.size","3",0.199195694136137
"paclitaxel","regression","rf",1,4,4,"sample.fraction","0.75",0.199195694136137
"paclitaxel","regression","rf",1,4,4,"max.depth","0",0.199195694136137
"paclitaxel","regression","rf",1,4,4,"num.trees","500",0.199195694136137
"paclitaxel","regression","rf",1,4,5,"mtry","5",0.199236624896801
"paclitaxel","regression","rf",1,4,5,"min.node.size","5",0.199236624896801
"paclitaxel","regression","rf",1,4,5,"sample.fraction","0.75",0.199236624896801
"paclitaxel","regression","rf",1,4,5,"max.depth","0",0.199236624896801
"paclitaxel","regression","rf",1,4,5,"num.trees","500",0.199236624896801
"paclitaxel","regression","rf",1,4,6,"mtry","20",0.199332254313585
"paclitaxel","regression","rf",1,4,6,"min.node.size","10",0.199332254313585
"paclitaxel","regression","rf",1,4,6,"sample.fraction","0.55",0.199332254313585
"paclitaxel","regression","rf",1,4,6,"max.depth","20",0.199332254313585
"paclitaxel","regression","rf",1,4,6,"num.trees","500",0.199332254313585
"paclitaxel","regression","rf",1,4,7,"mtry","20",0.199525020510054
"paclitaxel","regression","rf",1,4,7,"min.node.size","1",0.199525020510054
"paclitaxel","regression","rf",1,4,7,"sample.fraction","0.632",0.199525020510054
"paclitaxel","regression","rf",1,4,7,"max.depth","20",0.199525020510054
"paclitaxel","regression","rf",1,4,7,"num.trees","500",0.199525020510054
"paclitaxel","regression","rf",1,4,8,"mtry","35",0.199950937522081
"paclitaxel","regression","rf",1,4,8,"min.node.size","10",0.199950937522081
"paclitaxel","regression","rf",1,4,8,"sample.fraction","0.632",0.199950937522081
"paclitaxel","regression","rf",1,4,8,"max.depth","20",0.199950937522081
"paclitaxel","regression","rf",1,4,8,"num.trees","500",0.199950937522081
"paclitaxel","regression","rf",1,4,9,"mtry","20",0.199839725299499
"paclitaxel","regression","rf",1,4,9,"min.node.size","10",0.199839725299499
"paclitaxel","regression","rf",1,4,9,"sample.fraction","0.75",0.199839725299499
"paclitaxel","regression","rf",1,4,9,"max.depth","20",0.199839725299499
"paclitaxel","regression","rf",1,4,9,"num.trees","500",0.199839725299499
"paclitaxel","regression","rf",1,4,10,"mtry","14",0.20056069192643
"paclitaxel","regression","rf",1,4,10,"min.node.size","10",0.20056069192643
"paclitaxel","regression","rf",1,4,10,"sample.fraction","0.55",0.20056069192643
"paclitaxel","regression","rf",1,4,10,"max.depth","30",0.20056069192643
"paclitaxel","regression","rf",1,4,10,"num.trees","500",0.20056069192643
"paclitaxel","regression","rf",1,4,11,"mtry","10",0.199667028847257
"paclitaxel","regression","rf",1,4,11,"min.node.size","3",0.199667028847257
"paclitaxel","regression","rf",1,4,11,"sample.fraction","0.75",0.199667028847257
"paclitaxel","regression","rf",1,4,11,"max.depth","30",0.199667028847257
"paclitaxel","regression","rf",1,4,11,"num.trees","500",0.199667028847257
"paclitaxel","regression","rf",1,4,12,"mtry","5",0.199978573362945
"paclitaxel","regression","rf",1,4,12,"min.node.size","10",0.199978573362945
"paclitaxel","regression","rf",1,4,12,"sample.fraction","0.75",0.199978573362945
"paclitaxel","regression","rf",1,4,12,"max.depth","40",0.199978573362945
"paclitaxel","regression","rf",1,4,12,"num.trees","500",0.199978573362945
"paclitaxel","regression","ridge",1,4,1,"alpha","0",0.200316901565754
"paclitaxel","regression","ridge",1,4,1,"lambda","0.4445194521",0.200316901565754
"paclitaxel","regression","ridge",1,4,1,"measure","mse",0.200316901565754
"paclitaxel","regression","lasso",1,4,1,"alpha","1",0.198464750242184
"paclitaxel","regression","lasso",1,4,1,"lambda","0.01836759888",0.198464750242184
"paclitaxel","regression","lasso",1,4,1,"measure","mse",0.198464750242184
"paclitaxel","regression","enet",1,4,1,"alpha","0.1",0.197549655580124
"paclitaxel","regression","enet",1,4,1,"lambda","0.1389441497",0.197549655580124
"paclitaxel","regression","enet",1,4,1,"measure","mse",0.197549655580124
"paclitaxel","regression","enet",1,4,2,"alpha","0.2",0.197563840014979
"paclitaxel","regression","enet",1,4,2,"lambda","0.07278003999",0.197563840014979
"paclitaxel","regression","enet",1,4,2,"measure","mse",0.197563840014979
"paclitaxel","regression","enet",1,4,3,"alpha","0.3",0.197859431641753
"paclitaxel","regression","enet",1,4,3,"lambda","0.04631471657",0.197859431641753
"paclitaxel","regression","enet",1,4,3,"measure","mse",0.197859431641753
"paclitaxel","regression","enet",1,4,4,"alpha","0.4",0.19809276870089
"paclitaxel","regression","enet",1,4,4,"lambda","0.04383190791",0.19809276870089
"paclitaxel","regression","enet",1,4,4,"measure","mse",0.19809276870089
"paclitaxel","regression","enet",1,4,5,"alpha","0.5",0.198140743840324
"paclitaxel","regression","enet",1,4,5,"lambda","0.03506552633",0.198140743840324
"paclitaxel","regression","enet",1,4,5,"measure","mse",0.198140743840324
"paclitaxel","regression","enet",1,4,6,"alpha","0.6",0.198209305036222
"paclitaxel","regression","enet",1,4,6,"lambda","0.02922127194",0.198209305036222
"paclitaxel","regression","enet",1,4,6,"measure","mse",0.198209305036222
"paclitaxel","regression","enet",1,4,7,"alpha","0.7",0.198287103898267
"paclitaxel","regression","enet",1,4,7,"lambda","0.02504680452",0.198287103898267
"paclitaxel","regression","enet",1,4,7,"measure","mse",0.198287103898267
"paclitaxel","regression","enet",1,4,8,"alpha","0.8",0.198359586219897
"paclitaxel","regression","enet",1,4,8,"lambda","0.02191595396",0.198359586219897
"paclitaxel","regression","enet",1,4,8,"measure","mse",0.198359586219897
"paclitaxel","regression","enet",1,4,9,"alpha","0.9",0.198417427559416
"paclitaxel","regression","enet",1,4,9,"lambda","0.0204084432",0.198417427559416
"paclitaxel","regression","enet",1,4,9,"measure","mse",0.198417427559416
"paclitaxel","regression","svm_linear",1,4,1,"cost","0.01",0.207079057708441
"paclitaxel","regression","svm_linear",1,4,1,"epsilon","0.05",0.207079057708441
"paclitaxel","regression","svm_linear",1,4,2,"cost","0.1",0.27087167225061
"paclitaxel","regression","svm_linear",1,4,2,"epsilon","0.05",0.27087167225061
"paclitaxel","regression","svm_linear",1,4,3,"cost","1",0.344195238387133
"paclitaxel","regression","svm_linear",1,4,3,"epsilon","0.05",0.344195238387133
"paclitaxel","regression","svm_linear",1,4,4,"cost","10",0.344195238387133
"paclitaxel","regression","svm_linear",1,4,4,"epsilon","0.05",0.344195238387133
"paclitaxel","regression","svm_linear",1,4,5,"cost","0.01",0.206702172482176
"paclitaxel","regression","svm_linear",1,4,5,"epsilon","0.1",0.206702172482176
"paclitaxel","regression","svm_linear",1,4,6,"cost","0.1",0.267668854901832
"paclitaxel","regression","svm_linear",1,4,6,"epsilon","0.1",0.267668854901832
"paclitaxel","regression","svm_linear",1,4,7,"cost","1",0.321691208243126
"paclitaxel","regression","svm_linear",1,4,7,"epsilon","0.1",0.321691208243126
"paclitaxel","regression","svm_linear",1,4,8,"cost","10",0.321691208243126
"paclitaxel","regression","svm_linear",1,4,8,"epsilon","0.1",0.321691208243126
"paclitaxel","regression","svm_linear",1,4,9,"cost","0.01",0.206741499358933
"paclitaxel","regression","svm_linear",1,4,9,"epsilon","0.2",0.206741499358933
"paclitaxel","regression","svm_linear",1,4,10,"cost","0.1",0.260092227275493
"paclitaxel","regression","svm_linear",1,4,10,"epsilon","0.2",0.260092227275493
"paclitaxel","regression","svm_linear",1,4,11,"cost","1",0.282728244198532
"paclitaxel","regression","svm_linear",1,4,11,"epsilon","0.2",0.282728244198532
"paclitaxel","regression","svm_linear",1,4,12,"cost","10",0.282728244198532
"paclitaxel","regression","svm_linear",1,4,12,"epsilon","0.2",0.282728244198532
"paclitaxel","regression","rf",1,5,1,"mtry","10",0.195603533689011
"paclitaxel","regression","rf",1,5,1,"min.node.size","3",0.195603533689011
"paclitaxel","regression","rf",1,5,1,"sample.fraction","0.632",0.195603533689011
"paclitaxel","regression","rf",1,5,1,"max.depth","0",0.195603533689011
"paclitaxel","regression","rf",1,5,1,"num.trees","500",0.195603533689011
"paclitaxel","regression","rf",1,5,2,"mtry","14",0.19714945504428
"paclitaxel","regression","rf",1,5,2,"min.node.size","1",0.19714945504428
"paclitaxel","regression","rf",1,5,2,"sample.fraction","0.75",0.19714945504428
"paclitaxel","regression","rf",1,5,2,"max.depth","0",0.19714945504428
"paclitaxel","regression","rf",1,5,2,"num.trees","500",0.19714945504428
"paclitaxel","regression","rf",1,5,3,"mtry","35",0.198057665900361
"paclitaxel","regression","rf",1,5,3,"min.node.size","3",0.198057665900361
"paclitaxel","regression","rf",1,5,3,"sample.fraction","0.75",0.198057665900361
"paclitaxel","regression","rf",1,5,3,"max.depth","0",0.198057665900361
"paclitaxel","regression","rf",1,5,3,"num.trees","500",0.198057665900361
"paclitaxel","regression","rf",1,5,4,"mtry","5",0.194767015168945
"paclitaxel","regression","rf",1,5,4,"min.node.size","5",0.194767015168945
"paclitaxel","regression","rf",1,5,4,"sample.fraction","0.55",0.194767015168945
"paclitaxel","regression","rf",1,5,4,"max.depth","20",0.194767015168945
"paclitaxel","regression","rf",1,5,4,"num.trees","500",0.194767015168945
"paclitaxel","regression","rf",1,5,5,"mtry","35",0.196317675206976
"paclitaxel","regression","rf",1,5,5,"min.node.size","3",0.196317675206976
"paclitaxel","regression","rf",1,5,5,"sample.fraction","0.55",0.196317675206976
"paclitaxel","regression","rf",1,5,5,"max.depth","30",0.196317675206976
"paclitaxel","regression","rf",1,5,5,"num.trees","500",0.196317675206976
"paclitaxel","regression","rf",1,5,6,"mtry","50",0.196181973376807
"paclitaxel","regression","rf",1,5,6,"min.node.size","5",0.196181973376807
"paclitaxel","regression","rf",1,5,6,"sample.fraction","0.55",0.196181973376807
"paclitaxel","regression","rf",1,5,6,"max.depth","30",0.196181973376807
"paclitaxel","regression","rf",1,5,6,"num.trees","500",0.196181973376807
"paclitaxel","regression","rf",1,5,7,"mtry","5",0.195733331214344
"paclitaxel","regression","rf",1,5,7,"min.node.size","1",0.195733331214344
"paclitaxel","regression","rf",1,5,7,"sample.fraction","0.75",0.195733331214344
"paclitaxel","regression","rf",1,5,7,"max.depth","30",0.195733331214344
"paclitaxel","regression","rf",1,5,7,"num.trees","500",0.195733331214344
"paclitaxel","regression","rf",1,5,8,"mtry","20",0.197942242473387
"paclitaxel","regression","rf",1,5,8,"min.node.size","3",0.197942242473387
"paclitaxel","regression","rf",1,5,8,"sample.fraction","0.75",0.197942242473387
"paclitaxel","regression","rf",1,5,8,"max.depth","30",0.197942242473387
"paclitaxel","regression","rf",1,5,8,"num.trees","500",0.197942242473387
"paclitaxel","regression","rf",1,5,9,"mtry","10",0.195634321261502
"paclitaxel","regression","rf",1,5,9,"min.node.size","1",0.195634321261502
"paclitaxel","regression","rf",1,5,9,"sample.fraction","0.55",0.195634321261502
"paclitaxel","regression","rf",1,5,9,"max.depth","40",0.195634321261502
"paclitaxel","regression","rf",1,5,9,"num.trees","500",0.195634321261502
"paclitaxel","regression","rf",1,5,10,"mtry","5",0.194853619427964
"paclitaxel","regression","rf",1,5,10,"min.node.size","3",0.194853619427964
"paclitaxel","regression","rf",1,5,10,"sample.fraction","0.632",0.194853619427964
"paclitaxel","regression","rf",1,5,10,"max.depth","40",0.194853619427964
"paclitaxel","regression","rf",1,5,10,"num.trees","500",0.194853619427964
"paclitaxel","regression","rf",1,5,11,"mtry","35",0.197720739589197
"paclitaxel","regression","rf",1,5,11,"min.node.size","10",0.197720739589197
"paclitaxel","regression","rf",1,5,11,"sample.fraction","0.632",0.197720739589197
"paclitaxel","regression","rf",1,5,11,"max.depth","40",0.197720739589197
"paclitaxel","regression","rf",1,5,11,"num.trees","500",0.197720739589197
"paclitaxel","regression","rf",1,5,12,"mtry","10",0.195748723298321
"paclitaxel","regression","rf",1,5,12,"min.node.size","1",0.195748723298321
"paclitaxel","regression","rf",1,5,12,"sample.fraction","0.75",0.195748723298321
"paclitaxel","regression","rf",1,5,12,"max.depth","40",0.195748723298321
"paclitaxel","regression","rf",1,5,12,"num.trees","500",0.195748723298321
"paclitaxel","regression","ridge",1,5,1,"alpha","0",0.192548459275044
"paclitaxel","regression","ridge",1,5,1,"lambda","0.4199880821",0.192548459275044
"paclitaxel","regression","ridge",1,5,1,"measure","mse",0.192548459275044
"paclitaxel","regression","lasso",1,5,1,"alpha","1",0.185514785847905
"paclitaxel","regression","lasso",1,5,1,"lambda","0.01141774662",0.185514785847905
"paclitaxel","regression","lasso",1,5,1,"measure","mse",0.185514785847905
"paclitaxel","regression","enet",1,5,1,"alpha","0.1",0.185970152166757
"paclitaxel","regression","enet",1,5,1,"lambda","0.09479213833",0.185970152166757
"paclitaxel","regression","enet",1,5,1,"measure","mse",0.185970152166757
"paclitaxel","regression","enet",1,5,2,"alpha","0.2",0.185400186837144
"paclitaxel","regression","enet",1,5,2,"lambda","0.04965286868",0.185400186837144
"paclitaxel","regression","enet",1,5,2,"measure","mse",0.185400186837144
"paclitaxel","regression","enet",1,5,3,"alpha","0.3",0.18543696454826
"paclitaxel","regression","enet",1,5,3,"lambda","0.03632930805",0.18543696454826
"paclitaxel","regression","enet",1,5,3,"measure","mse",0.18543696454826
"paclitaxel","regression","enet",1,5,4,"alpha","0.4",0.185446432283576
"paclitaxel","regression","enet",1,5,4,"lambda","0.02724698104",0.185446432283576
"paclitaxel","regression","enet",1,5,4,"measure","mse",0.185446432283576
"paclitaxel","regression","enet",1,5,5,"alpha","0.5",0.18543762975424
"paclitaxel","regression","enet",1,5,5,"lambda","0.02283549324",0.18543762975424
"paclitaxel","regression","enet",1,5,5,"measure","mse",0.18543762975424
"paclitaxel","regression","enet",1,5,6,"alpha","0.6",0.185436130283902
"paclitaxel","regression","enet",1,5,6,"lambda","0.0190295777",0.185436130283902
"paclitaxel","regression","enet",1,5,6,"measure","mse",0.185436130283902
"paclitaxel","regression","enet",1,5,7,"alpha","0.7",0.185448827635426
"paclitaxel","regression","enet",1,5,7,"lambda","0.0163110666",0.185448827635426
"paclitaxel","regression","enet",1,5,7,"measure","mse",0.185448827635426
"paclitaxel","regression","enet",1,5,8,"alpha","0.8",0.185460970246806
"paclitaxel","regression","enet",1,5,8,"lambda","0.01427218328",0.185460970246806
"paclitaxel","regression","enet",1,5,8,"measure","mse",0.185460970246806
"paclitaxel","regression","enet",1,5,9,"alpha","0.9",0.185489939131013
"paclitaxel","regression","enet",1,5,9,"lambda","0.01268638513",0.185489939131013
"paclitaxel","regression","enet",1,5,9,"measure","mse",0.185489939131013
"paclitaxel","regression","svm_linear",1,5,1,"cost","0.01",0.20194600885447
"paclitaxel","regression","svm_linear",1,5,1,"epsilon","0.05",0.20194600885447
"paclitaxel","regression","svm_linear",1,5,2,"cost","0.1",0.276587953288511
"paclitaxel","regression","svm_linear",1,5,2,"epsilon","0.05",0.276587953288511
"paclitaxel","regression","svm_linear",1,5,3,"cost","1",0.404249518713722
"paclitaxel","regression","svm_linear",1,5,3,"epsilon","0.05",0.404249518713722
"paclitaxel","regression","svm_linear",1,5,4,"cost","10",0.404249518713722
"paclitaxel","regression","svm_linear",1,5,4,"epsilon","0.05",0.404249518713722
"paclitaxel","regression","svm_linear",1,5,5,"cost","0.01",0.20204539689575
"paclitaxel","regression","svm_linear",1,5,5,"epsilon","0.1",0.20204539689575
"paclitaxel","regression","svm_linear",1,5,6,"cost","0.1",0.273607761061062
"paclitaxel","regression","svm_linear",1,5,6,"epsilon","0.1",0.273607761061062
"paclitaxel","regression","svm_linear",1,5,7,"cost","1",0.380604607529497
"paclitaxel","regression","svm_linear",1,5,7,"epsilon","0.1",0.380604607529497
"paclitaxel","regression","svm_linear",1,5,8,"cost","10",0.380604607529497
"paclitaxel","regression","svm_linear",1,5,8,"epsilon","0.1",0.380604607529497
"paclitaxel","regression","svm_linear",1,5,9,"cost","0.01",0.201819262393785
"paclitaxel","regression","svm_linear",1,5,9,"epsilon","0.2",0.201819262393785
"paclitaxel","regression","svm_linear",1,5,10,"cost","0.1",0.26970989151095
"paclitaxel","regression","svm_linear",1,5,10,"epsilon","0.2",0.26970989151095
"paclitaxel","regression","svm_linear",1,5,11,"cost","1",0.340472281187907
"paclitaxel","regression","svm_linear",1,5,11,"epsilon","0.2",0.340472281187907
"paclitaxel","regression","svm_linear",1,5,12,"cost","10",0.340472281187907
"paclitaxel","regression","svm_linear",1,5,12,"epsilon","0.2",0.340472281187907
"paclitaxel","regression","rf",2,1,1,"mtry","5",0.200249119449321
"paclitaxel","regression","rf",2,1,1,"min.node.size","5",0.200249119449321
"paclitaxel","regression","rf",2,1,1,"sample.fraction","0.55",0.200249119449321
"paclitaxel","regression","rf",2,1,1,"max.depth","0",0.200249119449321
"paclitaxel","regression","rf",2,1,1,"num.trees","500",0.200249119449321
"paclitaxel","regression","rf",2,1,2,"mtry","5",0.199170718547129
"paclitaxel","regression","rf",2,1,2,"min.node.size","10",0.199170718547129
"paclitaxel","regression","rf",2,1,2,"sample.fraction","0.75",0.199170718547129
"paclitaxel","regression","rf",2,1,2,"max.depth","0",0.199170718547129
"paclitaxel","regression","rf",2,1,2,"num.trees","500",0.199170718547129
"paclitaxel","regression","rf",2,1,3,"mtry","10",0.199540891007191
"paclitaxel","regression","rf",2,1,3,"min.node.size","1",0.199540891007191
"paclitaxel","regression","rf",2,1,3,"sample.fraction","0.55",0.199540891007191
"paclitaxel","regression","rf",2,1,3,"max.depth","20",0.199540891007191
"paclitaxel","regression","rf",2,1,3,"num.trees","500",0.199540891007191
"paclitaxel","regression","rf",2,1,4,"mtry","14",0.200471550043154
"paclitaxel","regression","rf",2,1,4,"min.node.size","1",0.200471550043154
"paclitaxel","regression","rf",2,1,4,"sample.fraction","0.55",0.200471550043154
"paclitaxel","regression","rf",2,1,4,"max.depth","20",0.200471550043154
"paclitaxel","regression","rf",2,1,4,"num.trees","500",0.200471550043154
"paclitaxel","regression","rf",2,1,5,"mtry","35",0.201462132263088
"paclitaxel","regression","rf",2,1,5,"min.node.size","1",0.201462132263088
"paclitaxel","regression","rf",2,1,5,"sample.fraction","0.632",0.201462132263088
"paclitaxel","regression","rf",2,1,5,"max.depth","20",0.201462132263088
"paclitaxel","regression","rf",2,1,5,"num.trees","500",0.201462132263088
"paclitaxel","regression","rf",2,1,6,"mtry","10",0.199171156431609
"paclitaxel","regression","rf",2,1,6,"min.node.size","5",0.199171156431609
"paclitaxel","regression","rf",2,1,6,"sample.fraction","0.632",0.199171156431609
"paclitaxel","regression","rf",2,1,6,"max.depth","20",0.199171156431609
"paclitaxel","regression","rf",2,1,6,"num.trees","500",0.199171156431609
"paclitaxel","regression","rf",2,1,7,"mtry","14",0.200557748695015
"paclitaxel","regression","rf",2,1,7,"min.node.size","3",0.200557748695015
"paclitaxel","regression","rf",2,1,7,"sample.fraction","0.75",0.200557748695015
"paclitaxel","regression","rf",2,1,7,"max.depth","20",0.200557748695015
"paclitaxel","regression","rf",2,1,7,"num.trees","500",0.200557748695015
"paclitaxel","regression","rf",2,1,8,"mtry","35",0.201503262099808
"paclitaxel","regression","rf",2,1,8,"min.node.size","5",0.201503262099808
"paclitaxel","regression","rf",2,1,8,"sample.fraction","0.75",0.201503262099808
"paclitaxel","regression","rf",2,1,8,"max.depth","20",0.201503262099808
"paclitaxel","regression","rf",2,1,8,"num.trees","500",0.201503262099808
"paclitaxel","regression","rf",2,1,9,"mtry","10",0.200581561636209
"paclitaxel","regression","rf",2,1,9,"min.node.size","10",0.200581561636209
"paclitaxel","regression","rf",2,1,9,"sample.fraction","0.55",0.200581561636209
"paclitaxel","regression","rf",2,1,9,"max.depth","30",0.200581561636209
"paclitaxel","regression","rf",2,1,9,"num.trees","500",0.200581561636209
"paclitaxel","regression","rf",2,1,10,"mtry","5",0.199825502341197
"paclitaxel","regression","rf",2,1,10,"min.node.size","3",0.199825502341197
"paclitaxel","regression","rf",2,1,10,"sample.fraction","0.632",0.199825502341197
"paclitaxel","regression","rf",2,1,10,"max.depth","40",0.199825502341197
"paclitaxel","regression","rf",2,1,10,"num.trees","500",0.199825502341197
"paclitaxel","regression","rf",2,1,11,"mtry","10",0.199770466661787
"paclitaxel","regression","rf",2,1,11,"min.node.size","3",0.199770466661787
"paclitaxel","regression","rf",2,1,11,"sample.fraction","0.632",0.199770466661787
"paclitaxel","regression","rf",2,1,11,"max.depth","40",0.199770466661787
"paclitaxel","regression","rf",2,1,11,"num.trees","500",0.199770466661787
"paclitaxel","regression","rf",2,1,12,"mtry","10",0.200354726203387
"paclitaxel","regression","rf",2,1,12,"min.node.size","1",0.200354726203387
"paclitaxel","regression","rf",2,1,12,"sample.fraction","0.75",0.200354726203387
"paclitaxel","regression","rf",2,1,12,"max.depth","40",0.200354726203387
"paclitaxel","regression","rf",2,1,12,"num.trees","500",0.200354726203387
"paclitaxel","regression","ridge",2,1,1,"alpha","0",0.199364089397985
"paclitaxel","regression","ridge",2,1,1,"lambda","0.7598953375",0.199364089397985
"paclitaxel","regression","ridge",2,1,1,"measure","mse",0.199364089397985
"paclitaxel","regression","lasso",2,1,1,"alpha","1",0.200753772771129
"paclitaxel","regression","lasso",2,1,1,"lambda","0.04999603898",0.200753772771129
"paclitaxel","regression","lasso",2,1,1,"measure","mse",0.200753772771129
"paclitaxel","regression","enet",2,1,1,"alpha","0.1",0.200543721691451
"paclitaxel","regression","enet",2,1,1,"lambda","0.2606797616",0.200543721691451
"paclitaxel","regression","enet",2,1,1,"measure","mse",0.200543721691451
"paclitaxel","regression","enet",2,1,2,"alpha","0.2",0.200662075110378
"paclitaxel","regression","enet",2,1,2,"lambda","0.2499801949",0.200662075110378
"paclitaxel","regression","enet",2,1,2,"measure","mse",0.200662075110378
"paclitaxel","regression","enet",2,1,3,"alpha","0.3",0.200693753891291
"paclitaxel","regression","enet",2,1,3,"lambda","0.1666534633",0.200693753891291
"paclitaxel","regression","enet",2,1,3,"measure","mse",0.200693753891291
"paclitaxel","regression","enet",2,1,4,"alpha","0.4",0.200712906778767
"paclitaxel","regression","enet",2,1,4,"lambda","0.1249900974",0.200712906778767
"paclitaxel","regression","enet",2,1,4,"measure","mse",0.200712906778767
"paclitaxel","regression","enet",2,1,5,"alpha","0.5",0.200726401480517
"paclitaxel","regression","enet",2,1,5,"lambda","0.09999207796",0.200726401480517
"paclitaxel","regression","enet",2,1,5,"measure","mse",0.200726401480517
"paclitaxel","regression","enet",2,1,6,"alpha","0.6",0.200735679043851
"paclitaxel","regression","enet",2,1,6,"lambda","0.08332673163",0.200735679043851
"paclitaxel","regression","enet",2,1,6,"measure","mse",0.200735679043851
"paclitaxel","regression","enet",2,1,7,"alpha","0.7",0.200742390425523
"paclitaxel","regression","enet",2,1,7,"lambda","0.07142291283",0.200742390425523
"paclitaxel","regression","enet",2,1,7,"measure","mse",0.200742390425523
"paclitaxel","regression","enet",2,1,8,"alpha","0.8",0.200747093062556
"paclitaxel","regression","enet",2,1,8,"lambda","0.06249504872",0.200747093062556
"paclitaxel","regression","enet",2,1,8,"measure","mse",0.200747093062556
"paclitaxel","regression","enet",2,1,9,"alpha","0.9",0.200750850302474
"paclitaxel","regression","enet",2,1,9,"lambda","0.05555115442",0.200750850302474
"paclitaxel","regression","enet",2,1,9,"measure","mse",0.200750850302474
"paclitaxel","regression","svm_linear",2,1,1,"cost","0.01",0.208905636379812
"paclitaxel","regression","svm_linear",2,1,1,"epsilon","0.05",0.208905636379812
"paclitaxel","regression","svm_linear",2,1,2,"cost","0.1",0.294213365542482
"paclitaxel","regression","svm_linear",2,1,2,"epsilon","0.05",0.294213365542482
"paclitaxel","regression","svm_linear",2,1,3,"cost","1",0.382805205626093
"paclitaxel","regression","svm_linear",2,1,3,"epsilon","0.05",0.382805205626093
"paclitaxel","regression","svm_linear",2,1,4,"cost","10",0.382805205626093
"paclitaxel","regression","svm_linear",2,1,4,"epsilon","0.05",0.382805205626093
"paclitaxel","regression","svm_linear",2,1,5,"cost","0.01",0.209444835212529
"paclitaxel","regression","svm_linear",2,1,5,"epsilon","0.1",0.209444835212529
"paclitaxel","regression","svm_linear",2,1,6,"cost","0.1",0.289744984603454
"paclitaxel","regression","svm_linear",2,1,6,"epsilon","0.1",0.289744984603454
"paclitaxel","regression","svm_linear",2,1,7,"cost","1",0.358343566576074
"paclitaxel","regression","svm_linear",2,1,7,"epsilon","0.1",0.358343566576074
"paclitaxel","regression","svm_linear",2,1,8,"cost","10",0.358343566576074
"paclitaxel","regression","svm_linear",2,1,8,"epsilon","0.1",0.358343566576074
"paclitaxel","regression","svm_linear",2,1,9,"cost","0.01",0.210788631520482
"paclitaxel","regression","svm_linear",2,1,9,"epsilon","0.2",0.210788631520482
"paclitaxel","regression","svm_linear",2,1,10,"cost","0.1",0.278104976756975
"paclitaxel","regression","svm_linear",2,1,10,"epsilon","0.2",0.278104976756975
"paclitaxel","regression","svm_linear",2,1,11,"cost","1",0.319422610467525
"paclitaxel","regression","svm_linear",2,1,11,"epsilon","0.2",0.319422610467525
"paclitaxel","regression","svm_linear",2,1,12,"cost","10",0.319422610467525
"paclitaxel","regression","svm_linear",2,1,12,"epsilon","0.2",0.319422610467525
"paclitaxel","regression","rf",2,2,1,"mtry","10",0.194265417722234
"paclitaxel","regression","rf",2,2,1,"min.node.size","3",0.194265417722234
"paclitaxel","regression","rf",2,2,1,"sample.fraction","0.55",0.194265417722234
"paclitaxel","regression","rf",2,2,1,"max.depth","0",0.194265417722234
"paclitaxel","regression","rf",2,2,1,"num.trees","500",0.194265417722234
"paclitaxel","regression","rf",2,2,2,"mtry","10",0.193241736499195
"paclitaxel","regression","rf",2,2,2,"min.node.size","1",0.193241736499195
"paclitaxel","regression","rf",2,2,2,"sample.fraction","0.632",0.193241736499195
"paclitaxel","regression","rf",2,2,2,"max.depth","0",0.193241736499195
"paclitaxel","regression","rf",2,2,2,"num.trees","500",0.193241736499195
"paclitaxel","regression","rf",2,2,3,"mtry","20",0.192916679712138
"paclitaxel","regression","rf",2,2,3,"min.node.size","3",0.192916679712138
"paclitaxel","regression","rf",2,2,3,"sample.fraction","0.632",0.192916679712138
"paclitaxel","regression","rf",2,2,3,"max.depth","0",0.192916679712138
"paclitaxel","regression","rf",2,2,3,"num.trees","500",0.192916679712138
"paclitaxel","regression","rf",2,2,4,"mtry","35",0.193887095683517
"paclitaxel","regression","rf",2,2,4,"min.node.size","3",0.193887095683517
"paclitaxel","regression","rf",2,2,4,"sample.fraction","0.75",0.193887095683517
"paclitaxel","regression","rf",2,2,4,"max.depth","0",0.193887095683517
"paclitaxel","regression","rf",2,2,4,"num.trees","500",0.193887095683517
"paclitaxel","regression","rf",2,2,5,"mtry","50",0.191338565135988
"paclitaxel","regression","rf",2,2,5,"min.node.size","1",0.191338565135988
"paclitaxel","regression","rf",2,2,5,"sample.fraction","0.55",0.191338565135988
"paclitaxel","regression","rf",2,2,5,"max.depth","20",0.191338565135988
"paclitaxel","regression","rf",2,2,5,"num.trees","500",0.191338565135988
"paclitaxel","regression","rf",2,2,6,"mtry","10",0.194254860346275
"paclitaxel","regression","rf",2,2,6,"min.node.size","5",0.194254860346275
"paclitaxel","regression","rf",2,2,6,"sample.fraction","0.55",0.194254860346275
"paclitaxel","regression","rf",2,2,6,"max.depth","20",0.194254860346275
"paclitaxel","regression","rf",2,2,6,"num.trees","500",0.194254860346275
"paclitaxel","regression","rf",2,2,7,"mtry","14",0.192878080305563
"paclitaxel","regression","rf",2,2,7,"min.node.size","3",0.192878080305563
"paclitaxel","regression","rf",2,2,7,"sample.fraction","0.632",0.192878080305563
"paclitaxel","regression","rf",2,2,7,"max.depth","20",0.192878080305563
"paclitaxel","regression","rf",2,2,7,"num.trees","500",0.192878080305563
"paclitaxel","regression","rf",2,2,8,"mtry","20",0.192916679712138
"paclitaxel","regression","rf",2,2,8,"min.node.size","3",0.192916679712138
"paclitaxel","regression","rf",2,2,8,"sample.fraction","0.632",0.192916679712138
"paclitaxel","regression","rf",2,2,8,"max.depth","30",0.192916679712138
"paclitaxel","regression","rf",2,2,8,"num.trees","500",0.192916679712138
"paclitaxel","regression","rf",2,2,9,"mtry","5",0.193904311694469
"paclitaxel","regression","rf",2,2,9,"min.node.size","3",0.193904311694469
"paclitaxel","regression","rf",2,2,9,"sample.fraction","0.75",0.193904311694469
"paclitaxel","regression","rf",2,2,9,"max.depth","30",0.193904311694469
"paclitaxel","regression","rf",2,2,9,"num.trees","500",0.193904311694469
"paclitaxel","regression","rf",2,2,10,"mtry","10",0.192901183403148
"paclitaxel","regression","rf",2,2,10,"min.node.size","10",0.192901183403148
"paclitaxel","regression","rf",2,2,10,"sample.fraction","0.75",0.192901183403148
"paclitaxel","regression","rf",2,2,10,"max.depth","30",0.192901183403148
"paclitaxel","regression","rf",2,2,10,"num.trees","500",0.192901183403148
"paclitaxel","regression","rf",2,2,11,"mtry","35",0.191607077211772
"paclitaxel","regression","rf",2,2,11,"min.node.size","1",0.191607077211772
"paclitaxel","regression","rf",2,2,11,"sample.fraction","0.632",0.191607077211772
"paclitaxel","regression","rf",2,2,11,"max.depth","40",0.191607077211772
"paclitaxel","regression","rf",2,2,11,"num.trees","500",0.191607077211772
"paclitaxel","regression","rf",2,2,12,"mtry","35",0.193887095683517
"paclitaxel","regression","rf",2,2,12,"min.node.size","3",0.193887095683517
"paclitaxel","regression","rf",2,2,12,"sample.fraction","0.75",0.193887095683517
"paclitaxel","regression","rf",2,2,12,"max.depth","40",0.193887095683517
"paclitaxel","regression","rf",2,2,12,"num.trees","500",0.193887095683517
"paclitaxel","regression","ridge",2,2,1,"alpha","0",0.19471864229395
"paclitaxel","regression","ridge",2,2,1,"lambda","0.7791051523",0.19471864229395
"paclitaxel","regression","ridge",2,2,1,"measure","mse",0.19471864229395
"paclitaxel","regression","lasso",2,2,1,"alpha","1",0.195587738274446
"paclitaxel","regression","lasso",2,2,1,"lambda","0.01678531167",0.195587738274446
"paclitaxel","regression","lasso",2,2,1,"measure","mse",0.195587738274446
"paclitaxel","regression","enet",2,2,1,"alpha","0.1",0.195106442591575
"paclitaxel","regression","enet",2,2,1,"lambda","0.1330207244",0.195106442591575
"paclitaxel","regression","enet",2,2,1,"measure","mse",0.195106442591575
"paclitaxel","regression","enet",2,2,2,"alpha","0.2",0.194787681989525
"paclitaxel","regression","enet",2,2,2,"lambda","0.08011196676",0.194787681989525
"paclitaxel","regression","enet",2,2,2,"measure","mse",0.194787681989525
"paclitaxel","regression","enet",2,2,3,"alpha","0.3",0.194801196010203
"paclitaxel","regression","enet",2,2,3,"lambda","0.05595103891",0.194801196010203
"paclitaxel","regression","enet",2,2,3,"measure","mse",0.194801196010203
"paclitaxel","regression","enet",2,2,4,"alpha","0.4",0.194895473658965
"paclitaxel","regression","enet",2,2,4,"lambda","0.04196327918",0.194895473658965
"paclitaxel","regression","enet",2,2,4,"measure","mse",0.194895473658965
"paclitaxel","regression","enet",2,2,5,"alpha","0.5",0.195022913571061
"paclitaxel","regression","enet",2,2,5,"lambda","0.03357062335",0.195022913571061
"paclitaxel","regression","enet",2,2,5,"measure","mse",0.195022913571061
"paclitaxel","regression","enet",2,2,6,"alpha","0.6",0.195166271695465
"paclitaxel","regression","enet",2,2,6,"lambda","0.02797551946",0.195166271695465
"paclitaxel","regression","enet",2,2,6,"measure","mse",0.195166271695465
"paclitaxel","regression","enet",2,2,7,"alpha","0.7",0.195302876679401
"paclitaxel","regression","enet",2,2,7,"lambda","0.02397901668",0.195302876679401
"paclitaxel","regression","enet",2,2,7,"measure","mse",0.195302876679401
"paclitaxel","regression","enet",2,2,8,"alpha","0.8",0.195405146381427
"paclitaxel","regression","enet",2,2,8,"lambda","0.02098163959",0.195405146381427
"paclitaxel","regression","enet",2,2,8,"measure","mse",0.195405146381427
"paclitaxel","regression","enet",2,2,9,"alpha","0.9",0.195499110228904
"paclitaxel","regression","enet",2,2,9,"lambda","0.0186503463",0.195499110228904
"paclitaxel","regression","enet",2,2,9,"measure","mse",0.195499110228904
"paclitaxel","regression","svm_linear",2,2,1,"cost","0.01",0.211019021239356
"paclitaxel","regression","svm_linear",2,2,1,"epsilon","0.05",0.211019021239356
"paclitaxel","regression","svm_linear",2,2,2,"cost","0.1",0.275134435341123
"paclitaxel","regression","svm_linear",2,2,2,"epsilon","0.05",0.275134435341123
"paclitaxel","regression","svm_linear",2,2,3,"cost","1",0.334403441204506
"paclitaxel","regression","svm_linear",2,2,3,"epsilon","0.05",0.334403441204506
"paclitaxel","regression","svm_linear",2,2,4,"cost","10",0.334403441204506
"paclitaxel","regression","svm_linear",2,2,4,"epsilon","0.05",0.334403441204506
"paclitaxel","regression","svm_linear",2,2,5,"cost","0.01",0.210140638450507
"paclitaxel","regression","svm_linear",2,2,5,"epsilon","0.1",0.210140638450507
"paclitaxel","regression","svm_linear",2,2,6,"cost","0.1",0.270182418738348
"paclitaxel","regression","svm_linear",2,2,6,"epsilon","0.1",0.270182418738348
"paclitaxel","regression","svm_linear",2,2,7,"cost","1",0.316929497584525
"paclitaxel","regression","svm_linear",2,2,7,"epsilon","0.1",0.316929497584525
"paclitaxel","regression","svm_linear",2,2,8,"cost","10",0.316929497584525
"paclitaxel","regression","svm_linear",2,2,8,"epsilon","0.1",0.316929497584525
"paclitaxel","regression","svm_linear",2,2,9,"cost","0.01",0.208907521573323
"paclitaxel","regression","svm_linear",2,2,9,"epsilon","0.2",0.208907521573323
"paclitaxel","regression","svm_linear",2,2,10,"cost","0.1",0.259945977795532
"paclitaxel","regression","svm_linear",2,2,10,"epsilon","0.2",0.259945977795532
"paclitaxel","regression","svm_linear",2,2,11,"cost","1",0.283170085474538
"paclitaxel","regression","svm_linear",2,2,11,"epsilon","0.2",0.283170085474538
"paclitaxel","regression","svm_linear",2,2,12,"cost","10",0.283170085474538
"paclitaxel","regression","svm_linear",2,2,12,"epsilon","0.2",0.283170085474538
"paclitaxel","regression","rf",2,3,1,"mtry","20",0.191015569671826
"paclitaxel","regression","rf",2,3,1,"min.node.size","5",0.191015569671826
"paclitaxel","regression","rf",2,3,1,"sample.fraction","0.632",0.191015569671826
"paclitaxel","regression","rf",2,3,1,"max.depth","0",0.191015569671826
"paclitaxel","regression","rf",2,3,1,"num.trees","500",0.191015569671826
"paclitaxel","regression","rf",2,3,2,"mtry","14",0.190917700602301
"paclitaxel","regression","rf",2,3,2,"min.node.size","10",0.190917700602301
"paclitaxel","regression","rf",2,3,2,"sample.fraction","0.632",0.190917700602301
"paclitaxel","regression","rf",2,3,2,"max.depth","0",0.190917700602301
"paclitaxel","regression","rf",2,3,2,"num.trees","500",0.190917700602301
"paclitaxel","regression","rf",2,3,3,"mtry","20",0.191015569671826
"paclitaxel","regression","rf",2,3,3,"min.node.size","5",0.191015569671826
"paclitaxel","regression","rf",2,3,3,"sample.fraction","0.632",0.191015569671826
"paclitaxel","regression","rf",2,3,3,"max.depth","20",0.191015569671826
"paclitaxel","regression","rf",2,3,3,"num.trees","500",0.191015569671826
"paclitaxel","regression","rf",2,3,4,"mtry","50",0.19088123585529
"paclitaxel","regression","rf",2,3,4,"min.node.size","1",0.19088123585529
"paclitaxel","regression","rf",2,3,4,"sample.fraction","0.75",0.19088123585529
"paclitaxel","regression","rf",2,3,4,"max.depth","20",0.19088123585529
"paclitaxel","regression","rf",2,3,4,"num.trees","500",0.19088123585529
"paclitaxel","regression","rf",2,3,5,"mtry","14",0.190464099668782
"paclitaxel","regression","rf",2,3,5,"min.node.size","5",0.190464099668782
"paclitaxel","regression","rf",2,3,5,"sample.fraction","0.75",0.190464099668782
"paclitaxel","regression","rf",2,3,5,"max.depth","20",0.190464099668782
"paclitaxel","regression","rf",2,3,5,"num.trees","500",0.190464099668782
"paclitaxel","regression","rf",2,3,6,"mtry","50",0.190070647758689
"paclitaxel","regression","rf",2,3,6,"min.node.size","5",0.190070647758689
"paclitaxel","regression","rf",2,3,6,"sample.fraction","0.75",0.190070647758689
"paclitaxel","regression","rf",2,3,6,"max.depth","20",0.190070647758689
"paclitaxel","regression","rf",2,3,6,"num.trees","500",0.190070647758689
"paclitaxel","regression","rf",2,3,7,"mtry","5",0.191903284442291
"paclitaxel","regression","rf",2,3,7,"min.node.size","3",0.191903284442291
"paclitaxel","regression","rf",2,3,7,"sample.fraction","0.75",0.191903284442291
"paclitaxel","regression","rf",2,3,7,"max.depth","30",0.191903284442291
"paclitaxel","regression","rf",2,3,7,"num.trees","500",0.191903284442291
"paclitaxel","regression","rf",2,3,8,"mtry","14",0.190464099668782
"paclitaxel","regression","rf",2,3,8,"min.node.size","5",0.190464099668782
"paclitaxel","regression","rf",2,3,8,"sample.fraction","0.75",0.190464099668782
"paclitaxel","regression","rf",2,3,8,"max.depth","30",0.190464099668782
"paclitaxel","regression","rf",2,3,8,"num.trees","500",0.190464099668782
"paclitaxel","regression","rf",2,3,9,"mtry","14",0.191282676297638
"paclitaxel","regression","rf",2,3,9,"min.node.size","1",0.191282676297638
"paclitaxel","regression","rf",2,3,9,"sample.fraction","0.55",0.191282676297638
"paclitaxel","regression","rf",2,3,9,"max.depth","40",0.191282676297638
"paclitaxel","regression","rf",2,3,9,"num.trees","500",0.191282676297638
"paclitaxel","regression","rf",2,3,10,"mtry","10",0.191265811881881
"paclitaxel","regression","rf",2,3,10,"min.node.size","5",0.191265811881881
"paclitaxel","regression","rf",2,3,10,"sample.fraction","0.55",0.191265811881881
"paclitaxel","regression","rf",2,3,10,"max.depth","40",0.191265811881881
"paclitaxel","regression","rf",2,3,10,"num.trees","500",0.191265811881881
"paclitaxel","regression","rf",2,3,11,"mtry","10",0.189849343856128
"paclitaxel","regression","rf",2,3,11,"min.node.size","3",0.189849343856128
"paclitaxel","regression","rf",2,3,11,"sample.fraction","0.632",0.189849343856128
"paclitaxel","regression","rf",2,3,11,"max.depth","40",0.189849343856128
"paclitaxel","regression","rf",2,3,11,"num.trees","500",0.189849343856128
"paclitaxel","regression","rf",2,3,12,"mtry","5",0.192176211867767
"paclitaxel","regression","rf",2,3,12,"min.node.size","5",0.192176211867767
"paclitaxel","regression","rf",2,3,12,"sample.fraction","0.75",0.192176211867767
"paclitaxel","regression","rf",2,3,12,"max.depth","40",0.192176211867767
"paclitaxel","regression","rf",2,3,12,"num.trees","500",0.192176211867767
"paclitaxel","regression","ridge",2,3,1,"alpha","0",0.192062389478142
"paclitaxel","regression","ridge",2,3,1,"lambda","0.7415463015",0.192062389478142
"paclitaxel","regression","ridge",2,3,1,"measure","mse",0.192062389478142
"paclitaxel","regression","lasso",2,3,1,"alpha","1",0.191691670013877
"paclitaxel","regression","lasso",2,3,1,"lambda","0.02317863028",0.191691670013877
"paclitaxel","regression","lasso",2,3,1,"measure","mse",0.191691670013877
"paclitaxel","regression","enet",2,3,1,"alpha","0.1",0.191130904005921
"paclitaxel","regression","enet",2,3,1,"lambda","0.1524999096",0.191130904005921
"paclitaxel","regression","enet",2,3,1,"measure","mse",0.191130904005921
"paclitaxel","regression","enet",2,3,2,"alpha","0.2",0.191080122604158
"paclitaxel","regression","enet",2,3,2,"lambda","0.09184334051",0.191080122604158
"paclitaxel","regression","enet",2,3,2,"measure","mse",0.191080122604158
"paclitaxel","regression","enet",2,3,3,"alpha","0.3",0.191172444290997
"paclitaxel","regression","enet",2,3,3,"lambda","0.07039834882",0.191172444290997
"paclitaxel","regression","enet",2,3,3,"measure","mse",0.191172444290997
"paclitaxel","regression","enet",2,3,4,"alpha","0.4",0.191254815413369
"paclitaxel","regression","enet",2,3,4,"lambda","0.05279876162",0.191254815413369
"paclitaxel","regression","enet",2,3,4,"measure","mse",0.191254815413369
"paclitaxel","regression","enet",2,3,5,"alpha","0.5",0.191341348851506
"paclitaxel","regression","enet",2,3,5,"lambda","0.04425025152",0.191341348851506
"paclitaxel","regression","enet",2,3,5,"measure","mse",0.191341348851506
"paclitaxel","regression","enet",2,3,6,"alpha","0.6",0.191431395727155
"paclitaxel","regression","enet",2,3,6,"lambda","0.0368752096",0.191431395727155
"paclitaxel","regression","enet",2,3,6,"measure","mse",0.191431395727155
"paclitaxel","regression","enet",2,3,7,"alpha","0.7",0.191532079876712
"paclitaxel","regression","enet",2,3,7,"lambda","0.03160732251",0.191532079876712
"paclitaxel","regression","enet",2,3,7,"measure","mse",0.191532079876712
"paclitaxel","regression","enet",2,3,8,"alpha","0.8",0.191630838956014
"paclitaxel","regression","enet",2,3,8,"lambda","0.0276564072",0.191630838956014
"paclitaxel","regression","enet",2,3,8,"measure","mse",0.191630838956014
"paclitaxel","regression","enet",2,3,9,"alpha","0.9",0.191668652138328
"paclitaxel","regression","enet",2,3,9,"lambda","0.02575403364",0.191668652138328
"paclitaxel","regression","enet",2,3,9,"measure","mse",0.191668652138328
"paclitaxel","regression","svm_linear",2,3,1,"cost","0.01",0.200429887294116
"paclitaxel","regression","svm_linear",2,3,1,"epsilon","0.05",0.200429887294116
"paclitaxel","regression","svm_linear",2,3,2,"cost","0.1",0.262895347259507
"paclitaxel","regression","svm_linear",2,3,2,"epsilon","0.05",0.262895347259507
"paclitaxel","regression","svm_linear",2,3,3,"cost","1",0.413002897127038
"paclitaxel","regression","svm_linear",2,3,3,"epsilon","0.05",0.413002897127038
"paclitaxel","regression","svm_linear",2,3,4,"cost","10",0.413002897127038
"paclitaxel","regression","svm_linear",2,3,4,"epsilon","0.05",0.413002897127038
"paclitaxel","regression","svm_linear",2,3,5,"cost","0.01",0.200679601457346
"paclitaxel","regression","svm_linear",2,3,5,"epsilon","0.1",0.200679601457346
"paclitaxel","regression","svm_linear",2,3,6,"cost","0.1",0.263096997155392
"paclitaxel","regression","svm_linear",2,3,6,"epsilon","0.1",0.263096997155392
"paclitaxel","regression","svm_linear",2,3,7,"cost","1",0.386618376206733
"paclitaxel","regression","svm_linear",2,3,7,"epsilon","0.1",0.386618376206733
"paclitaxel","regression","svm_linear",2,3,8,"cost","10",0.386618376206733
"paclitaxel","regression","svm_linear",2,3,8,"epsilon","0.1",0.386618376206733
"paclitaxel","regression","svm_linear",2,3,9,"cost","0.01",0.202376602604381
"paclitaxel","regression","svm_linear",2,3,9,"epsilon","0.2",0.202376602604381
"paclitaxel","regression","svm_linear",2,3,10,"cost","0.1",0.260529342348561
"paclitaxel","regression","svm_linear",2,3,10,"epsilon","0.2",0.260529342348561
"paclitaxel","regression","svm_linear",2,3,11,"cost","1",0.34171541205847
"paclitaxel","regression","svm_linear",2,3,11,"epsilon","0.2",0.34171541205847
"paclitaxel","regression","svm_linear",2,3,12,"cost","10",0.34171541205847
"paclitaxel","regression","svm_linear",2,3,12,"epsilon","0.2",0.34171541205847
"paclitaxel","regression","rf",2,4,1,"mtry","20",0.196338963765254
"paclitaxel","regression","rf",2,4,1,"min.node.size","5",0.196338963765254
"paclitaxel","regression","rf",2,4,1,"sample.fraction","0.55",0.196338963765254
"paclitaxel","regression","rf",2,4,1,"max.depth","0",0.196338963765254
"paclitaxel","regression","rf",2,4,1,"num.trees","500",0.196338963765254
"paclitaxel","regression","rf",2,4,2,"mtry","35",0.197331247557633
"paclitaxel","regression","rf",2,4,2,"min.node.size","5",0.197331247557633
"paclitaxel","regression","rf",2,4,2,"sample.fraction","0.55",0.197331247557633
"paclitaxel","regression","rf",2,4,2,"max.depth","0",0.197331247557633
"paclitaxel","regression","rf",2,4,2,"num.trees","500",0.197331247557633
"paclitaxel","regression","rf",2,4,3,"mtry","35",0.196781412640206
"paclitaxel","regression","rf",2,4,3,"min.node.size","10",0.196781412640206
"paclitaxel","regression","rf",2,4,3,"sample.fraction","0.632",0.196781412640206
"paclitaxel","regression","rf",2,4,3,"max.depth","0",0.196781412640206
"paclitaxel","regression","rf",2,4,3,"num.trees","500",0.196781412640206
"paclitaxel","regression","rf",2,4,4,"mtry","5",0.194831230493029
"paclitaxel","regression","rf",2,4,4,"min.node.size","3",0.194831230493029
"paclitaxel","regression","rf",2,4,4,"sample.fraction","0.75",0.194831230493029
"paclitaxel","regression","rf",2,4,4,"max.depth","0",0.194831230493029
"paclitaxel","regression","rf",2,4,4,"num.trees","500",0.194831230493029
"paclitaxel","regression","rf",2,4,5,"mtry","14",0.196525825832589
"paclitaxel","regression","rf",2,4,5,"min.node.size","5",0.196525825832589
"paclitaxel","regression","rf",2,4,5,"sample.fraction","0.75",0.196525825832589
"paclitaxel","regression","rf",2,4,5,"max.depth","0",0.196525825832589
"paclitaxel","regression","rf",2,4,5,"num.trees","500",0.196525825832589
"paclitaxel","regression","rf",2,4,6,"mtry","20",0.196379576968555
"paclitaxel","regression","rf",2,4,6,"min.node.size","10",0.196379576968555
"paclitaxel","regression","rf",2,4,6,"sample.fraction","0.55",0.196379576968555
"paclitaxel","regression","rf",2,4,6,"max.depth","20",0.196379576968555
"paclitaxel","regression","rf",2,4,6,"num.trees","500",0.196379576968555
"paclitaxel","regression","rf",2,4,7,"mtry","10",0.196242731289875
"paclitaxel","regression","rf",2,4,7,"min.node.size","10",0.196242731289875
"paclitaxel","regression","rf",2,4,7,"sample.fraction","0.632",0.196242731289875
"paclitaxel","regression","rf",2,4,7,"max.depth","20",0.196242731289875
"paclitaxel","regression","rf",2,4,7,"num.trees","500",0.196242731289875
"paclitaxel","regression","rf",2,4,8,"mtry","20",0.196574621275499
"paclitaxel","regression","rf",2,4,8,"min.node.size","1",0.196574621275499
"paclitaxel","regression","rf",2,4,8,"sample.fraction","0.55",0.196574621275499
"paclitaxel","regression","rf",2,4,8,"max.depth","30",0.196574621275499
"paclitaxel","regression","rf",2,4,8,"num.trees","500",0.196574621275499
"paclitaxel","regression","rf",2,4,9,"mtry","35",0.197707538676855
"paclitaxel","regression","rf",2,4,9,"min.node.size","10",0.197707538676855
"paclitaxel","regression","rf",2,4,9,"sample.fraction","0.55",0.197707538676855
"paclitaxel","regression","rf",2,4,9,"max.depth","30",0.197707538676855
"paclitaxel","regression","rf",2,4,9,"num.trees","500",0.197707538676855
"paclitaxel","regression","rf",2,4,10,"mtry","50",0.197949478326151
"paclitaxel","regression","rf",2,4,10,"min.node.size","1",0.197949478326151
"paclitaxel","regression","rf",2,4,10,"sample.fraction","0.632",0.197949478326151
"paclitaxel","regression","rf",2,4,10,"max.depth","30",0.197949478326151
"paclitaxel","regression","rf",2,4,10,"num.trees","500",0.197949478326151
"paclitaxel","regression","rf",2,4,11,"mtry","50",0.199447931993412
"paclitaxel","regression","rf",2,4,11,"min.node.size","1",0.199447931993412
"paclitaxel","regression","rf",2,4,11,"sample.fraction","0.75",0.199447931993412
"paclitaxel","regression","rf",2,4,11,"max.depth","30",0.199447931993412
"paclitaxel","regression","rf",2,4,11,"num.trees","500",0.199447931993412
"paclitaxel","regression","rf",2,4,12,"mtry","35",0.196248657400668
"paclitaxel","regression","rf",2,4,12,"min.node.size","1",0.196248657400668
"paclitaxel","regression","rf",2,4,12,"sample.fraction","0.632",0.196248657400668
"paclitaxel","regression","rf",2,4,12,"max.depth","40",0.196248657400668
"paclitaxel","regression","rf",2,4,12,"num.trees","500",0.196248657400668
"paclitaxel","regression","ridge",2,4,1,"alpha","0",0.197944402186849
"paclitaxel","regression","ridge",2,4,1,"lambda","1.16779816",0.197944402186849
"paclitaxel","regression","ridge",2,4,1,"measure","mse",0.197944402186849
"paclitaxel","regression","lasso",2,4,1,"alpha","1",0.203235227318633
"paclitaxel","regression","lasso",2,4,1,"lambda","0.02515944867",0.203235227318633
"paclitaxel","regression","lasso",2,4,1,"measure","mse",0.203235227318633
"paclitaxel","regression","enet",2,4,1,"alpha","0.1",0.199235545319268
"paclitaxel","regression","enet",2,4,1,"lambda","0.1195277644",0.199235545319268
"paclitaxel","regression","enet",2,4,1,"measure","mse",0.199235545319268
"paclitaxel","regression","enet",2,4,2,"alpha","0.2",0.200609167039251
"paclitaxel","regression","enet",2,4,2,"lambda","0.07198580768",0.200609167039251
"paclitaxel","regression","enet",2,4,2,"measure","mse",0.200609167039251
"paclitaxel","regression","enet",2,4,3,"alpha","0.3",0.201530200609997
"paclitaxel","regression","enet",2,4,3,"lambda","0.06344066752",0.201530200609997
"paclitaxel","regression","enet",2,4,3,"measure","mse",0.201530200609997
"paclitaxel","regression","enet",2,4,4,"alpha","0.4",0.202018472679169
"paclitaxel","regression","enet",2,4,4,"lambda","0.049846082",0.202018472679169
"paclitaxel","regression","enet",2,4,4,"measure","mse",0.202018472679169
"paclitaxel","regression","enet",2,4,5,"alpha","0.5",0.202393368413803
"paclitaxel","regression","enet",2,4,5,"lambda","0.0398768656",0.202393368413803
"paclitaxel","regression","enet",2,4,5,"measure","mse",0.202393368413803
"paclitaxel","regression","enet",2,4,6,"alpha","0.6",0.202709171295388
"paclitaxel","regression","enet",2,4,6,"lambda","0.03323072133",0.202709171295388
"paclitaxel","regression","enet",2,4,6,"measure","mse",0.202709171295388
"paclitaxel","regression","enet",2,4,7,"alpha","0.7",0.202913328272499
"paclitaxel","regression","enet",2,4,7,"lambda","0.03430844699",0.202913328272499
"paclitaxel","regression","enet",2,4,7,"measure","mse",0.202913328272499
"paclitaxel","regression","enet",2,4,8,"alpha","0.8",0.203038968614361
"paclitaxel","regression","enet",2,4,8,"lambda","0.03001989112",0.203038968614361
"paclitaxel","regression","enet",2,4,8,"measure","mse",0.203038968614361
"paclitaxel","regression","enet",2,4,9,"alpha","0.9",0.203150133988907
"paclitaxel","regression","enet",2,4,9,"lambda","0.02668434766",0.203150133988907
"paclitaxel","regression","enet",2,4,9,"measure","mse",0.203150133988907
"paclitaxel","regression","svm_linear",2,4,1,"cost","0.01",0.207002376271109
"paclitaxel","regression","svm_linear",2,4,1,"epsilon","0.05",0.207002376271109
"paclitaxel","regression","svm_linear",2,4,2,"cost","0.1",0.261510644878935
"paclitaxel","regression","svm_linear",2,4,2,"epsilon","0.05",0.261510644878935
"paclitaxel","regression","svm_linear",2,4,3,"cost","1",0.371055931922358
"paclitaxel","regression","svm_linear",2,4,3,"epsilon","0.05",0.371055931922358
"paclitaxel","regression","svm_linear",2,4,4,"cost","10",0.371055931922358
"paclitaxel","regression","svm_linear",2,4,4,"epsilon","0.05",0.371055931922358
"paclitaxel","regression","svm_linear",2,4,5,"cost","0.01",0.207560687505079
"paclitaxel","regression","svm_linear",2,4,5,"epsilon","0.1",0.207560687505079
"paclitaxel","regression","svm_linear",2,4,6,"cost","0.1",0.257006962695293
"paclitaxel","regression","svm_linear",2,4,6,"epsilon","0.1",0.257006962695293
"paclitaxel","regression","svm_linear",2,4,7,"cost","1",0.34830895544945
"paclitaxel","regression","svm_linear",2,4,7,"epsilon","0.1",0.34830895544945
"paclitaxel","regression","svm_linear",2,4,8,"cost","10",0.34830895544945
"paclitaxel","regression","svm_linear",2,4,8,"epsilon","0.1",0.34830895544945
"paclitaxel","regression","svm_linear",2,4,9,"cost","0.01",0.208817411414206
"paclitaxel","regression","svm_linear",2,4,9,"epsilon","0.2",0.208817411414206
"paclitaxel","regression","svm_linear",2,4,10,"cost","0.1",0.24734904412189
"paclitaxel","regression","svm_linear",2,4,10,"epsilon","0.2",0.24734904412189
"paclitaxel","regression","svm_linear",2,4,11,"cost","1",0.308678231695575
"paclitaxel","regression","svm_linear",2,4,11,"epsilon","0.2",0.308678231695575
"paclitaxel","regression","svm_linear",2,4,12,"cost","10",0.308678231695575
"paclitaxel","regression","svm_linear",2,4,12,"epsilon","0.2",0.308678231695575
"paclitaxel","regression","rf",2,5,1,"mtry","10",0.191348949713586
"paclitaxel","regression","rf",2,5,1,"min.node.size","5",0.191348949713586
"paclitaxel","regression","rf",2,5,1,"sample.fraction","0.55",0.191348949713586
"paclitaxel","regression","rf",2,5,1,"max.depth","0",0.191348949713586
"paclitaxel","regression","rf",2,5,1,"num.trees","500",0.191348949713586
"paclitaxel","regression","rf",2,5,2,"mtry","14",0.19142963269759
"paclitaxel","regression","rf",2,5,2,"min.node.size","5",0.19142963269759
"paclitaxel","regression","rf",2,5,2,"sample.fraction","0.632",0.19142963269759
"paclitaxel","regression","rf",2,5,2,"max.depth","0",0.19142963269759
"paclitaxel","regression","rf",2,5,2,"num.trees","500",0.19142963269759
"paclitaxel","regression","rf",2,5,3,"mtry","10",0.191499245467461
"paclitaxel","regression","rf",2,5,3,"min.node.size","1",0.191499245467461
"paclitaxel","regression","rf",2,5,3,"sample.fraction","0.75",0.191499245467461
"paclitaxel","regression","rf",2,5,3,"max.depth","0",0.191499245467461
"paclitaxel","regression","rf",2,5,3,"num.trees","500",0.191499245467461
"paclitaxel","regression","rf",2,5,4,"mtry","5",0.193177614075159
"paclitaxel","regression","rf",2,5,4,"min.node.size","5",0.193177614075159
"paclitaxel","regression","rf",2,5,4,"sample.fraction","0.55",0.193177614075159
"paclitaxel","regression","rf",2,5,4,"max.depth","20",0.193177614075159
"paclitaxel","regression","rf",2,5,4,"num.trees","500",0.193177614075159
"paclitaxel","regression","rf",2,5,5,"mtry","35",0.189984393729416
"paclitaxel","regression","rf",2,5,5,"min.node.size","5",0.189984393729416
"paclitaxel","regression","rf",2,5,5,"sample.fraction","0.632",0.189984393729416
"paclitaxel","regression","rf",2,5,5,"max.depth","20",0.189984393729416
"paclitaxel","regression","rf",2,5,5,"num.trees","500",0.189984393729416
"paclitaxel","regression","rf",2,5,6,"mtry","14",0.192569490917615
"paclitaxel","regression","rf",2,5,6,"min.node.size","5",0.192569490917615
"paclitaxel","regression","rf",2,5,6,"sample.fraction","0.75",0.192569490917615
"paclitaxel","regression","rf",2,5,6,"max.depth","20",0.192569490917615
"paclitaxel","regression","rf",2,5,6,"num.trees","500",0.192569490917615
"paclitaxel","regression","rf",2,5,7,"mtry","50",0.190833678883094
"paclitaxel","regression","rf",2,5,7,"min.node.size","1",0.190833678883094
"paclitaxel","regression","rf",2,5,7,"sample.fraction","0.632",0.190833678883094
"paclitaxel","regression","rf",2,5,7,"max.depth","30",0.190833678883094
"paclitaxel","regression","rf",2,5,7,"num.trees","500",0.190833678883094
"paclitaxel","regression","rf",2,5,8,"mtry","5",0.191597223091198
"paclitaxel","regression","rf",2,5,8,"min.node.size","1",0.191597223091198
"paclitaxel","regression","rf",2,5,8,"sample.fraction","0.75",0.191597223091198
"paclitaxel","regression","rf",2,5,8,"max.depth","30",0.191597223091198
"paclitaxel","regression","rf",2,5,8,"num.trees","500",0.191597223091198
"paclitaxel","regression","rf",2,5,9,"mtry","14",0.191113621260566
"paclitaxel","regression","rf",2,5,9,"min.node.size","1",0.191113621260566
"paclitaxel","regression","rf",2,5,9,"sample.fraction","0.75",0.191113621260566
"paclitaxel","regression","rf",2,5,9,"max.depth","30",0.191113621260566
"paclitaxel","regression","rf",2,5,9,"num.trees","500",0.191113621260566
"paclitaxel","regression","rf",2,5,10,"mtry","20",0.191180554224689
"paclitaxel","regression","rf",2,5,10,"min.node.size","3",0.191180554224689
"paclitaxel","regression","rf",2,5,10,"sample.fraction","0.55",0.191180554224689
"paclitaxel","regression","rf",2,5,10,"max.depth","40",0.191180554224689
"paclitaxel","regression","rf",2,5,10,"num.trees","500",0.191180554224689
"paclitaxel","regression","rf",2,5,11,"mtry","35",0.190490415830502
"paclitaxel","regression","rf",2,5,11,"min.node.size","3",0.190490415830502
"paclitaxel","regression","rf",2,5,11,"sample.fraction","0.632",0.190490415830502
"paclitaxel","regression","rf",2,5,11,"max.depth","40",0.190490415830502
"paclitaxel","regression","rf",2,5,11,"num.trees","500",0.190490415830502
"paclitaxel","regression","rf",2,5,12,"mtry","20",0.191151726536399
"paclitaxel","regression","rf",2,5,12,"min.node.size","5",0.191151726536399
"paclitaxel","regression","rf",2,5,12,"sample.fraction","0.75",0.191151726536399
"paclitaxel","regression","rf",2,5,12,"max.depth","40",0.191151726536399
"paclitaxel","regression","rf",2,5,12,"num.trees","500",0.191151726536399
"paclitaxel","regression","ridge",2,5,1,"alpha","0",0.194615063511941
"paclitaxel","regression","ridge",2,5,1,"lambda","1.724338719",0.194615063511941
"paclitaxel","regression","ridge",2,5,1,"measure","mse",0.194615063511941
"paclitaxel","regression","lasso",2,5,1,"alpha","1",0.194914378640061
"paclitaxel","regression","lasso",2,5,1,"lambda","0.01764914172",0.194914378640061
"paclitaxel","regression","lasso",2,5,1,"measure","mse",0.194914378640061
"paclitaxel","regression","enet",2,5,1,"alpha","0.1",0.193679898626021
"paclitaxel","regression","enet",2,5,1,"lambda","0.1608124061",0.193679898626021
"paclitaxel","regression","enet",2,5,1,"measure","mse",0.193679898626021
"paclitaxel","regression","enet",2,5,2,"alpha","0.2",0.193918173988369
"paclitaxel","regression","enet",2,5,2,"lambda","0.08423480493",0.193918173988369
"paclitaxel","regression","enet",2,5,2,"measure","mse",0.193918173988369
"paclitaxel","regression","enet",2,5,3,"alpha","0.3",0.194080469959422
"paclitaxel","regression","enet",2,5,3,"lambda","0.05615653662",0.194080469959422
"paclitaxel","regression","enet",2,5,3,"measure","mse",0.194080469959422
"paclitaxel","regression","enet",2,5,4,"alpha","0.4",0.194242982071358
"paclitaxel","regression","enet",2,5,4,"lambda","0.04412285429",0.194242982071358
"paclitaxel","regression","enet",2,5,4,"measure","mse",0.194242982071358
"paclitaxel","regression","enet",2,5,5,"alpha","0.5",0.194381356538758
"paclitaxel","regression","enet",2,5,5,"lambda","0.03529828343",0.194381356538758
"paclitaxel","regression","enet",2,5,5,"measure","mse",0.194381356538758
"paclitaxel","regression","enet",2,5,6,"alpha","0.6",0.194523251689167
"paclitaxel","regression","enet",2,5,6,"lambda","0.02941523619",0.194523251689167
"paclitaxel","regression","enet",2,5,6,"measure","mse",0.194523251689167
"paclitaxel","regression","enet",2,5,7,"alpha","0.7",0.194639561510457
"paclitaxel","regression","enet",2,5,7,"lambda","0.02406708712",0.194639561510457
"paclitaxel","regression","enet",2,5,7,"measure","mse",0.194639561510457
"paclitaxel","regression","enet",2,5,8,"alpha","0.8",0.194735523369419
"paclitaxel","regression","enet",2,5,8,"lambda","0.02206142715",0.194735523369419
"paclitaxel","regression","enet",2,5,8,"measure","mse",0.194735523369419
"paclitaxel","regression","enet",2,5,9,"alpha","0.9",0.194824651443874
"paclitaxel","regression","enet",2,5,9,"lambda","0.01961015746",0.194824651443874
"paclitaxel","regression","enet",2,5,9,"measure","mse",0.194824651443874
"paclitaxel","regression","svm_linear",2,5,1,"cost","0.01",0.21451616954637
"paclitaxel","regression","svm_linear",2,5,1,"epsilon","0.05",0.21451616954637
"paclitaxel","regression","svm_linear",2,5,2,"cost","0.1",0.311286353048693
"paclitaxel","regression","svm_linear",2,5,2,"epsilon","0.05",0.311286353048693
"paclitaxel","regression","svm_linear",2,5,3,"cost","1",0.38735503856608
"paclitaxel","regression","svm_linear",2,5,3,"epsilon","0.05",0.38735503856608
"paclitaxel","regression","svm_linear",2,5,4,"cost","10",0.38735503856608
"paclitaxel","regression","svm_linear",2,5,4,"epsilon","0.05",0.38735503856608
"paclitaxel","regression","svm_linear",2,5,5,"cost","0.01",0.212948075087538
"paclitaxel","regression","svm_linear",2,5,5,"epsilon","0.1",0.212948075087538
"paclitaxel","regression","svm_linear",2,5,6,"cost","0.1",0.306785141654284
"paclitaxel","regression","svm_linear",2,5,6,"epsilon","0.1",0.306785141654284
"paclitaxel","regression","svm_linear",2,5,7,"cost","1",0.36987745601144
"paclitaxel","regression","svm_linear",2,5,7,"epsilon","0.1",0.36987745601144
"paclitaxel","regression","svm_linear",2,5,8,"cost","10",0.36987745601144
"paclitaxel","regression","svm_linear",2,5,8,"epsilon","0.1",0.36987745601144
"paclitaxel","regression","svm_linear",2,5,9,"cost","0.01",0.212000722077826
"paclitaxel","regression","svm_linear",2,5,9,"epsilon","0.2",0.212000722077826
"paclitaxel","regression","svm_linear",2,5,10,"cost","0.1",0.297076754787907
"paclitaxel","regression","svm_linear",2,5,10,"epsilon","0.2",0.297076754787907
"paclitaxel","regression","svm_linear",2,5,11,"cost","1",0.338842258734619
"paclitaxel","regression","svm_linear",2,5,11,"epsilon","0.2",0.338842258734619
"paclitaxel","regression","svm_linear",2,5,12,"cost","10",0.338842258734619
"paclitaxel","regression","svm_linear",2,5,12,"epsilon","0.2",0.338842258734619
"paclitaxel","regression","rf",3,1,1,"mtry","20",0.193278658263152
"paclitaxel","regression","rf",3,1,1,"min.node.size","1",0.193278658263152
"paclitaxel","regression","rf",3,1,1,"sample.fraction","0.75",0.193278658263152
"paclitaxel","regression","rf",3,1,1,"max.depth","0",0.193278658263152
"paclitaxel","regression","rf",3,1,1,"num.trees","500",0.193278658263152
"paclitaxel","regression","rf",3,1,2,"mtry","35",0.193228169632679
"paclitaxel","regression","rf",3,1,2,"min.node.size","5",0.193228169632679
"paclitaxel","regression","rf",3,1,2,"sample.fraction","0.75",0.193228169632679
"paclitaxel","regression","rf",3,1,2,"max.depth","0",0.193228169632679
"paclitaxel","regression","rf",3,1,2,"num.trees","500",0.193228169632679
"paclitaxel","regression","rf",3,1,3,"mtry","10",0.195801820036458
"paclitaxel","regression","rf",3,1,3,"min.node.size","1",0.195801820036458
"paclitaxel","regression","rf",3,1,3,"sample.fraction","0.55",0.195801820036458
"paclitaxel","regression","rf",3,1,3,"max.depth","20",0.195801820036458
"paclitaxel","regression","rf",3,1,3,"num.trees","500",0.195801820036458
"paclitaxel","regression","rf",3,1,4,"mtry","20",0.194010352011231
"paclitaxel","regression","rf",3,1,4,"min.node.size","10",0.194010352011231
"paclitaxel","regression","rf",3,1,4,"sample.fraction","0.632",0.194010352011231
"paclitaxel","regression","rf",3,1,4,"max.depth","20",0.194010352011231
"paclitaxel","regression","rf",3,1,4,"num.trees","500",0.194010352011231
"paclitaxel","regression","rf",3,1,5,"mtry","50",0.194746248852017
"paclitaxel","regression","rf",3,1,5,"min.node.size","1",0.194746248852017
"paclitaxel","regression","rf",3,1,5,"sample.fraction","0.55",0.194746248852017
"paclitaxel","regression","rf",3,1,5,"max.depth","30",0.194746248852017
"paclitaxel","regression","rf",3,1,5,"num.trees","500",0.194746248852017
"paclitaxel","regression","rf",3,1,6,"mtry","20",0.194628648509271
"paclitaxel","regression","rf",3,1,6,"min.node.size","10",0.194628648509271
"paclitaxel","regression","rf",3,1,6,"sample.fraction","0.55",0.194628648509271
"paclitaxel","regression","rf",3,1,6,"max.depth","30",0.194628648509271
"paclitaxel","regression","rf",3,1,6,"num.trees","500",0.194628648509271
"paclitaxel","regression","rf",3,1,7,"mtry","10",0.194773011901173
"paclitaxel","regression","rf",3,1,7,"min.node.size","1",0.194773011901173
"paclitaxel","regression","rf",3,1,7,"sample.fraction","0.632",0.194773011901173
"paclitaxel","regression","rf",3,1,7,"max.depth","30",0.194773011901173
"paclitaxel","regression","rf",3,1,7,"num.trees","500",0.194773011901173
"paclitaxel","regression","rf",3,1,8,"mtry","14",0.195064333695939
"paclitaxel","regression","rf",3,1,8,"min.node.size","5",0.195064333695939
"paclitaxel","regression","rf",3,1,8,"sample.fraction","0.632",0.195064333695939
"paclitaxel","regression","rf",3,1,8,"max.depth","30",0.195064333695939
"paclitaxel","regression","rf",3,1,8,"num.trees","500",0.195064333695939
"paclitaxel","regression","rf",3,1,9,"mtry","35",0.192541322733175
"paclitaxel","regression","rf",3,1,9,"min.node.size","1",0.192541322733175
"paclitaxel","regression","rf",3,1,9,"sample.fraction","0.75",0.192541322733175
"paclitaxel","regression","rf",3,1,9,"max.depth","30",0.192541322733175
"paclitaxel","regression","rf",3,1,9,"num.trees","500",0.192541322733175
"paclitaxel","regression","rf",3,1,10,"mtry","10",0.195801802859943
"paclitaxel","regression","rf",3,1,10,"min.node.size","1",0.195801802859943
"paclitaxel","regression","rf",3,1,10,"sample.fraction","0.55",0.195801802859943
"paclitaxel","regression","rf",3,1,10,"max.depth","40",0.195801802859943
"paclitaxel","regression","rf",3,1,10,"num.trees","500",0.195801802859943
"paclitaxel","regression","rf",3,1,11,"mtry","10",0.196542313790059
"paclitaxel","regression","rf",3,1,11,"min.node.size","5",0.196542313790059
"paclitaxel","regression","rf",3,1,11,"sample.fraction","0.632",0.196542313790059
"paclitaxel","regression","rf",3,1,11,"max.depth","40",0.196542313790059
"paclitaxel","regression","rf",3,1,11,"num.trees","500",0.196542313790059
"paclitaxel","regression","rf",3,1,12,"mtry","14",0.195064333695939
"paclitaxel","regression","rf",3,1,12,"min.node.size","5",0.195064333695939
"paclitaxel","regression","rf",3,1,12,"sample.fraction","0.632",0.195064333695939
"paclitaxel","regression","rf",3,1,12,"max.depth","40",0.195064333695939
"paclitaxel","regression","rf",3,1,12,"num.trees","500",0.195064333695939
"paclitaxel","regression","ridge",3,1,1,"alpha","0",0.196922117020867
"paclitaxel","regression","ridge",3,1,1,"lambda","2.960695934",0.196922117020867
"paclitaxel","regression","ridge",3,1,1,"measure","mse",0.196922117020867
"paclitaxel","regression","lasso",3,1,1,"alpha","1",0.198677396755245
"paclitaxel","regression","lasso",3,1,1,"lambda","0.02401511752",0.198677396755245
"paclitaxel","regression","lasso",3,1,1,"measure","mse",0.198677396755245
"paclitaxel","regression","enet",3,1,1,"alpha","0.1",0.197212871974503
"paclitaxel","regression","enet",3,1,1,"lambda","0.1816655571",0.197212871974503
"paclitaxel","regression","enet",3,1,1,"measure","mse",0.197212871974503
"paclitaxel","regression","enet",3,1,2,"alpha","0.2",0.197871462524586
"paclitaxel","regression","enet",3,1,2,"lambda","0.1044356226",0.197871462524586
"paclitaxel","regression","enet",3,1,2,"measure","mse",0.197871462524586
"paclitaxel","regression","enet",3,1,3,"alpha","0.3",0.198135883423288
"paclitaxel","regression","enet",3,1,3,"lambda","0.07293893557",0.198135883423288
"paclitaxel","regression","enet",3,1,3,"measure","mse",0.198135883423288
"paclitaxel","regression","enet",3,1,4,"alpha","0.4",0.198299351818294
"paclitaxel","regression","enet",3,1,4,"lambda","0.05470420168",0.198299351818294
"paclitaxel","regression","enet",3,1,4,"measure","mse",0.198299351818294
"paclitaxel","regression","enet",3,1,5,"alpha","0.5",0.198447900743814
"paclitaxel","regression","enet",3,1,5,"lambda","0.04584718674",0.198447900743814
"paclitaxel","regression","enet",3,1,5,"measure","mse",0.198447900743814
"paclitaxel","regression","enet",3,1,6,"alpha","0.6",0.198539482430072
"paclitaxel","regression","enet",3,1,6,"lambda","0.03820598895",0.198539482430072
"paclitaxel","regression","enet",3,1,6,"measure","mse",0.198539482430072
"paclitaxel","regression","enet",3,1,7,"alpha","0.7",0.198599204680128
"paclitaxel","regression","enet",3,1,7,"lambda","0.03430731075",0.198599204680128
"paclitaxel","regression","enet",3,1,7,"measure","mse",0.198599204680128
"paclitaxel","regression","enet",3,1,8,"alpha","0.8",0.198626525935402
"paclitaxel","regression","enet",3,1,8,"lambda","0.03001889691",0.198626525935402
"paclitaxel","regression","enet",3,1,8,"measure","mse",0.198626525935402
"paclitaxel","regression","enet",3,1,9,"alpha","0.9",0.198653376605785
"paclitaxel","regression","enet",3,1,9,"lambda","0.02668346392",0.198653376605785
"paclitaxel","regression","enet",3,1,9,"measure","mse",0.198653376605785
"paclitaxel","regression","svm_linear",3,1,1,"cost","0.01",0.214476915414444
"paclitaxel","regression","svm_linear",3,1,1,"epsilon","0.05",0.214476915414444
"paclitaxel","regression","svm_linear",3,1,2,"cost","0.1",0.265181612836793
"paclitaxel","regression","svm_linear",3,1,2,"epsilon","0.05",0.265181612836793
"paclitaxel","regression","svm_linear",3,1,3,"cost","1",0.363531944219558
"paclitaxel","regression","svm_linear",3,1,3,"epsilon","0.05",0.363531944219558
"paclitaxel","regression","svm_linear",3,1,4,"cost","10",0.363531944219558
"paclitaxel","regression","svm_linear",3,1,4,"epsilon","0.05",0.363531944219558
"paclitaxel","regression","svm_linear",3,1,5,"cost","0.01",0.214436919868282
"paclitaxel","regression","svm_linear",3,1,5,"epsilon","0.1",0.214436919868282
"paclitaxel","regression","svm_linear",3,1,6,"cost","0.1",0.262888688975566
"paclitaxel","regression","svm_linear",3,1,6,"epsilon","0.1",0.262888688975566
"paclitaxel","regression","svm_linear",3,1,7,"cost","1",0.341410257794332
"paclitaxel","regression","svm_linear",3,1,7,"epsilon","0.1",0.341410257794332
"paclitaxel","regression","svm_linear",3,1,8,"cost","10",0.341410257794332
"paclitaxel","regression","svm_linear",3,1,8,"epsilon","0.1",0.341410257794332
"paclitaxel","regression","svm_linear",3,1,9,"cost","0.01",0.212793058565324
"paclitaxel","regression","svm_linear",3,1,9,"epsilon","0.2",0.212793058565324
"paclitaxel","regression","svm_linear",3,1,10,"cost","0.1",0.258921715123192
"paclitaxel","regression","svm_linear",3,1,10,"epsilon","0.2",0.258921715123192
"paclitaxel","regression","svm_linear",3,1,11,"cost","1",0.306521816860777
"paclitaxel","regression","svm_linear",3,1,11,"epsilon","0.2",0.306521816860777
"paclitaxel","regression","svm_linear",3,1,12,"cost","10",0.306521816860777
"paclitaxel","regression","svm_linear",3,1,12,"epsilon","0.2",0.306521816860777
"paclitaxel","regression","rf",3,2,1,"mtry","5",0.194660385507724
"paclitaxel","regression","rf",3,2,1,"min.node.size","1",0.194660385507724
"paclitaxel","regression","rf",3,2,1,"sample.fraction","0.55",0.194660385507724
"paclitaxel","regression","rf",3,2,1,"max.depth","0",0.194660385507724
"paclitaxel","regression","rf",3,2,1,"num.trees","500",0.194660385507724
"paclitaxel","regression","rf",3,2,2,"mtry","14",0.196260257019278
"paclitaxel","regression","rf",3,2,2,"min.node.size","10",0.196260257019278
"paclitaxel","regression","rf",3,2,2,"sample.fraction","0.55",0.196260257019278
"paclitaxel","regression","rf",3,2,2,"max.depth","0",0.196260257019278
"paclitaxel","regression","rf",3,2,2,"num.trees","500",0.196260257019278
"paclitaxel","regression","rf",3,2,3,"mtry","14",0.195462064146018
"paclitaxel","regression","rf",3,2,3,"min.node.size","5",0.195462064146018
"paclitaxel","regression","rf",3,2,3,"sample.fraction","0.632",0.195462064146018
"paclitaxel","regression","rf",3,2,3,"max.depth","0",0.195462064146018
"paclitaxel","regression","rf",3,2,3,"num.trees","500",0.195462064146018
"paclitaxel","regression","rf",3,2,4,"mtry","35",0.195664369625718
"paclitaxel","regression","rf",3,2,4,"min.node.size","5",0.195664369625718
"paclitaxel","regression","rf",3,2,4,"sample.fraction","0.632",0.195664369625718
"paclitaxel","regression","rf",3,2,4,"max.depth","0",0.195664369625718
"paclitaxel","regression","rf",3,2,4,"num.trees","500",0.195664369625718
"paclitaxel","regression","rf",3,2,5,"mtry","20",0.195259778263331
"paclitaxel","regression","rf",3,2,5,"min.node.size","1",0.195259778263331
"paclitaxel","regression","rf",3,2,5,"sample.fraction","0.75",0.195259778263331
"paclitaxel","regression","rf",3,2,5,"max.depth","0",0.195259778263331
"paclitaxel","regression","rf",3,2,5,"num.trees","500",0.195259778263331
"paclitaxel","regression","rf",3,2,6,"mtry","35",0.19648520989766
"paclitaxel","regression","rf",3,2,6,"min.node.size","10",0.19648520989766
"paclitaxel","regression","rf",3,2,6,"sample.fraction","0.75",0.19648520989766
"paclitaxel","regression","rf",3,2,6,"max.depth","0",0.19648520989766
"paclitaxel","regression","rf",3,2,6,"num.trees","500",0.19648520989766
"paclitaxel","regression","rf",3,2,7,"mtry","14",0.195462064146018
"paclitaxel","regression","rf",3,2,7,"min.node.size","5",0.195462064146018
"paclitaxel","regression","rf",3,2,7,"sample.fraction","0.632",0.195462064146018
"paclitaxel","regression","rf",3,2,7,"max.depth","20",0.195462064146018
"paclitaxel","regression","rf",3,2,7,"num.trees","500",0.195462064146018
"paclitaxel","regression","rf",3,2,8,"mtry","50",0.195877455130659
"paclitaxel","regression","rf",3,2,8,"min.node.size","1",0.195877455130659
"paclitaxel","regression","rf",3,2,8,"sample.fraction","0.75",0.195877455130659
"paclitaxel","regression","rf",3,2,8,"max.depth","30",0.195877455130659
"paclitaxel","regression","rf",3,2,8,"num.trees","500",0.195877455130659
"paclitaxel","regression","rf",3,2,9,"mtry","50",0.19651195769073
"paclitaxel","regression","rf",3,2,9,"min.node.size","5",0.19651195769073
"paclitaxel","regression","rf",3,2,9,"sample.fraction","0.75",0.19651195769073
"paclitaxel","regression","rf",3,2,9,"max.depth","30",0.19651195769073
"paclitaxel","regression","rf",3,2,9,"num.trees","500",0.19651195769073
"paclitaxel","regression","rf",3,2,10,"mtry","50",0.19670168296204
"paclitaxel","regression","rf",3,2,10,"min.node.size","3",0.19670168296204
"paclitaxel","regression","rf",3,2,10,"sample.fraction","0.55",0.19670168296204
"paclitaxel","regression","rf",3,2,10,"max.depth","40",0.19670168296204
"paclitaxel","regression","rf",3,2,10,"num.trees","500",0.19670168296204
"paclitaxel","regression","rf",3,2,11,"mtry","35",0.195905896328502
"paclitaxel","regression","rf",3,2,11,"min.node.size","1",0.195905896328502
"paclitaxel","regression","rf",3,2,11,"sample.fraction","0.75",0.195905896328502
"paclitaxel","regression","rf",3,2,11,"max.depth","40",0.195905896328502
"paclitaxel","regression","rf",3,2,11,"num.trees","500",0.195905896328502
"paclitaxel","regression","rf",3,2,12,"mtry","10",0.194410994994428
"paclitaxel","regression","rf",3,2,12,"min.node.size","3",0.194410994994428
"paclitaxel","regression","rf",3,2,12,"sample.fraction","0.75",0.194410994994428
"paclitaxel","regression","rf",3,2,12,"max.depth","40",0.194410994994428
"paclitaxel","regression","rf",3,2,12,"num.trees","500",0.194410994994428
"paclitaxel","regression","ridge",3,2,1,"alpha","0",0.198274634809047
"paclitaxel","regression","ridge",3,2,1,"lambda","0.7032460119",0.198274634809047
"paclitaxel","regression","ridge",3,2,1,"measure","mse",0.198274634809047
"paclitaxel","regression","lasso",3,2,1,"alpha","1",0.199618666826139
"paclitaxel","regression","lasso",3,2,1,"lambda","0.0191183634",0.199618666826139
"paclitaxel","regression","lasso",3,2,1,"measure","mse",0.199618666826139
"paclitaxel","regression","enet",3,2,1,"alpha","0.1",0.19776287204759
"paclitaxel","regression","enet",3,2,1,"lambda","0.1446234079",0.19776287204759
"paclitaxel","regression","enet",3,2,1,"measure","mse",0.19776287204759
"paclitaxel","regression","enet",3,2,2,"alpha","0.2",0.198198741494247
"paclitaxel","regression","enet",3,2,2,"lambda","0.08709970343",0.198198741494247
"paclitaxel","regression","enet",3,2,2,"measure","mse",0.198198741494247
"paclitaxel","regression","enet",3,2,3,"alpha","0.3",0.198612908267203
"paclitaxel","regression","enet",3,2,3,"lambda","0.06083134758",0.198612908267203
"paclitaxel","regression","enet",3,2,3,"measure","mse",0.198612908267203
"paclitaxel","regression","enet",3,2,4,"alpha","0.4",0.19892922030534
"paclitaxel","regression","enet",3,2,4,"lambda","0.04779590849",0.19892922030534
"paclitaxel","regression","enet",3,2,4,"measure","mse",0.19892922030534
"paclitaxel","regression","enet",3,2,5,"alpha","0.5",0.19908073913487
"paclitaxel","regression","enet",3,2,5,"lambda","0.03823672679",0.19908073913487
"paclitaxel","regression","enet",3,2,5,"measure","mse",0.19908073913487
"paclitaxel","regression","enet",3,2,6,"alpha","0.6",0.199217926496086
"paclitaxel","regression","enet",3,2,6,"lambda","0.031863939",0.199217926496086
"paclitaxel","regression","enet",3,2,6,"measure","mse",0.199217926496086
"paclitaxel","regression","enet",3,2,7,"alpha","0.7",0.199349101533363
"paclitaxel","regression","enet",3,2,7,"lambda","0.02731194771",0.199349101533363
"paclitaxel","regression","enet",3,2,7,"measure","mse",0.199349101533363
"paclitaxel","regression","enet",3,2,8,"alpha","0.8",0.199454718202193
"paclitaxel","regression","enet",3,2,8,"lambda","0.02389795425",0.199454718202193
"paclitaxel","regression","enet",3,2,8,"measure","mse",0.199454718202193
"paclitaxel","regression","enet",3,2,9,"alpha","0.9",0.199538426951481
"paclitaxel","regression","enet",3,2,9,"lambda","0.021242626",0.199538426951481
"paclitaxel","regression","enet",3,2,9,"measure","mse",0.199538426951481
"paclitaxel","regression","svm_linear",3,2,1,"cost","0.01",0.208125945195857
"paclitaxel","regression","svm_linear",3,2,1,"epsilon","0.05",0.208125945195857
"paclitaxel","regression","svm_linear",3,2,2,"cost","0.1",0.29023932719032
"paclitaxel","regression","svm_linear",3,2,2,"epsilon","0.05",0.29023932719032
"paclitaxel","regression","svm_linear",3,2,3,"cost","1",0.410995789686049
"paclitaxel","regression","svm_linear",3,2,3,"epsilon","0.05",0.410995789686049
"paclitaxel","regression","svm_linear",3,2,4,"cost","10",0.410995789686049
"paclitaxel","regression","svm_linear",3,2,4,"epsilon","0.05",0.410995789686049
"paclitaxel","regression","svm_linear",3,2,5,"cost","0.01",0.208350390224878
"paclitaxel","regression","svm_linear",3,2,5,"epsilon","0.1",0.208350390224878
"paclitaxel","regression","svm_linear",3,2,6,"cost","0.1",0.282632910731896
"paclitaxel","regression","svm_linear",3,2,6,"epsilon","0.1",0.282632910731896
"paclitaxel","regression","svm_linear",3,2,7,"cost","1",0.384458397643738
"paclitaxel","regression","svm_linear",3,2,7,"epsilon","0.1",0.384458397643738
"paclitaxel","regression","svm_linear",3,2,8,"cost","10",0.384458397643738
"paclitaxel","regression","svm_linear",3,2,8,"epsilon","0.1",0.384458397643738
"paclitaxel","regression","svm_linear",3,2,9,"cost","0.01",0.208591066631644
"paclitaxel","regression","svm_linear",3,2,9,"epsilon","0.2",0.208591066631644
"paclitaxel","regression","svm_linear",3,2,10,"cost","0.1",0.273080599729405
"paclitaxel","regression","svm_linear",3,2,10,"epsilon","0.2",0.273080599729405
"paclitaxel","regression","svm_linear",3,2,11,"cost","1",0.340838745830695
"paclitaxel","regression","svm_linear",3,2,11,"epsilon","0.2",0.340838745830695
"paclitaxel","regression","svm_linear",3,2,12,"cost","10",0.340838745830695
"paclitaxel","regression","svm_linear",3,2,12,"epsilon","0.2",0.340838745830695
"paclitaxel","regression","rf",3,3,1,"mtry","50",0.19507077273677
"paclitaxel","regression","rf",3,3,1,"min.node.size","10",0.19507077273677
"paclitaxel","regression","rf",3,3,1,"sample.fraction","0.55",0.19507077273677
"paclitaxel","regression","rf",3,3,1,"max.depth","0",0.19507077273677
"paclitaxel","regression","rf",3,3,1,"num.trees","500",0.19507077273677
"paclitaxel","regression","rf",3,3,2,"mtry","5",0.195218222975373
"paclitaxel","regression","rf",3,3,2,"min.node.size","5",0.195218222975373
"paclitaxel","regression","rf",3,3,2,"sample.fraction","0.632",0.195218222975373
"paclitaxel","regression","rf",3,3,2,"max.depth","0",0.195218222975373
"paclitaxel","regression","rf",3,3,2,"num.trees","500",0.195218222975373
"paclitaxel","regression","rf",3,3,3,"mtry","50",0.195571289024611
"paclitaxel","regression","rf",3,3,3,"min.node.size","10",0.195571289024611
"paclitaxel","regression","rf",3,3,3,"sample.fraction","0.632",0.195571289024611
"paclitaxel","regression","rf",3,3,3,"max.depth","0",0.195571289024611
"paclitaxel","regression","rf",3,3,3,"num.trees","500",0.195571289024611
"paclitaxel","regression","rf",3,3,4,"mtry","10",0.195584804508497
"paclitaxel","regression","rf",3,3,4,"min.node.size","3",0.195584804508497
"paclitaxel","regression","rf",3,3,4,"sample.fraction","0.55",0.195584804508497
"paclitaxel","regression","rf",3,3,4,"max.depth","20",0.195584804508497
"paclitaxel","regression","rf",3,3,4,"num.trees","500",0.195584804508497
"paclitaxel","regression","rf",3,3,5,"mtry","10",0.195222855493569
"paclitaxel","regression","rf",3,3,5,"min.node.size","10",0.195222855493569
"paclitaxel","regression","rf",3,3,5,"sample.fraction","0.55",0.195222855493569
"paclitaxel","regression","rf",3,3,5,"max.depth","20",0.195222855493569
"paclitaxel","regression","rf",3,3,5,"num.trees","500",0.195222855493569
"paclitaxel","regression","rf",3,3,6,"mtry","14",0.195747334904257
"paclitaxel","regression","rf",3,3,6,"min.node.size","1",0.195747334904257
"paclitaxel","regression","rf",3,3,6,"sample.fraction","0.632",0.195747334904257
"paclitaxel","regression","rf",3,3,6,"max.depth","20",0.195747334904257
"paclitaxel","regression","rf",3,3,6,"num.trees","500",0.195747334904257
"paclitaxel","regression","rf",3,3,7,"mtry","50",0.194780552081377
"paclitaxel","regression","rf",3,3,7,"min.node.size","3",0.194780552081377
"paclitaxel","regression","rf",3,3,7,"sample.fraction","0.632",0.194780552081377
"paclitaxel","regression","rf",3,3,7,"max.depth","20",0.194780552081377
"paclitaxel","regression","rf",3,3,7,"num.trees","500",0.194780552081377
"paclitaxel","regression","rf",3,3,8,"mtry","5",0.195862713017323
"paclitaxel","regression","rf",3,3,8,"min.node.size","5",0.195862713017323
"paclitaxel","regression","rf",3,3,8,"sample.fraction","0.75",0.195862713017323
"paclitaxel","regression","rf",3,3,8,"max.depth","20",0.195862713017323
"paclitaxel","regression","rf",3,3,8,"num.trees","500",0.195862713017323
"paclitaxel","regression","rf",3,3,9,"mtry","50",0.194785242404615
"paclitaxel","regression","rf",3,3,9,"min.node.size","1",0.194785242404615
"paclitaxel","regression","rf",3,3,9,"sample.fraction","0.55",0.194785242404615
"paclitaxel","regression","rf",3,3,9,"max.depth","30",0.194785242404615
"paclitaxel","regression","rf",3,3,9,"num.trees","500",0.194785242404615
"paclitaxel","regression","rf",3,3,10,"mtry","10",0.195337834965643
"paclitaxel","regression","rf",3,3,10,"min.node.size","10",0.195337834965643
"paclitaxel","regression","rf",3,3,10,"sample.fraction","0.632",0.195337834965643
"paclitaxel","regression","rf",3,3,10,"max.depth","30",0.195337834965643
"paclitaxel","regression","rf",3,3,10,"num.trees","500",0.195337834965643
"paclitaxel","regression","rf",3,3,11,"mtry","20",0.196007273243184
"paclitaxel","regression","rf",3,3,11,"min.node.size","3",0.196007273243184
"paclitaxel","regression","rf",3,3,11,"sample.fraction","0.632",0.196007273243184
"paclitaxel","regression","rf",3,3,11,"max.depth","40",0.196007273243184
"paclitaxel","regression","rf",3,3,11,"num.trees","500",0.196007273243184
"paclitaxel","regression","rf",3,3,12,"mtry","50",0.193768555693133
"paclitaxel","regression","rf",3,3,12,"min.node.size","1",0.193768555693133
"paclitaxel","regression","rf",3,3,12,"sample.fraction","0.75",0.193768555693133
"paclitaxel","regression","rf",3,3,12,"max.depth","40",0.193768555693133
"paclitaxel","regression","rf",3,3,12,"num.trees","500",0.193768555693133
"paclitaxel","regression","ridge",3,3,1,"alpha","0",0.197948596543532
"paclitaxel","regression","ridge",3,3,1,"lambda","1.552653098",0.197948596543532
"paclitaxel","regression","ridge",3,3,1,"measure","mse",0.197948596543532
"paclitaxel","regression","lasso",3,3,1,"alpha","1",0.196571865021837
"paclitaxel","regression","lasso",3,3,1,"lambda","0.02909388427",0.196571865021837
"paclitaxel","regression","lasso",3,3,1,"measure","mse",0.196571865021837
"paclitaxel","regression","enet",3,3,1,"alpha","0.1",0.195055335172464
"paclitaxel","regression","enet",3,3,1,"lambda","0.08286042596",0.195055335172464
"paclitaxel","regression","enet",3,3,1,"measure","mse",0.195055335172464
"paclitaxel","regression","enet",3,3,2,"alpha","0.2",0.195932248647832
"paclitaxel","regression","enet",3,3,2,"lambda","0.0454696076",0.195932248647832
"paclitaxel","regression","enet",3,3,2,"measure","mse",0.195932248647832
"paclitaxel","regression","enet",3,3,3,"alpha","0.3",0.196254113507734
"paclitaxel","regression","enet",3,3,3,"lambda","0.04607317368",0.196254113507734
"paclitaxel","regression","enet",3,3,3,"measure","mse",0.196254113507734
"paclitaxel","regression","enet",3,3,4,"alpha","0.4",0.196474782444494
"paclitaxel","regression","enet",3,3,4,"lambda","0.0362002369",0.196474782444494
"paclitaxel","regression","enet",3,3,4,"measure","mse",0.196474782444494
"paclitaxel","regression","enet",3,3,5,"alpha","0.5",0.196580913201723
"paclitaxel","regression","enet",3,3,5,"lambda","0.02896018952",0.196580913201723
"paclitaxel","regression","enet",3,3,5,"measure","mse",0.196580913201723
"paclitaxel","regression","enet",3,3,6,"alpha","0.6",0.196679681774636
"paclitaxel","regression","enet",3,3,6,"lambda","0.02413349127",0.196679681774636
"paclitaxel","regression","enet",3,3,6,"measure","mse",0.196679681774636
"paclitaxel","regression","enet",3,3,7,"alpha","0.7",0.196677091837077
"paclitaxel","regression","enet",3,3,7,"lambda","0.03967360333",0.196677091837077
"paclitaxel","regression","enet",3,3,7,"measure","mse",0.196677091837077
"paclitaxel","regression","enet",3,3,8,"alpha","0.8",0.196635092733276
"paclitaxel","regression","enet",3,3,8,"lambda","0.03636735534",0.196635092733276
"paclitaxel","regression","enet",3,3,8,"measure","mse",0.196635092733276
"paclitaxel","regression","enet",3,3,9,"alpha","0.9",0.196600776905568
"paclitaxel","regression","enet",3,3,9,"lambda","0.03232653808",0.196600776905568
"paclitaxel","regression","enet",3,3,9,"measure","mse",0.196600776905568
"paclitaxel","regression","svm_linear",3,3,1,"cost","0.01",0.208594633878539
"paclitaxel","regression","svm_linear",3,3,1,"epsilon","0.05",0.208594633878539
"paclitaxel","regression","svm_linear",3,3,2,"cost","0.1",0.276280379674719
"paclitaxel","regression","svm_linear",3,3,2,"epsilon","0.05",0.276280379674719
"paclitaxel","regression","svm_linear",3,3,3,"cost","1",0.360174182818234
"paclitaxel","regression","svm_linear",3,3,3,"epsilon","0.05",0.360174182818234
"paclitaxel","regression","svm_linear",3,3,4,"cost","10",0.360174182818234
"paclitaxel","regression","svm_linear",3,3,4,"epsilon","0.05",0.360174182818234
"paclitaxel","regression","svm_linear",3,3,5,"cost","0.01",0.207282270725248
"paclitaxel","regression","svm_linear",3,3,5,"epsilon","0.1",0.207282270725248
"paclitaxel","regression","svm_linear",3,3,6,"cost","0.1",0.273482726631811
"paclitaxel","regression","svm_linear",3,3,6,"epsilon","0.1",0.273482726631811
"paclitaxel","regression","svm_linear",3,3,7,"cost","1",0.337159171322608
"paclitaxel","regression","svm_linear",3,3,7,"epsilon","0.1",0.337159171322608
"paclitaxel","regression","svm_linear",3,3,8,"cost","10",0.337159171322608
"paclitaxel","regression","svm_linear",3,3,8,"epsilon","0.1",0.337159171322608
"paclitaxel","regression","svm_linear",3,3,9,"cost","0.01",0.207403291057618
"paclitaxel","regression","svm_linear",3,3,9,"epsilon","0.2",0.207403291057618
"paclitaxel","regression","svm_linear",3,3,10,"cost","0.1",0.268451323697724
"paclitaxel","regression","svm_linear",3,3,10,"epsilon","0.2",0.268451323697724
"paclitaxel","regression","svm_linear",3,3,11,"cost","1",0.300940353176648
"paclitaxel","regression","svm_linear",3,3,11,"epsilon","0.2",0.300940353176648
"paclitaxel","regression","svm_linear",3,3,12,"cost","10",0.300940353176648
"paclitaxel","regression","svm_linear",3,3,12,"epsilon","0.2",0.300940353176648
"paclitaxel","regression","rf",3,4,1,"mtry","50",0.190524524584266
"paclitaxel","regression","rf",3,4,1,"min.node.size","3",0.190524524584266
"paclitaxel","regression","rf",3,4,1,"sample.fraction","0.632",0.190524524584266
"paclitaxel","regression","rf",3,4,1,"max.depth","0",0.190524524584266
"paclitaxel","regression","rf",3,4,1,"num.trees","500",0.190524524584266
"paclitaxel","regression","rf",3,4,2,"mtry","20",0.190122351425074
"paclitaxel","regression","rf",3,4,2,"min.node.size","1",0.190122351425074
"paclitaxel","regression","rf",3,4,2,"sample.fraction","0.55",0.190122351425074
"paclitaxel","regression","rf",3,4,2,"max.depth","20",0.190122351425074
"paclitaxel","regression","rf",3,4,2,"num.trees","500",0.190122351425074
"paclitaxel","regression","rf",3,4,3,"mtry","14",0.190903291482251
"paclitaxel","regression","rf",3,4,3,"min.node.size","1",0.190903291482251
"paclitaxel","regression","rf",3,4,3,"sample.fraction","0.632",0.190903291482251
"paclitaxel","regression","rf",3,4,3,"max.depth","20",0.190903291482251
"paclitaxel","regression","rf",3,4,3,"num.trees","500",0.190903291482251
"paclitaxel","regression","rf",3,4,4,"mtry","35",0.19086437212031
"paclitaxel","regression","rf",3,4,4,"min.node.size","3",0.19086437212031
"paclitaxel","regression","rf",3,4,4,"sample.fraction","0.632",0.19086437212031
"paclitaxel","regression","rf",3,4,4,"max.depth","20",0.19086437212031
"paclitaxel","regression","rf",3,4,4,"num.trees","500",0.19086437212031
"paclitaxel","regression","rf",3,4,5,"mtry","5",0.191319538169681
"paclitaxel","regression","rf",3,4,5,"min.node.size","1",0.191319538169681
"paclitaxel","regression","rf",3,4,5,"sample.fraction","0.75",0.191319538169681
"paclitaxel","regression","rf",3,4,5,"max.depth","20",0.191319538169681
"paclitaxel","regression","rf",3,4,5,"num.trees","500",0.191319538169681
"paclitaxel","regression","rf",3,4,6,"mtry","14",0.191467932239309
"paclitaxel","regression","rf",3,4,6,"min.node.size","5",0.191467932239309
"paclitaxel","regression","rf",3,4,6,"sample.fraction","0.75",0.191467932239309
"paclitaxel","regression","rf",3,4,6,"max.depth","20",0.191467932239309
"paclitaxel","regression","rf",3,4,6,"num.trees","500",0.191467932239309
"paclitaxel","regression","rf",3,4,7,"mtry","35",0.192204086732932
"paclitaxel","regression","rf",3,4,7,"min.node.size","10",0.192204086732932
"paclitaxel","regression","rf",3,4,7,"sample.fraction","0.75",0.192204086732932
"paclitaxel","regression","rf",3,4,7,"max.depth","20",0.192204086732932
"paclitaxel","regression","rf",3,4,7,"num.trees","500",0.192204086732932
"paclitaxel","regression","rf",3,4,8,"mtry","35",0.190579242416286
"paclitaxel","regression","rf",3,4,8,"min.node.size","5",0.190579242416286
"paclitaxel","regression","rf",3,4,8,"sample.fraction","0.55",0.190579242416286
"paclitaxel","regression","rf",3,4,8,"max.depth","30",0.190579242416286
"paclitaxel","regression","rf",3,4,8,"num.trees","500",0.190579242416286
"paclitaxel","regression","rf",3,4,9,"mtry","50",0.190597034587442
"paclitaxel","regression","rf",3,4,9,"min.node.size","1",0.190597034587442
"paclitaxel","regression","rf",3,4,9,"sample.fraction","0.632",0.190597034587442
"paclitaxel","regression","rf",3,4,9,"max.depth","30",0.190597034587442
"paclitaxel","regression","rf",3,4,9,"num.trees","500",0.190597034587442
"paclitaxel","regression","rf",3,4,10,"mtry","50",0.190999491889577
"paclitaxel","regression","rf",3,4,10,"min.node.size","10",0.190999491889577
"paclitaxel","regression","rf",3,4,10,"sample.fraction","0.632",0.190999491889577
"paclitaxel","regression","rf",3,4,10,"max.depth","30",0.190999491889577
"paclitaxel","regression","rf",3,4,10,"num.trees","500",0.190999491889577
"paclitaxel","regression","rf",3,4,11,"mtry","14",0.191251902343339
"paclitaxel","regression","rf",3,4,11,"min.node.size","1",0.191251902343339
"paclitaxel","regression","rf",3,4,11,"sample.fraction","0.75",0.191251902343339
"paclitaxel","regression","rf",3,4,11,"max.depth","30",0.191251902343339
"paclitaxel","regression","rf",3,4,11,"num.trees","500",0.191251902343339
"paclitaxel","regression","rf",3,4,12,"mtry","5",0.192808883842548
"paclitaxel","regression","rf",3,4,12,"min.node.size","5",0.192808883842548
"paclitaxel","regression","rf",3,4,12,"sample.fraction","0.75",0.192808883842548
"paclitaxel","regression","rf",3,4,12,"max.depth","30",0.192808883842548
"paclitaxel","regression","rf",3,4,12,"num.trees","500",0.192808883842548
"paclitaxel","regression","ridge",3,4,1,"alpha","0",0.191717715661917
"paclitaxel","regression","ridge",3,4,1,"lambda","0.6396110018",0.191717715661917
"paclitaxel","regression","ridge",3,4,1,"measure","mse",0.191717715661917
"paclitaxel","regression","lasso",3,4,1,"alpha","1",0.191484182371856
"paclitaxel","regression","lasso",3,4,1,"lambda","0.02408094363",0.191484182371856
"paclitaxel","regression","lasso",3,4,1,"measure","mse",0.191484182371856
"paclitaxel","regression","enet",3,4,1,"alpha","0.1",0.191145835997162
"paclitaxel","regression","enet",3,4,1,"lambda","0.1821635075",0.191145835997162
"paclitaxel","regression","enet",3,4,1,"measure","mse",0.191145835997162
"paclitaxel","regression","enet",3,4,2,"alpha","0.2",0.191010742905184
"paclitaxel","regression","enet",3,4,2,"lambda","0.09541868002",0.191010742905184
"paclitaxel","regression","enet",3,4,2,"measure","mse",0.191010742905184
"paclitaxel","regression","enet",3,4,3,"alpha","0.3",0.191173770925372
"paclitaxel","regression","enet",3,4,3,"lambda","0.06981458902",0.191173770925372
"paclitaxel","regression","enet",3,4,3,"measure","mse",0.191173770925372
"paclitaxel","regression","enet",3,4,4,"alpha","0.4",0.191270663629732
"paclitaxel","regression","enet",3,4,4,"lambda","0.05236094176",0.191270663629732
"paclitaxel","regression","enet",3,4,4,"measure","mse",0.191270663629732
"paclitaxel","regression","enet",3,4,5,"alpha","0.5",0.191346630249981
"paclitaxel","regression","enet",3,4,5,"lambda","0.04388331794",0.191346630249981
"paclitaxel","regression","enet",3,4,5,"measure","mse",0.191346630249981
"paclitaxel","regression","enet",3,4,6,"alpha","0.6",0.191402508637085
"paclitaxel","regression","enet",3,4,6,"lambda","0.03656943161",0.191402508637085
"paclitaxel","regression","enet",3,4,6,"measure","mse",0.191402508637085
"paclitaxel","regression","enet",3,4,7,"alpha","0.7",0.19144196445375
"paclitaxel","regression","enet",3,4,7,"lambda","0.03440134804",0.19144196445375
"paclitaxel","regression","enet",3,4,7,"measure","mse",0.19144196445375
"paclitaxel","regression","enet",3,4,8,"alpha","0.8",0.191449499613847
"paclitaxel","regression","enet",3,4,8,"lambda","0.03010117954",0.191449499613847
"paclitaxel","regression","enet",3,4,8,"measure","mse",0.191449499613847
"paclitaxel","regression","enet",3,4,9,"alpha","0.9",0.191452233422601
"paclitaxel","regression","enet",3,4,9,"lambda","0.02675660403",0.191452233422601
"paclitaxel","regression","enet",3,4,9,"measure","mse",0.191452233422601
"paclitaxel","regression","svm_linear",3,4,1,"cost","0.01",0.208061671817214
"paclitaxel","regression","svm_linear",3,4,1,"epsilon","0.05",0.208061671817214
"paclitaxel","regression","svm_linear",3,4,2,"cost","0.1",0.274859803721629
"paclitaxel","regression","svm_linear",3,4,2,"epsilon","0.05",0.274859803721629
"paclitaxel","regression","svm_linear",3,4,3,"cost","1",0.344905948859081
"paclitaxel","regression","svm_linear",3,4,3,"epsilon","0.05",0.344905948859081
"paclitaxel","regression","svm_linear",3,4,4,"cost","10",0.345346291472802
"paclitaxel","regression","svm_linear",3,4,4,"epsilon","0.05",0.345346291472802
"paclitaxel","regression","svm_linear",3,4,5,"cost","0.01",0.207979796422188
"paclitaxel","regression","svm_linear",3,4,5,"epsilon","0.1",0.207979796422188
"paclitaxel","regression","svm_linear",3,4,6,"cost","0.1",0.27013378275517
"paclitaxel","regression","svm_linear",3,4,6,"epsilon","0.1",0.27013378275517
"paclitaxel","regression","svm_linear",3,4,7,"cost","1",0.327732012160048
"paclitaxel","regression","svm_linear",3,4,7,"epsilon","0.1",0.327732012160048
"paclitaxel","regression","svm_linear",3,4,8,"cost","10",0.327732012160048
"paclitaxel","regression","svm_linear",3,4,8,"epsilon","0.1",0.327732012160048
"paclitaxel","regression","svm_linear",3,4,9,"cost","0.01",0.206163275545923
"paclitaxel","regression","svm_linear",3,4,9,"epsilon","0.2",0.206163275545923
"paclitaxel","regression","svm_linear",3,4,10,"cost","0.1",0.257506232055894
"paclitaxel","regression","svm_linear",3,4,10,"epsilon","0.2",0.257506232055894
"paclitaxel","regression","svm_linear",3,4,11,"cost","1",0.296473928025712
"paclitaxel","regression","svm_linear",3,4,11,"epsilon","0.2",0.296473928025712
"paclitaxel","regression","svm_linear",3,4,12,"cost","10",0.296473928025712
"paclitaxel","regression","svm_linear",3,4,12,"epsilon","0.2",0.296473928025712
"paclitaxel","regression","rf",3,5,1,"mtry","5",0.19358100197061
"paclitaxel","regression","rf",3,5,1,"min.node.size","10",0.19358100197061
"paclitaxel","regression","rf",3,5,1,"sample.fraction","0.55",0.19358100197061
"paclitaxel","regression","rf",3,5,1,"max.depth","0",0.19358100197061
"paclitaxel","regression","rf",3,5,1,"num.trees","500",0.19358100197061
"paclitaxel","regression","rf",3,5,2,"mtry","20",0.192347276143651
"paclitaxel","regression","rf",3,5,2,"min.node.size","3",0.192347276143651
"paclitaxel","regression","rf",3,5,2,"sample.fraction","0.632",0.192347276143651
"paclitaxel","regression","rf",3,5,2,"max.depth","0",0.192347276143651
"paclitaxel","regression","rf",3,5,2,"num.trees","500",0.192347276143651
"paclitaxel","regression","rf",3,5,3,"mtry","14",0.192125047730084
"paclitaxel","regression","rf",3,5,3,"min.node.size","5",0.192125047730084
"paclitaxel","regression","rf",3,5,3,"sample.fraction","0.632",0.192125047730084
"paclitaxel","regression","rf",3,5,3,"max.depth","0",0.192125047730084
"paclitaxel","regression","rf",3,5,3,"num.trees","500",0.192125047730084
"paclitaxel","regression","rf",3,5,4,"mtry","5",0.192858608359268
"paclitaxel","regression","rf",3,5,4,"min.node.size","1",0.192858608359268
"paclitaxel","regression","rf",3,5,4,"sample.fraction","0.55",0.192858608359268
"paclitaxel","regression","rf",3,5,4,"max.depth","20",0.192858608359268
"paclitaxel","regression","rf",3,5,4,"num.trees","500",0.192858608359268
"paclitaxel","regression","rf",3,5,5,"mtry","10",0.192947955841658
"paclitaxel","regression","rf",3,5,5,"min.node.size","3",0.192947955841658
"paclitaxel","regression","rf",3,5,5,"sample.fraction","0.55",0.192947955841658
"paclitaxel","regression","rf",3,5,5,"max.depth","20",0.192947955841658
"paclitaxel","regression","rf",3,5,5,"num.trees","500",0.192947955841658
"paclitaxel","regression","rf",3,5,6,"mtry","20",0.193006892937416
"paclitaxel","regression","rf",3,5,6,"min.node.size","10",0.193006892937416
"paclitaxel","regression","rf",3,5,6,"sample.fraction","0.55",0.193006892937416
"paclitaxel","regression","rf",3,5,6,"max.depth","20",0.193006892937416
"paclitaxel","regression","rf",3,5,6,"num.trees","500",0.193006892937416
"paclitaxel","regression","rf",3,5,7,"mtry","35",0.192481054025412
"paclitaxel","regression","rf",3,5,7,"min.node.size","3",0.192481054025412
"paclitaxel","regression","rf",3,5,7,"sample.fraction","0.632",0.192481054025412
"paclitaxel","regression","rf",3,5,7,"max.depth","20",0.192481054025412
"paclitaxel","regression","rf",3,5,7,"num.trees","500",0.192481054025412
"paclitaxel","regression","rf",3,5,8,"mtry","14",0.192125350498728
"paclitaxel","regression","rf",3,5,8,"min.node.size","5",0.192125350498728
"paclitaxel","regression","rf",3,5,8,"sample.fraction","0.632",0.192125350498728
"paclitaxel","regression","rf",3,5,8,"max.depth","20",0.192125350498728
"paclitaxel","regression","rf",3,5,8,"num.trees","500",0.192125350498728
"paclitaxel","regression","rf",3,5,9,"mtry","5",0.192858625985589
"paclitaxel","regression","rf",3,5,9,"min.node.size","1",0.192858625985589
"paclitaxel","regression","rf",3,5,9,"sample.fraction","0.55",0.192858625985589
"paclitaxel","regression","rf",3,5,9,"max.depth","30",0.192858625985589
"paclitaxel","regression","rf",3,5,9,"num.trees","500",0.192858625985589
"paclitaxel","regression","rf",3,5,10,"mtry","5",0.19358100197061
"paclitaxel","regression","rf",3,5,10,"min.node.size","10",0.19358100197061
"paclitaxel","regression","rf",3,5,10,"sample.fraction","0.55",0.19358100197061
"paclitaxel","regression","rf",3,5,10,"max.depth","40",0.19358100197061
"paclitaxel","regression","rf",3,5,10,"num.trees","500",0.19358100197061
"paclitaxel","regression","rf",3,5,11,"mtry","20",0.192310751817101
"paclitaxel","regression","rf",3,5,11,"min.node.size","5",0.192310751817101
"paclitaxel","regression","rf",3,5,11,"sample.fraction","0.632",0.192310751817101
"paclitaxel","regression","rf",3,5,11,"max.depth","40",0.192310751817101
"paclitaxel","regression","rf",3,5,11,"num.trees","500",0.192310751817101
"paclitaxel","regression","rf",3,5,12,"mtry","14",0.191602559117788
"paclitaxel","regression","rf",3,5,12,"min.node.size","5",0.191602559117788
"paclitaxel","regression","rf",3,5,12,"sample.fraction","0.75",0.191602559117788
"paclitaxel","regression","rf",3,5,12,"max.depth","40",0.191602559117788
"paclitaxel","regression","rf",3,5,12,"num.trees","500",0.191602559117788
"paclitaxel","regression","ridge",3,5,1,"alpha","0",0.193974274243988
"paclitaxel","regression","ridge",3,5,1,"lambda","0.7774131513",0.193974274243988
"paclitaxel","regression","ridge",3,5,1,"measure","mse",0.193974274243988
"paclitaxel","regression","lasso",3,5,1,"alpha","1",0.191253652883653
"paclitaxel","regression","lasso",3,5,1,"lambda","0.01838185166",0.191253652883653
"paclitaxel","regression","lasso",3,5,1,"measure","mse",0.191253652883653
"paclitaxel","regression","enet",3,5,1,"alpha","0.1",0.19008445225879
"paclitaxel","regression","enet",3,5,1,"lambda","0.1266989732",0.19008445225879
"paclitaxel","regression","enet",3,5,1,"measure","mse",0.19008445225879
"paclitaxel","regression","enet",3,5,2,"alpha","0.2",0.189935836696192
"paclitaxel","regression","enet",3,5,2,"lambda","0.0663659201",0.189935836696192
"paclitaxel","regression","enet",3,5,2,"measure","mse",0.189935836696192
"paclitaxel","regression","enet",3,5,3,"alpha","0.3",0.19008513657068
"paclitaxel","regression","enet",3,5,3,"lambda","0.04424394674",0.19008513657068
"paclitaxel","regression","enet",3,5,3,"measure","mse",0.19008513657068
"paclitaxel","regression","enet",3,5,4,"alpha","0.4",0.190351911122016
"paclitaxel","regression","enet",3,5,4,"lambda","0.03318296005",0.190351911122016
"paclitaxel","regression","enet",3,5,4,"measure","mse",0.190351911122016
"paclitaxel","regression","enet",3,5,5,"alpha","0.5",0.190622803967435
"paclitaxel","regression","enet",3,5,5,"lambda","0.02654636804",0.190622803967435
"paclitaxel","regression","enet",3,5,5,"measure","mse",0.190622803967435
"paclitaxel","regression","enet",3,5,6,"alpha","0.6",0.190886805098721
"paclitaxel","regression","enet",3,5,6,"lambda","0.02924394688",0.190886805098721
"paclitaxel","regression","enet",3,5,6,"measure","mse",0.190886805098721
"paclitaxel","regression","enet",3,5,7,"alpha","0.7",0.190999412090325
"paclitaxel","regression","enet",3,5,7,"lambda","0.02506624018",0.190999412090325
"paclitaxel","regression","enet",3,5,7,"measure","mse",0.190999412090325
"paclitaxel","regression","enet",3,5,8,"alpha","0.8",0.19109951080081
"paclitaxel","regression","enet",3,5,8,"lambda","0.02193296016",0.19109951080081
"paclitaxel","regression","enet",3,5,8,"measure","mse",0.19109951080081
"paclitaxel","regression","enet",3,5,9,"alpha","0.9",0.191182333140671
"paclitaxel","regression","enet",3,5,9,"lambda","0.01949596459",0.191182333140671
"paclitaxel","regression","enet",3,5,9,"measure","mse",0.191182333140671
"paclitaxel","regression","svm_linear",3,5,1,"cost","0.01",0.214129841935787
"paclitaxel","regression","svm_linear",3,5,1,"epsilon","0.05",0.214129841935787
"paclitaxel","regression","svm_linear",3,5,2,"cost","0.1",0.331980726905678
"paclitaxel","regression","svm_linear",3,5,2,"epsilon","0.05",0.331980726905678
"paclitaxel","regression","svm_linear",3,5,3,"cost","1",0.442549639745961
"paclitaxel","regression","svm_linear",3,5,3,"epsilon","0.05",0.442549639745961
"paclitaxel","regression","svm_linear",3,5,4,"cost","10",0.442549639745961
"paclitaxel","regression","svm_linear",3,5,4,"epsilon","0.05",0.442549639745961
"paclitaxel","regression","svm_linear",3,5,5,"cost","0.01",0.214384757559183
"paclitaxel","regression","svm_linear",3,5,5,"epsilon","0.1",0.214384757559183
"paclitaxel","regression","svm_linear",3,5,6,"cost","0.1",0.324264521518103
"paclitaxel","regression","svm_linear",3,5,6,"epsilon","0.1",0.324264521518103
"paclitaxel","regression","svm_linear",3,5,7,"cost","1",0.41683479550907
"paclitaxel","regression","svm_linear",3,5,7,"epsilon","0.1",0.41683479550907
"paclitaxel","regression","svm_linear",3,5,8,"cost","10",0.41683479550907
"paclitaxel","regression","svm_linear",3,5,8,"epsilon","0.1",0.41683479550907
"paclitaxel","regression","svm_linear",3,5,9,"cost","0.01",0.213489970231733
"paclitaxel","regression","svm_linear",3,5,9,"epsilon","0.2",0.213489970231733
"paclitaxel","regression","svm_linear",3,5,10,"cost","0.1",0.307519035527663
"paclitaxel","regression","svm_linear",3,5,10,"epsilon","0.2",0.307519035527663
"paclitaxel","regression","svm_linear",3,5,11,"cost","1",0.367493873348702
"paclitaxel","regression","svm_linear",3,5,11,"epsilon","0.2",0.367493873348702
"paclitaxel","regression","svm_linear",3,5,12,"cost","10",0.367493873348702
"paclitaxel","regression","svm_linear",3,5,12,"epsilon","0.2",0.367493873348702
