"drug","task","model","repeat","fold","candidate","parameter","value","inner_score"
"paclitaxel","classification","rf",1,1,1,"mtry","10",0.534182833627278
"paclitaxel","classification","rf",1,1,1,"min.node.size","3",0.534182833627278
"paclitaxel","classification","rf",1,1,1,"sample.fraction","0.55",0.534182833627278
"paclitaxel","classification","rf",1,1,1,"max.depth","0",0.534182833627278
"paclitaxel","classification","rf",1,1,1,"num.trees","500",0.534182833627278
"paclitaxel","classification","rf",1,1,2,"mtry","14",0.513086419753086
"paclitaxel","classification","rf",1,1,2,"min.node.size","5",0.513086419753086
"paclitaxel","classification","rf",1,1,2,"sample.fraction","0.55",0.513086419753086
"paclitaxel","classification","rf",1,1,2,"max.depth","0",0.513086419753086
"paclitaxel","classification","rf",1,1,2,"num.trees","500",0.513086419753086
"paclitaxel","classification","rf",1,1,3,"mtry","20",0.491011169900059
"paclitaxel","classification","rf",1,1,3,"min.node.size","5",0.491011169900059
"paclitaxel","classification","rf",1,1,3,"sample.fraction","0.55",0.491011169900059
"paclitaxel","classification","rf",1,1,3,"max.depth","0",0.491011169900059
"paclitaxel","classification","rf",1,1,3,"num.trees","500",0.491011169900059
"paclitaxel","classification","rf",1,1,4,"mtry","20",0.495602586713698
"paclitaxel","classification","rf",1,1,4,"min.node.size","10",0.495602586713698
"paclitaxel","classification","rf",1,1,4,"sample.fraction","0.55",0.495602586713698
"paclitaxel","classification","rf",1,1,4,"max.depth","20",0.495602586713698
"paclitaxel","classification","rf",1,1,4,"num.trees","500",0.495602586713698
"paclitaxel","classification","rf",1,1,5,"mtry","14",0.513794826572604
"paclitaxel","classification","rf",1,1,5,"min.node.size","1",0.513794826572604
"paclitaxel","classification","rf",1,1,5,"sample.fraction","0.632",0.513794826572604
"paclitaxel","classification","rf",1,1,5,"max.depth","20",0.513794826572604
"paclitaxel","classification","rf",1,1,5,"num.trees","500",0.513794826572604
"paclitaxel","classification","rf",1,1,6,"mtry","14",0.51238683127572
"paclitaxel","classification","rf",1,1,6,"min.node.size","5",0.51238683127572
"paclitaxel","classification","rf",1,1,6,"sample.fraction","0.632",0.51238683127572
"paclitaxel","classification","rf",1,1,6,"max.depth","30",0.51238683127572
"paclitaxel","classification","rf",1,1,6,"num.trees","500",0.51238683127572
"paclitaxel","classification","rf",1,1,7,"mtry","20",0.497110523221634
"paclitaxel","classification","rf",1,1,7,"min.node.size","5",0.497110523221634
"paclitaxel","classification","rf",1,1,7,"sample.fraction","0.632",0.497110523221634
"paclitaxel","classification","rf",1,1,7,"max.depth","30",0.497110523221634
"paclitaxel","classification","rf",1,1,7,"num.trees","500",0.497110523221634
"paclitaxel","classification","rf",1,1,8,"mtry","14",0.510970017636684
"paclitaxel","classification","rf",1,1,8,"min.node.size","3",0.510970017636684
"paclitaxel","classification","rf",1,1,8,"sample.fraction","0.55",0.510970017636684
"paclitaxel","classification","rf",1,1,8,"max.depth","40",0.510970017636684
"paclitaxel","classification","rf",1,1,8,"num.trees","500",0.510970017636684
"paclitaxel","classification","rf",1,1,9,"mtry","14",0.512322163433275
"paclitaxel","classification","rf",1,1,9,"min.node.size","10",0.512322163433275
"paclitaxel","classification","rf",1,1,9,"sample.fraction","0.55",0.512322163433275
"paclitaxel","classification","rf",1,1,9,"max.depth","40",0.512322163433275
"paclitaxel","classification","rf",1,1,9,"num.trees","500",0.512322163433275
"paclitaxel","classification","rf",1,1,10,"mtry","50",0.483380364491476
"paclitaxel","classification","rf",1,1,10,"min.node.size","3",0.483380364491476
"paclitaxel","classification","rf",1,1,10,"sample.fraction","0.632",0.483380364491476
"paclitaxel","classification","rf",1,1,10,"max.depth","40",0.483380364491476
"paclitaxel","classification","rf",1,1,10,"num.trees","500",0.483380364491476
"paclitaxel","classification","rf",1,1,11,"mtry","50",0.464631099353322
"paclitaxel","classification","rf",1,1,11,"min.node.size","1",0.464631099353322
"paclitaxel","classification","rf",1,1,11,"sample.fraction","0.75",0.464631099353322
"paclitaxel","classification","rf",1,1,11,"max.depth","40",0.464631099353322
"paclitaxel","classification","rf",1,1,11,"num.trees","500",0.464631099353322
"paclitaxel","classification","rf",1,1,12,"mtry","50",0.472134038800705
"paclitaxel","classification","rf",1,1,12,"min.node.size","3",0.472134038800705
"paclitaxel","classification","rf",1,1,12,"sample.fraction","0.75",0.472134038800705
"paclitaxel","classification","rf",1,1,12,"max.depth","40",0.472134038800705
"paclitaxel","classification","rf",1,1,12,"num.trees","500",0.472134038800705
"paclitaxel","classification","ridge",1,1,1,"alpha","0",0.552945997239475
"paclitaxel","classification","ridge",1,1,1,"lambda","1.972418017",0.552945997239475
"paclitaxel","classification","ridge",1,1,1,"measure","auc",0.552945997239475
"paclitaxel","classification","lasso",1,1,1,"alpha","1",0.51106510236945
"paclitaxel","classification","lasso",1,1,1,"lambda","0.03871936746",0.51106510236945
"paclitaxel","classification","lasso",1,1,1,"measure","auc",0.51106510236945
"paclitaxel","classification","enet",1,1,1,"alpha","0.1",0.53418018173453
"paclitaxel","classification","enet",1,1,1,"lambda","0.07962685576",0.53418018173453
"paclitaxel","classification","enet",1,1,1,"measure","auc",0.53418018173453
"paclitaxel","classification","enet",1,1,2,"alpha","0.2",0.529468599033816
"paclitaxel","classification","enet",1,1,2,"lambda","0.07999445324",0.529468599033816
"paclitaxel","classification","enet",1,1,2,"measure","auc",0.529468599033816
"paclitaxel","classification","enet",1,1,3,"alpha","0.3",0.522242351046699
"paclitaxel","classification","enet",1,1,3,"lambda","0.03349256534",0.522242351046699
"paclitaxel","classification","enet",1,1,3,"measure","auc",0.522242351046699
"paclitaxel","classification","enet",1,1,4,"alpha","0.4",0.520157579940189
"paclitaxel","classification","enet",1,1,4,"lambda","0.03169711808",0.520157579940189
"paclitaxel","classification","enet",1,1,4,"measure","auc",0.520157579940189
"paclitaxel","classification","enet",1,1,5,"alpha","0.5",0.516206579250058
"paclitaxel","classification","enet",1,1,5,"lambda","0.02310498677",0.516206579250058
"paclitaxel","classification","enet",1,1,5,"measure","auc",0.516206579250058
"paclitaxel","classification","enet",1,1,6,"alpha","0.6",0.513181504485852
"paclitaxel","classification","enet",1,1,6,"lambda","0.02017095676",0.513181504485852
"paclitaxel","classification","enet",1,1,6,"measure","auc",0.513181504485852
"paclitaxel","classification","enet",1,1,7,"alpha","0.7",0.515387048539222
"paclitaxel","classification","enet",1,1,7,"lambda","0.01897508584",0.515387048539222
"paclitaxel","classification","enet",1,1,7,"measure","auc",0.515387048539222
"paclitaxel","classification","enet",1,1,8,"alpha","0.8",0.515379859673338
"paclitaxel","classification","enet",1,1,8,"lambda","0.01660320011",0.515379859673338
"paclitaxel","classification","enet",1,1,8,"measure","auc",0.515379859673338
"paclitaxel","classification","enet",1,1,9,"alpha","0.9",0.512813434552565
"paclitaxel","classification","enet",1,1,9,"lambda","0.03254420172",0.512813434552565
"paclitaxel","classification","enet",1,1,9,"measure","auc",0.512813434552565
"paclitaxel","classification","svm_linear",1,1,1,"cost","0.01",0.494559082892416
"paclitaxel","classification","svm_linear",1,1,2,"cost","0.1",0.435684891240447
"paclitaxel","classification","svm_linear",1,1,3,"cost","1",0.450946502057613
"paclitaxel","classification","svm_linear",1,1,4,"cost","10",0.450946502057613
"paclitaxel","classification","svm_linear",1,1,5,"cost","100",0.450946502057613
"paclitaxel","classification","rf",1,2,1,"mtry","35",0.613680188124633
"paclitaxel","classification","rf",1,2,1,"min.node.size","10",0.613680188124633
"paclitaxel","classification","rf",1,2,1,"sample.fraction","0.55",0.613680188124633
"paclitaxel","classification","rf",1,2,1,"max.depth","0",0.613680188124633
"paclitaxel","classification","rf",1,2,1,"num.trees","500",0.613680188124633
"paclitaxel","classification","rf",1,2,2,"mtry","14",0.627845385067607
"paclitaxel","classification","rf",1,2,2,"min.node.size","5",0.627845385067607
"paclitaxel","classification","rf",1,2,2,"sample.fraction","0.75",0.627845385067607
"paclitaxel","classification","rf",1,2,2,"max.depth","0",0.627845385067607
"paclitaxel","classification","rf",1,2,2,"num.trees","500",0.627845385067607
"paclitaxel","classification","rf",1,2,3,"mtry","20",0.650129335684891
"paclitaxel","classification","rf",1,2,3,"min.node.size","5",0.650129335684891
"paclitaxel","classification","rf",1,2,3,"sample.fraction","0.75",0.650129335684891
"paclitaxel","classification","rf",1,2,3,"max.depth","0",0.650129335684891
"paclitaxel","classification","rf",1,2,3,"num.trees","500",0.650129335684891
"paclitaxel","classification","rf",1,2,4,"mtry","35",0.613840388007055
"paclitaxel","classification","rf",1,2,4,"min.node.size","1",0.613840388007055
"paclitaxel","classification","rf",1,2,4,"sample.fraction","0.55",0.613840388007055
"paclitaxel","classification","rf",1,2,4,"max.depth","20",0.613840388007055
"paclitaxel","classification","rf",1,2,4,"num.trees","500",0.613840388007055
"paclitaxel","classification","rf",1,2,5,"mtry","20",0.628274544385655
"paclitaxel","classification","rf",1,2,5,"min.node.size","3",0.628274544385655
"paclitaxel","classification","rf",1,2,5,"sample.fraction","0.55",0.628274544385655
"paclitaxel","classification","rf",1,2,5,"max.depth","20",0.628274544385655
"paclitaxel","classification","rf",1,2,5,"num.trees","500",0.628274544385655
"paclitaxel","classification","rf",1,2,6,"mtry","35",0.619929453262787
"paclitaxel","classification","rf",1,2,6,"min.node.size","3",0.619929453262787
"paclitaxel","classification","rf",1,2,6,"sample.fraction","0.55",0.619929453262787
"paclitaxel","classification","rf",1,2,6,"max.depth","20",0.619929453262787
"paclitaxel","classification","rf",1,2,6,"num.trees","500",0.619929453262787
"paclitaxel","classification","rf",1,2,7,"mtry","50",0.613274544385656
"paclitaxel","classification","rf",1,2,7,"min.node.size","5",0.613274544385656
"paclitaxel","classification","rf",1,2,7,"sample.fraction","0.75",0.613274544385656
"paclitaxel","classification","rf",1,2,7,"max.depth","20",0.613274544385656
"paclitaxel","classification","rf",1,2,7,"num.trees","500",0.613274544385656
"paclitaxel","classification","rf",1,2,8,"mtry","5",0.633977072310406
"paclitaxel","classification","rf",1,2,8,"min.node.size","5",0.633977072310406
"paclitaxel","classification","rf",1,2,8,"sample.fraction","0.55",0.633977072310406
"paclitaxel","classification","rf",1,2,8,"max.depth","30",0.633977072310406
"paclitaxel","classification","rf",1,2,8,"num.trees","500",0.633977072310406
"paclitaxel","classification","rf",1,2,9,"mtry","35",0.613840388007055
"paclitaxel","classification","rf",1,2,9,"min.node.size","1",0.613840388007055
"paclitaxel","classification","rf",1,2,9,"sample.fraction","0.55",0.613840388007055
"paclitaxel","classification","rf",1,2,9,"max.depth","40",0.613840388007055
"paclitaxel","classification","rf",1,2,9,"num.trees","500",0.613840388007055
"paclitaxel","classification","rf",1,2,10,"mtry","20",0.627674897119342
"paclitaxel","classification","rf",1,2,10,"min.node.size","5",0.627674897119342
"paclitaxel","classification","rf",1,2,10,"sample.fraction","0.55",0.627674897119342
"paclitaxel","classification","rf",1,2,10,"max.depth","40",0.627674897119342
"paclitaxel","classification","rf",1,2,10,"num.trees","500",0.627674897119342
"paclitaxel","classification","rf",1,2,11,"mtry","10",0.629035861258084
"paclitaxel","classification","rf",1,2,11,"min.node.size","3",0.629035861258084
"paclitaxel","classification","rf",1,2,11,"sample.fraction","0.632",0.629035861258084
"paclitaxel","classification","rf",1,2,11,"max.depth","40",0.629035861258084
"paclitaxel","classification","rf",1,2,11,"num.trees","500",0.629035861258084
"paclitaxel","classification","rf",1,2,12,"mtry","35",0.631283068783069
"paclitaxel","classification","rf",1,2,12,"min.node.size","3",0.631283068783069
"paclitaxel","classification","rf",1,2,12,"sample.fraction","0.75",0.631283068783069
"paclitaxel","classification","rf",1,2,12,"max.depth","40",0.631283068783069
"paclitaxel","classification","rf",1,2,12,"num.trees","500",0.631283068783069
"paclitaxel","classification","ridge",1,2,1,"alpha","0",0.613376413103189
"paclitaxel","classification","ridge",1,2,1,"lambda","13.10286872",0.613376413103189
"paclitaxel","classification","ridge",1,2,1,"measure","auc",0.613376413103189
"paclitaxel","classification","lasso",1,2,1,"alpha","1",0.615439326914737
"paclitaxel","classification","lasso",1,2,1,"lambda","0.001772880736",0.615439326914737
"paclitaxel","classification","lasso",1,2,1,"measure","auc",0.615439326914737
"paclitaxel","classification","enet",1,2,1,"alpha","0.1",0.609280943707173
"paclitaxel","classification","enet",1,2,1,"lambda","0.07854963429",0.609280943707173
"paclitaxel","classification","enet",1,2,1,"measure","auc",0.609280943707173
"paclitaxel","classification","enet",1,2,2,"alpha","0.2",0.615979992482725
"paclitaxel","classification","enet",1,2,2,"lambda","0.06551434358",0.615979992482725
"paclitaxel","classification","enet",1,2,2,"measure","auc",0.615979992482725
"paclitaxel","classification","enet",1,2,3,"alpha","0.3",0.611469627316622
"paclitaxel","classification","enet",1,2,3,"lambda","0.06336673004",0.611469627316622
"paclitaxel","classification","enet",1,2,3,"measure","auc",0.611469627316622
"paclitaxel","classification","enet",1,2,4,"alpha","0.4",0.615753028594559
"paclitaxel","classification","enet",1,2,4,"lambda","0.02984711493",0.615753028594559
"paclitaxel","classification","enet",1,2,4,"measure","auc",0.615753028594559
"paclitaxel","classification","enet",1,2,5,"alpha","0.5",0.615388729869604
"paclitaxel","classification","enet",1,2,5,"lambda","0.03802003803",0.615388729869604
"paclitaxel","classification","enet",1,2,5,"measure","auc",0.615388729869604
"paclitaxel","classification","enet",1,2,6,"alpha","0.6",0.609979182930003
"paclitaxel","classification","enet",1,2,6,"lambda","0.02084553852",0.609979182930003
"paclitaxel","classification","enet",1,2,6,"measure","auc",0.609979182930003
"paclitaxel","classification","enet",1,2,7,"alpha","0.7",0.608709919912106
"paclitaxel","classification","enet",1,2,7,"lambda","0.01290185593",0.608709919912106
"paclitaxel","classification","enet",1,2,7,"measure","auc",0.608709919912106
"paclitaxel","classification","enet",1,2,8,"alpha","0.8",0.60680602538526
"paclitaxel","classification","enet",1,2,8,"lambda","0.005119480552",0.60680602538526
"paclitaxel","classification","enet",1,2,8,"measure","auc",0.60680602538526
"paclitaxel","classification","enet",1,2,9,"alpha","0.9",0.611708156243675
"paclitaxel","classification","enet",1,2,9,"lambda","0.01003477683",0.611708156243675
"paclitaxel","classification","enet",1,2,9,"measure","auc",0.611708156243675
"paclitaxel","classification","svm_linear",1,2,1,"cost","0.01",0.520696649029982
"paclitaxel","classification","svm_linear",1,2,2,"cost","0.1",0.524397413286302
"paclitaxel","classification","svm_linear",1,2,3,"cost","1",0.538997648442093
"paclitaxel","classification","svm_linear",1,2,4,"cost","10",0.538997648442093
"paclitaxel","classification","svm_linear",1,2,5,"cost","100",0.538997648442093
"paclitaxel","classification","rf",1,3,1,"mtry","50",0.649200470311581
"paclitaxel","classification","rf",1,3,1,"min.node.size","10",0.649200470311581
"paclitaxel","classification","rf",1,3,1,"sample.fraction","0.55",0.649200470311581
"paclitaxel","classification","rf",1,3,1,"max.depth","0",0.649200470311581
"paclitaxel","classification","rf",1,3,1,"num.trees","500",0.649200470311581
"paclitaxel","classification","rf",1,3,2,"mtry","5",0.663027630805409
"paclitaxel","classification","rf",1,3,2,"min.node.size","1",0.663027630805409
"paclitaxel","classification","rf",1,3,2,"sample.fraction","0.632",0.663027630805409
"paclitaxel","classification","rf",1,3,2,"max.depth","0",0.663027630805409
"paclitaxel","classification","rf",1,3,2,"num.trees","500",0.663027630805409
"paclitaxel","classification","rf",1,3,3,"mtry","35",0.65114050558495
"paclitaxel","classification","rf",1,3,3,"min.node.size","3",0.65114050558495
"paclitaxel","classification","rf",1,3,3,"sample.fraction","0.632",0.65114050558495
"paclitaxel","classification","rf",1,3,3,"max.depth","20",0.65114050558495
"paclitaxel","classification","rf",1,3,3,"num.trees","500",0.65114050558495
"paclitaxel","classification","rf",1,3,4,"mtry","5",0.668471487360376
"paclitaxel","classification","rf",1,3,4,"min.node.size","10",0.668471487360376
"paclitaxel","classification","rf",1,3,4,"sample.fraction","0.632",0.668471487360376
"paclitaxel","classification","rf",1,3,4,"max.depth","20",0.668471487360376
"paclitaxel","classification","rf",1,3,4,"num.trees","500",0.668471487360376
"paclitaxel","classification","rf",1,3,5,"mtry","5",0.652921810699588
"paclitaxel","classification","rf",1,3,5,"min.node.size","5",0.652921810699588
"paclitaxel","classification","rf",1,3,5,"sample.fraction","0.55",0.652921810699588
"paclitaxel","classification","rf",1,3,5,"max.depth","30",0.652921810699588
"paclitaxel","classification","rf",1,3,5,"num.trees","500",0.652921810699588
"paclitaxel","classification","rf",1,3,6,"mtry","14",0.643227513227513
"paclitaxel","classification","rf",1,3,6,"min.node.size","5",0.643227513227513
"paclitaxel","classification","rf",1,3,6,"sample.fraction","0.55",0.643227513227513
"paclitaxel","classification","rf",1,3,6,"max.depth","30",0.643227513227513
"paclitaxel","classification","rf",1,3,6,"num.trees","500",0.643227513227513
"paclitaxel","classification","rf",1,3,7,"mtry","14",0.664320987654321
"paclitaxel","classification","rf",1,3,7,"min.node.size","1",0.664320987654321
"paclitaxel","classification","rf",1,3,7,"sample.fraction","0.75",0.664320987654321
"paclitaxel","classification","rf",1,3,7,"max.depth","30",0.664320987654321
"paclitaxel","classification","rf",1,3,7,"num.trees","500",0.664320987654321
"paclitaxel","classification","rf",1,3,8,"mtry","14",0.647948265726043
"paclitaxel","classification","rf",1,3,8,"min.node.size","5",0.647948265726043
"paclitaxel","classification","rf",1,3,8,"sample.fraction","0.75",0.647948265726043
"paclitaxel","classification","rf",1,3,8,"max.depth","30",0.647948265726043
"paclitaxel","classification","rf",1,3,8,"num.trees","500",0.647948265726043
"paclitaxel","classification","rf",1,3,9,"mtry","20",0.647918871252205
"paclitaxel","classification","rf",1,3,9,"min.node.size","5",0.647918871252205
"paclitaxel","classification","rf",1,3,9,"sample.fraction","0.75",0.647918871252205
"paclitaxel","classification","rf",1,3,9,"max.depth","30",0.647918871252205
"paclitaxel","classification","rf",1,3,9,"num.trees","500",0.647918871252205
"paclitaxel","classification","rf",1,3,10,"mtry","14",0.655067607289829
"paclitaxel","classification","rf",1,3,10,"min.node.size","10",0.655067607289829
"paclitaxel","classification","rf",1,3,10,"sample.fraction","0.632",0.655067607289829
"paclitaxel","classification","rf",1,3,10,"max.depth","40",0.655067607289829
"paclitaxel","classification","rf",1,3,10,"num.trees","500",0.655067607289829
"paclitaxel","classification","rf",1,3,11,"mtry","50",0.64657848324515
"paclitaxel","classification","rf",1,3,11,"min.node.size","10",0.64657848324515
"paclitaxel","classification","rf",1,3,11,"sample.fraction","0.632",0.64657848324515
"paclitaxel","classification","rf",1,3,11,"max.depth","40",0.64657848324515
"paclitaxel","classification","rf",1,3,11,"num.trees","500",0.64657848324515
"paclitaxel","classification","rf",1,3,12,"mtry","50",0.664738389182834
"paclitaxel","classification","rf",1,3,12,"min.node.size","5",0.664738389182834
"paclitaxel","classification","rf",1,3,12,"sample.fraction","0.75",0.664738389182834
"paclitaxel","classification","rf",1,3,12,"max.depth","40",0.664738389182834
"paclitaxel","classification","rf",1,3,12,"num.trees","500",0.664738389182834
"paclitaxel","classification","ridge",1,3,1,"alpha","0",0.608909880377272
"paclitaxel","classification","ridge",1,3,1,"lambda","1.133041019",0.608909880377272
"paclitaxel","classification","ridge",1,3,1,"measure","auc",0.608909880377272
"paclitaxel","classification","lasso",1,3,1,"alpha","1",0.623567977915804
"paclitaxel","classification","lasso",1,3,1,"lambda","0.05382862787",0.623567977915804
"paclitaxel","classification","lasso",1,3,1,"measure","auc",0.623567977915804
"paclitaxel","classification","enet",1,3,1,"alpha","0.1",0.629001322751323
"paclitaxel","classification","enet",1,3,1,"lambda","0.1056677846",0.629001322751323
"paclitaxel","classification","enet",1,3,1,"measure","auc",0.629001322751323
"paclitaxel","classification","enet",1,3,2,"alpha","0.2",0.631511674718196
"paclitaxel","classification","enet",1,3,2,"lambda","0.07316893743",0.631511674718196
"paclitaxel","classification","enet",1,3,2,"measure","auc",0.631511674718196
"paclitaxel","classification","enet",1,3,3,"alpha","0.3",0.633078847481021
"paclitaxel","classification","enet",1,3,3,"lambda","0.05353521233",0.633078847481021
"paclitaxel","classification","enet",1,3,3,"measure","auc",0.633078847481021
"paclitaxel","classification","enet",1,3,4,"alpha","0.4",0.633930009201748
"paclitaxel","classification","enet",1,3,4,"lambda","0.04206324883",0.633930009201748
"paclitaxel","classification","enet",1,3,4,"measure","auc",0.633930009201748
"paclitaxel","classification","enet",1,3,5,"alpha","0.5",0.634653209109731
"paclitaxel","classification","enet",1,3,5,"lambda","0.03693149093",0.634653209109731
"paclitaxel","classification","enet",1,3,5,"measure","auc",0.634653209109731
"paclitaxel","classification","enet",1,3,6,"alpha","0.6",0.629957441913964
"paclitaxel","classification","enet",1,3,6,"lambda","0.03224167639",0.629957441913964
"paclitaxel","classification","enet",1,3,6,"measure","auc",0.629957441913964
"paclitaxel","classification","enet",1,3,7,"alpha","0.7",0.629101966873706
"paclitaxel","classification","enet",1,3,7,"lambda","0.03177436541",0.629101966873706
"paclitaxel","classification","enet",1,3,7,"measure","auc",0.629101966873706
"paclitaxel","classification","enet",1,3,8,"alpha","0.8",0.624488152749022
"paclitaxel","classification","enet",1,3,8,"lambda","0.02533266606",0.624488152749022
"paclitaxel","classification","enet",1,3,8,"measure","auc",0.624488152749022
"paclitaxel","classification","enet",1,3,9,"alpha","0.9",0.625117897400506
"paclitaxel","classification","enet",1,3,9,"lambda","0.05980958653",0.625117897400506
"paclitaxel","classification","enet",1,3,9,"measure","auc",0.625117897400506
"paclitaxel","classification","svm_linear",1,3,1,"cost","0.01",0.565902410346855
"paclitaxel","classification","svm_linear",1,3,2,"cost","0.1",0.560388007054674
"paclitaxel","classification","svm_linear",1,3,3,"cost","1",0.579964726631393
"paclitaxel","classification","svm_linear",1,3,4,"cost","10",0.579964726631393
"paclitaxel","classification","svm_linear",1,3,5,"cost","100",0.579964726631393
"paclitaxel","classification","rf",1,4,1,"mtry","50",0.627576425631981
"paclitaxel","classification","rf",1,4,1,"min.node.size","1",0.627576425631981
"paclitaxel","classification","rf",1,4,1,"sample.fraction","0.632",0.627576425631981
"paclitaxel","classification","rf",1,4,1,"max.depth","0",0.627576425631981
"paclitaxel","classification","rf",1,4,1,"num.trees","500",0.627576425631981
"paclitaxel","classification","rf",1,4,2,"mtry","35",0.628271604938272
"paclitaxel","classification","rf",1,4,2,"min.node.size","3",0.628271604938272
"paclitaxel","classification","rf",1,4,2,"sample.fraction","0.632",0.628271604938272
"paclitaxel","classification","rf",1,4,2,"max.depth","0",0.628271604938272
"paclitaxel","classification","rf",1,4,2,"num.trees","500",0.628271604938272
"paclitaxel","classification","rf",1,4,3,"mtry","14",0.63101998824221
"paclitaxel","classification","rf",1,4,3,"min.node.size","5",0.63101998824221
"paclitaxel","classification","rf",1,4,3,"sample.fraction","0.75",0.63101998824221
"paclitaxel","classification","rf",1,4,3,"max.depth","0",0.63101998824221
"paclitaxel","classification","rf",1,4,3,"num.trees","500",0.63101998824221
"paclitaxel","classification","rf",1,4,4,"mtry","10",0.642307466196355
"paclitaxel","classification","rf",1,4,4,"min.node.size","3",0.642307466196355
"paclitaxel","classification","rf",1,4,4,"sample.fraction","0.55",0.642307466196355
"paclitaxel","classification","rf",1,4,4,"max.depth","20",0.642307466196355
"paclitaxel","classification","rf",1,4,4,"num.trees","500",0.642307466196355
"paclitaxel","classification","rf",1,4,5,"mtry","50",0.62380658436214
"paclitaxel","classification","rf",1,4,5,"min.node.size","10",0.62380658436214
"paclitaxel","classification","rf",1,4,5,"sample.fraction","0.75",0.62380658436214
"paclitaxel","classification","rf",1,4,5,"max.depth","20",0.62380658436214
"paclitaxel","classification","rf",1,4,5,"num.trees","500",0.62380658436214
"paclitaxel","classification","rf",1,4,6,"mtry","20",0.632154614932393
"paclitaxel","classification","rf",1,4,6,"min.node.size","1",0.632154614932393
"paclitaxel","classification","rf",1,4,6,"sample.fraction","0.55",0.632154614932393
"paclitaxel","classification","rf",1,4,6,"max.depth","30",0.632154614932393
"paclitaxel","classification","rf",1,4,6,"num.trees","500",0.632154614932393
"paclitaxel","classification","rf",1,4,7,"mtry","35",0.634876543209877
"paclitaxel","classification","rf",1,4,7,"min.node.size","1",0.634876543209877
"paclitaxel","classification","rf",1,4,7,"sample.fraction","0.55",0.634876543209877
"paclitaxel","classification","rf",1,4,7,"max.depth","40",0.634876543209877
"paclitaxel","classification","rf",1,4,7,"num.trees","500",0.634876543209877
"paclitaxel","classification","rf",1,4,8,"mtry","10",0.642307466196355
"paclitaxel","classification","rf",1,4,8,"min.node.size","3",0.642307466196355
"paclitaxel","classification","rf",1,4,8,"sample.fraction","0.55",0.642307466196355
"paclitaxel","classification","rf",1,4,8,"max.depth","40",0.642307466196355
"paclitaxel","classification","rf",1,4,8,"num.trees","500",0.642307466196355
"paclitaxel","classification","rf",1,4,9,"mtry","50",0.627576425631981
"paclitaxel","classification","rf",1,4,9,"min.node.size","1",0.627576425631981
"paclitaxel","classification","rf",1,4,9,"sample.fraction","0.632",0.627576425631981
"paclitaxel","classification","rf",1,4,9,"max.depth","40",0.627576425631981
"paclitaxel","classification","rf",1,4,9,"num.trees","500",0.627576425631981
"paclitaxel","classification","rf",1,4,10,"mtry","35",0.628271604938272
"paclitaxel","classification","rf",1,4,10,"min.node.size","3",0.628271604938272
"paclitaxel","classification","rf",1,4,10,"sample.fraction","0.632",0.628271604938272
"paclitaxel","classification","rf",1,4,10,"max.depth","40",0.628271604938272
"paclitaxel","classification","rf",1,4,10,"num.trees","500",0.628271604938272
"paclitaxel","classification","rf",1,4,11,"mtry","14",0.637397119341564
"paclitaxel","classification","rf",1,4,11,"min.node.size","3",0.637397119341564
"paclitaxel","classification","rf",1,4,11,"sample.fraction","0.75",0.637397119341564
"paclitaxel","classification","rf",1,4,11,"max.depth","40",0.637397119341564
"paclitaxel","classification","rf",1,4,11,"num.trees","500",0.637397119341564
"paclitaxel","classification","rf",1,4,12,"mtry","10",0.639420928865373
"paclitaxel","classification","rf",1,4,12,"min.node.size","10",0.639420928865373
"paclitaxel","classification","rf",1,4,12,"sample.fraction","0.75",0.639420928865373
"paclitaxel","classification","rf",1,4,12,"max.depth","40",0.639420928865373
"paclitaxel","classification","rf",1,4,12,"num.trees","500",0.639420928865373
"paclitaxel","classification","ridge",1,4,1,"alpha","0",0.658346918346918
"paclitaxel","classification","ridge",1,4,1,"lambda","1.918107924",0.658346918346918
"paclitaxel","classification","ridge",1,4,1,"measure","auc",0.658346918346918
"paclitaxel","classification","lasso",1,4,1,"alpha","1",0.652310882310882
"paclitaxel","classification","lasso",1,4,1,"lambda","0.06893322464",0.652310882310882
"paclitaxel","classification","lasso",1,4,1,"measure","auc",0.652310882310882
"paclitaxel","classification","enet",1,4,1,"alpha","0.1",0.665288145288145
"paclitaxel","classification","enet",1,4,1,"lambda","0.02420377686",0.665288145288145
"paclitaxel","classification","enet",1,4,1,"measure","auc",0.665288145288145
"paclitaxel","classification","enet",1,4,2,"alpha","0.2",0.663484913484913
"paclitaxel","classification","enet",1,4,2,"lambda","0.03695741865",0.663484913484913
"paclitaxel","classification","enet",1,4,2,"measure","auc",0.663484913484913
"paclitaxel","classification","enet",1,4,3,"alpha","0.3",0.66002574002574
"paclitaxel","classification","enet",1,4,3,"lambda","0.02045513216",0.66002574002574
"paclitaxel","classification","enet",1,4,3,"measure","auc",0.66002574002574
"paclitaxel","classification","enet",1,4,4,"alpha","0.4",0.658171028171028
"paclitaxel","classification","enet",1,4,4,"lambda","0.003305193473",0.658171028171028
"paclitaxel","classification","enet",1,4,4,"measure","auc",0.658171028171028
"paclitaxel","classification","enet",1,4,5,"alpha","0.5",0.653454883454883
"paclitaxel","classification","enet",1,4,5,"lambda","0.1444310641",0.653454883454883
"paclitaxel","classification","enet",1,4,5,"measure","auc",0.653454883454883
"paclitaxel","classification","enet",1,4,6,"alpha","0.6",0.658770198770199
"paclitaxel","classification","enet",1,4,6,"lambda","0.1096668387",0.658770198770199
"paclitaxel","classification","enet",1,4,6,"measure","auc",0.658770198770199
"paclitaxel","classification","enet",1,4,7,"alpha","0.7",0.657182897182897
"paclitaxel","classification","enet",1,4,7,"lambda","0.09400014742",0.657182897182897
"paclitaxel","classification","enet",1,4,7,"measure","auc",0.657182897182897
"paclitaxel","classification","enet",1,4,8,"alpha","0.8",0.656367796367796
"paclitaxel","classification","enet",1,4,8,"lambda","0.082250129",0.656367796367796
"paclitaxel","classification","enet",1,4,8,"measure","auc",0.656367796367796
"paclitaxel","classification","enet",1,4,9,"alpha","0.9",0.653965393965394
"paclitaxel","classification","enet",1,4,9,"lambda","0.07311122577",0.653965393965394
"paclitaxel","classification","enet",1,4,9,"measure","auc",0.653965393965394
"paclitaxel","classification","svm_linear",1,4,1,"cost","0.01",0.637345679012346
"paclitaxel","classification","svm_linear",1,4,2,"cost","0.1",0.657263374485597
"paclitaxel","classification","svm_linear",1,4,3,"cost","1",0.648674309229865
"paclitaxel","classification","svm_linear",1,4,4,"cost","10",0.648674309229865
"paclitaxel","classification","svm_linear",1,4,5,"cost","100",0.648674309229865
"paclitaxel","classification","rf",1,5,1,"mtry","20",0.606078777189888
"paclitaxel","classification","rf",1,5,1,"min.node.size","10",0.606078777189888
"paclitaxel","classification","rf",1,5,1,"sample.fraction","0.632",0.606078777189888
"paclitaxel","classification","rf",1,5,1,"max.depth","0",0.606078777189888
"paclitaxel","classification","rf",1,5,1,"num.trees","500",0.606078777189888
"paclitaxel","classification","rf",1,5,2,"mtry","50",0.593009994121105
"paclitaxel","classification","rf",1,5,2,"min.node.size","10",0.593009994121105
"paclitaxel","classification","rf",1,5,2,"sample.fraction","0.55",0.593009994121105
"paclitaxel","classification","rf",1,5,2,"max.depth","20",0.593009994121105
"paclitaxel","classification","rf",1,5,2,"num.trees","500",0.593009994121105
"paclitaxel","classification","rf",1,5,3,"mtry","10",0.61962962962963
"paclitaxel","classification","rf",1,5,3,"min.node.size","3",0.61962962962963
"paclitaxel","classification","rf",1,5,3,"sample.fraction","0.75",0.61962962962963
"paclitaxel","classification","rf",1,5,3,"max.depth","20",0.61962962962963
"paclitaxel","classification","rf",1,5,3,"num.trees","500",0.61962962962963
"paclitaxel","classification","rf",1,5,4,"mtry","5",0.606081716637272
"paclitaxel","classification","rf",1,5,4,"min.node.size","1",0.606081716637272
"paclitaxel","classification","rf",1,5,4,"sample.fraction","0.55",0.606081716637272
"paclitaxel","classification","rf",1,5,4,"max.depth","30",0.606081716637272
"paclitaxel","classification","rf",1,5,4,"num.trees","500",0.606081716637272
"paclitaxel","classification","rf",1,5,5,"mtry","35",0.611410934744268
"paclitaxel","classification","rf",1,5,5,"min.node.size","1",0.611410934744268
"paclitaxel","classification","rf",1,5,5,"sample.fraction","0.55",0.611410934744268
"paclitaxel","classification","rf",1,5,5,"max.depth","30",0.611410934744268
"paclitaxel","classification","rf",1,5,5,"num.trees","500",0.611410934744268
"paclitaxel","classification","rf",1,5,6,"mtry","10",0.626854791299236
"paclitaxel","classification","rf",1,5,6,"min.node.size","1",0.626854791299236
"paclitaxel","classification","rf",1,5,6,"sample.fraction","0.632",0.626854791299236
"paclitaxel","classification","rf",1,5,6,"max.depth","30",0.626854791299236
"paclitaxel","classification","rf",1,5,6,"num.trees","500",0.626854791299236
"paclitaxel","classification","rf",1,5,7,"mtry","20",0.609932392710171
"paclitaxel","classification","rf",1,5,7,"min.node.size","1",0.609932392710171
"paclitaxel","classification","rf",1,5,7,"sample.fraction","0.632",0.609932392710171
"paclitaxel","classification","rf",1,5,7,"max.depth","30",0.609932392710171
"paclitaxel","classification","rf",1,5,7,"num.trees","500",0.609932392710171
"paclitaxel","classification","rf",1,5,8,"mtry","20",0.6185949441505
"paclitaxel","classification","rf",1,5,8,"min.node.size","1",0.6185949441505
"paclitaxel","classification","rf",1,5,8,"sample.fraction","0.55",0.6185949441505
"paclitaxel","classification","rf",1,5,8,"max.depth","40",0.6185949441505
"paclitaxel","classification","rf",1,5,8,"num.trees","500",0.6185949441505
"paclitaxel","classification","rf",1,5,9,"mtry","10",0.606061140505585
"paclitaxel","classification","rf",1,5,9,"min.node.size","10",0.606061140505585
"paclitaxel","classification","rf",1,5,9,"sample.fraction","0.55",0.606061140505585
"paclitaxel","classification","rf",1,5,9,"max.depth","40",0.606061140505585
"paclitaxel","classification","rf",1,5,9,"num.trees","500",0.606061140505585
"paclitaxel","classification","rf",1,5,10,"mtry","50",0.593009994121105
"paclitaxel","classification","rf",1,5,10,"min.node.size","10",0.593009994121105
"paclitaxel","classification","rf",1,5,10,"sample.fraction","0.55",0.593009994121105
"paclitaxel","classification","rf",1,5,10,"max.depth","40",0.593009994121105
"paclitaxel","classification","rf",1,5,10,"num.trees","500",0.593009994121105
"paclitaxel","classification","rf",1,5,11,"mtry","14",0.605114638447972
"paclitaxel","classification","rf",1,5,11,"min.node.size","5",0.605114638447972
"paclitaxel","classification","rf",1,5,11,"sample.fraction","0.632",0.605114638447972
"paclitaxel","classification","rf",1,5,11,"max.depth","40",0.605114638447972
"paclitaxel","classification","rf",1,5,11,"num.trees","500",0.605114638447972
"paclitaxel","classification","rf",1,5,12,"mtry","35",0.608418577307466
"paclitaxel","classification","rf",1,5,12,"min.node.size","1",0.608418577307466
"paclitaxel","classification","rf",1,5,12,"sample.fraction","0.75",0.608418577307466
"paclitaxel","classification","rf",1,5,12,"max.depth","40",0.608418577307466
"paclitaxel","classification","rf",1,5,12,"num.trees","500",0.608418577307466
"paclitaxel","classification","ridge",1,5,1,"alpha","0",0.661374223602485
"paclitaxel","classification","ridge",1,5,1,"lambda","14.08196612",0.661374223602485
"paclitaxel","classification","ridge",1,5,1,"measure","auc",0.661374223602485
"paclitaxel","classification","lasso",1,5,1,"alpha","1",0.666663791120313
"paclitaxel","classification","lasso",1,5,1,"lambda","0.03253116816",0.666663791120313
"paclitaxel","classification","lasso",1,5,1,"measure","auc",0.666663791120313
"paclitaxel","classification","enet",1,5,1,"alpha","0.1",0.665096618357488
"paclitaxel","classification","enet",1,5,1,"lambda","0.1169109566",0.665096618357488
"paclitaxel","classification","enet",1,5,1,"measure","auc",0.665096618357488
"paclitaxel","classification","enet",1,5,2,"alpha","0.2",0.664692604094778
"paclitaxel","classification","enet",1,5,2,"lambda","0.05845547832",0.664692604094778
"paclitaxel","classification","enet",1,5,2,"measure","auc",0.664692604094778
"paclitaxel","classification","enet",1,5,3,"alpha","0.3",0.663444616977226
"paclitaxel","classification","enet",1,5,3,"lambda","0.04082591995",0.663444616977226
"paclitaxel","classification","enet",1,5,3,"measure","auc",0.663444616977226
"paclitaxel","classification","enet",1,5,4,"alpha","0.4",0.663464745801702
"paclitaxel","classification","enet",1,5,4,"lambda","0.07763144091",0.663464745801702
"paclitaxel","classification","enet",1,5,4,"measure","auc",0.663464745801702
"paclitaxel","classification","enet",1,5,5,"alpha","0.5",0.670197837589142
"paclitaxel","classification","enet",1,5,5,"lambda","0.02231943465",0.670197837589142
"paclitaxel","classification","enet",1,5,5,"measure","auc",0.670197837589142
"paclitaxel","classification","enet",1,5,6,"alpha","0.6",0.665424430641822
"paclitaxel","classification","enet",1,5,6,"lambda","0.01859952887",0.665424430641822
"paclitaxel","classification","enet",1,5,6,"measure","auc",0.665424430641822
"paclitaxel","classification","enet",1,5,7,"alpha","0.7",0.663358350586611
"paclitaxel","classification","enet",1,5,7,"lambda","0.04647309738",0.663358350586611
"paclitaxel","classification","enet",1,5,7,"measure","auc",0.663358350586611
"paclitaxel","classification","enet",1,5,8,"alpha","0.8",0.664156314699793
"paclitaxel","classification","enet",1,5,8,"lambda","0.04066396021",0.664156314699793
"paclitaxel","classification","enet",1,5,8,"measure","auc",0.664156314699793
"paclitaxel","classification","enet",1,5,9,"alpha","0.9",0.665014665286404
"paclitaxel","classification","enet",1,5,9,"lambda","0.03614574241",0.665014665286404
"paclitaxel","classification","enet",1,5,9,"measure","auc",0.665014665286404
"paclitaxel","classification","svm_linear",1,5,1,"cost","0.01",0.653227513227513
"paclitaxel","classification","svm_linear",1,5,2,"cost","0.1",0.611128747795414
"paclitaxel","classification","svm_linear",1,5,3,"cost","1",0.608589065255732
"paclitaxel","classification","svm_linear",1,5,4,"cost","10",0.608589065255732
"paclitaxel","classification","svm_linear",1,5,5,"cost","100",0.608589065255732
"paclitaxel","classification","rf",2,1,1,"mtry","14",0.65384479717813
"paclitaxel","classification","rf",2,1,1,"min.node.size","1",0.65384479717813
"paclitaxel","classification","rf",2,1,1,"sample.fraction","0.55",0.65384479717813
"paclitaxel","classification","rf",2,1,1,"max.depth","0",0.65384479717813
"paclitaxel","classification","rf",2,1,1,"num.trees","500",0.65384479717813
"paclitaxel","classification","rf",2,1,2,"mtry","20",0.658259847148736
"paclitaxel","classification","rf",2,1,2,"min.node.size","1",0.658259847148736
"paclitaxel","classification","rf",2,1,2,"sample.fraction","0.75",0.658259847148736
"paclitaxel","classification","rf",2,1,2,"max.depth","20",0.658259847148736
"paclitaxel","classification","rf",2,1,2,"num.trees","500",0.658259847148736
"paclitaxel","classification","rf",2,1,3,"mtry","20",0.651769547325103
"paclitaxel","classification","rf",2,1,3,"min.node.size","5",0.651769547325103
"paclitaxel","classification","rf",2,1,3,"sample.fraction","0.75",0.651769547325103
"paclitaxel","classification","rf",2,1,3,"max.depth","20",0.651769547325103
"paclitaxel","classification","rf",2,1,3,"num.trees","500",0.651769547325103
"paclitaxel","classification","rf",2,1,4,"mtry","35",0.643409758965314
"paclitaxel","classification","rf",2,1,4,"min.node.size","5",0.643409758965314
"paclitaxel","classification","rf",2,1,4,"sample.fraction","0.632",0.643409758965314
"paclitaxel","classification","rf",2,1,4,"max.depth","30",0.643409758965314
"paclitaxel","classification","rf",2,1,4,"num.trees","500",0.643409758965314
"paclitaxel","classification","rf",2,1,5,"mtry","5",0.66375367430923
"paclitaxel","classification","rf",2,1,5,"min.node.size","10",0.66375367430923
"paclitaxel","classification","rf",2,1,5,"sample.fraction","0.632",0.66375367430923
"paclitaxel","classification","rf",2,1,5,"max.depth","30",0.66375367430923
"paclitaxel","classification","rf",2,1,5,"num.trees","500",0.66375367430923
"paclitaxel","classification","rf",2,1,6,"mtry","20",0.65435038212816
"paclitaxel","classification","rf",2,1,6,"min.node.size","10",0.65435038212816
"paclitaxel","classification","rf",2,1,6,"sample.fraction","0.632",0.65435038212816
"paclitaxel","classification","rf",2,1,6,"max.depth","30",0.65435038212816
"paclitaxel","classification","rf",2,1,6,"num.trees","500",0.65435038212816
"paclitaxel","classification","rf",2,1,7,"mtry","20",0.651769547325103
"paclitaxel","classification","rf",2,1,7,"min.node.size","5",0.651769547325103
"paclitaxel","classification","rf",2,1,7,"sample.fraction","0.75",0.651769547325103
"paclitaxel","classification","rf",2,1,7,"max.depth","30",0.651769547325103
"paclitaxel","classification","rf",2,1,7,"num.trees","500",0.651769547325103
"paclitaxel","classification","rf",2,1,8,"mtry","10",0.678080540858319
"paclitaxel","classification","rf",2,1,8,"min.node.size","1",0.678080540858319
"paclitaxel","classification","rf",2,1,8,"sample.fraction","0.55",0.678080540858319
"paclitaxel","classification","rf",2,1,8,"max.depth","40",0.678080540858319
"paclitaxel","classification","rf",2,1,8,"num.trees","500",0.678080540858319
"paclitaxel","classification","rf",2,1,9,"mtry","10",0.646966490299824
"paclitaxel","classification","rf",2,1,9,"min.node.size","10",0.646966490299824
"paclitaxel","classification","rf",2,1,9,"sample.fraction","0.55",0.646966490299824
"paclitaxel","classification","rf",2,1,9,"max.depth","40",0.646966490299824
"paclitaxel","classification","rf",2,1,9,"num.trees","500",0.646966490299824
"paclitaxel","classification","rf",2,1,10,"mtry","14",0.655313051146384
"paclitaxel","classification","rf",2,1,10,"min.node.size","1",0.655313051146384
"paclitaxel","classification","rf",2,1,10,"sample.fraction","0.632",0.655313051146384
"paclitaxel","classification","rf",2,1,10,"max.depth","40",0.655313051146384
"paclitaxel","classification","rf",2,1,10,"num.trees","500",0.655313051146384
"paclitaxel","classification","rf",2,1,11,"mtry","20",0.664550264550265
"paclitaxel","classification","rf",2,1,11,"min.node.size","1",0.664550264550265
"paclitaxel","classification","rf",2,1,11,"sample.fraction","0.632",0.664550264550265
"paclitaxel","classification","rf",2,1,11,"max.depth","40",0.664550264550265
"paclitaxel","classification","rf",2,1,11,"num.trees","500",0.664550264550265
"paclitaxel","classification","rf",2,1,12,"mtry","20",0.65435038212816
"paclitaxel","classification","rf",2,1,12,"min.node.size","10",0.65435038212816
"paclitaxel","classification","rf",2,1,12,"sample.fraction","0.632",0.65435038212816
"paclitaxel","classification","rf",2,1,12,"max.depth","40",0.65435038212816
"paclitaxel","classification","rf",2,1,12,"num.trees","500",0.65435038212816
"paclitaxel","classification","ridge",2,1,1,"alpha","0",0.658735878735879
"paclitaxel","classification","ridge",2,1,1,"lambda","1.775788653",0.658735878735879
"paclitaxel","classification","ridge",2,1,1,"measure","auc",0.658735878735879
"paclitaxel","classification","lasso",2,1,1,"alpha","1",0.626101816101816
"paclitaxel","classification","lasso",2,1,1,"lambda","0.06091788432",0.626101816101816
"paclitaxel","classification","lasso",2,1,1,"measure","auc",0.626101816101816
"paclitaxel","classification","enet",2,1,1,"alpha","0.1",0.666673816673817
"paclitaxel","classification","enet",2,1,1,"lambda","0.229351924",0.666673816673817
"paclitaxel","classification","enet",2,1,1,"measure","auc",0.666673816673817
"paclitaxel","classification","enet",2,1,2,"alpha","0.2",0.654680394680395
"paclitaxel","classification","enet",2,1,2,"lambda","0.1588131769",0.654680394680395
"paclitaxel","classification","enet",2,1,2,"measure","auc",0.654680394680395
"paclitaxel","classification","enet",2,1,3,"alpha","0.3",0.65011297011297
"paclitaxel","classification","enet",2,1,3,"lambda","0.1058754512",0.65011297011297
"paclitaxel","classification","enet",2,1,3,"measure","auc",0.65011297011297
"paclitaxel","classification","enet",2,1,4,"alpha","0.4",0.648511368511368
"paclitaxel","classification","enet",2,1,4,"lambda","0.08714863278",0.648511368511368
"paclitaxel","classification","enet",2,1,4,"measure","auc",0.648511368511368
"paclitaxel","classification","enet",2,1,5,"alpha","0.5",0.63985556985557
"paclitaxel","classification","enet",2,1,5,"lambda","0.06655007434",0.63985556985557
"paclitaxel","classification","enet",2,1,5,"measure","auc",0.63985556985557
"paclitaxel","classification","enet",2,1,6,"alpha","0.6",0.634300014300014
"paclitaxel","classification","enet",2,1,6,"lambda","0.05545839528",0.634300014300014
"paclitaxel","classification","enet",2,1,6,"measure","auc",0.634300014300014
"paclitaxel","classification","enet",2,1,7,"alpha","0.7",0.628415558415558
"paclitaxel","classification","enet",2,1,7,"lambda","0.07929443911",0.628415558415558
"paclitaxel","classification","enet",2,1,7,"measure","auc",0.628415558415558
"paclitaxel","classification","enet",2,1,8,"alpha","0.8",0.628482768482769
"paclitaxel","classification","enet",2,1,8,"lambda","0.06938263422",0.628482768482769
"paclitaxel","classification","enet",2,1,8,"measure","auc",0.628482768482769
"paclitaxel","classification","enet",2,1,9,"alpha","0.9",0.629216359216359
"paclitaxel","classification","enet",2,1,9,"lambda","0.06167345264",0.629216359216359
"paclitaxel","classification","enet",2,1,9,"measure","auc",0.629216359216359
"paclitaxel","classification","svm_linear",2,1,1,"cost","0.01",0.595511463844797
"paclitaxel","classification","svm_linear",2,1,2,"cost","0.1",0.545846560846561
"paclitaxel","classification","svm_linear",2,1,3,"cost","1",0.550878894767784
"paclitaxel","classification","svm_linear",2,1,4,"cost","10",0.550878894767784
"paclitaxel","classification","svm_linear",2,1,5,"cost","100",0.550878894767784
"paclitaxel","classification","rf",2,2,1,"mtry","5",0.58586125808348
"paclitaxel","classification","rf",2,2,1,"min.node.size","1",0.58586125808348
"paclitaxel","classification","rf",2,2,1,"sample.fraction","0.632",0.58586125808348
"paclitaxel","classification","rf",2,2,1,"max.depth","0",0.58586125808348
"paclitaxel","classification","rf",2,2,1,"num.trees","500",0.58586125808348
"paclitaxel","classification","rf",2,2,2,"mtry","35",0.563609641387419
"paclitaxel","classification","rf",2,2,2,"min.node.size","5",0.563609641387419
"paclitaxel","classification","rf",2,2,2,"sample.fraction","0.632",0.563609641387419
"paclitaxel","classification","rf",2,2,2,"max.depth","0",0.563609641387419
"paclitaxel","classification","rf",2,2,2,"num.trees","500",0.563609641387419
"paclitaxel","classification","rf",2,2,3,"mtry","20",0.563154027042916
"paclitaxel","classification","rf",2,2,3,"min.node.size","10",0.563154027042916
"paclitaxel","classification","rf",2,2,3,"sample.fraction","0.632",0.563154027042916
"paclitaxel","classification","rf",2,2,3,"max.depth","0",0.563154027042916
"paclitaxel","classification","rf",2,2,3,"num.trees","500",0.563154027042916
"paclitaxel","classification","rf",2,2,4,"mtry","35",0.553001175778953
"paclitaxel","classification","rf",2,2,4,"min.node.size","1",0.553001175778953
"paclitaxel","classification","rf",2,2,4,"sample.fraction","0.75",0.553001175778953
"paclitaxel","classification","rf",2,2,4,"max.depth","0",0.553001175778953
"paclitaxel","classification","rf",2,2,4,"num.trees","500",0.553001175778953
"paclitaxel","classification","rf",2,2,5,"mtry","14",0.558877131099353
"paclitaxel","classification","rf",2,2,5,"min.node.size","5",0.558877131099353
"paclitaxel","classification","rf",2,2,5,"sample.fraction","0.75",0.558877131099353
"paclitaxel","classification","rf",2,2,5,"max.depth","0",0.558877131099353
"paclitaxel","classification","rf",2,2,5,"num.trees","500",0.558877131099353
"paclitaxel","classification","rf",2,2,6,"mtry","20",0.563659611992945
"paclitaxel","classification","rf",2,2,6,"min.node.size","5",0.563659611992945
"paclitaxel","classification","rf",2,2,6,"sample.fraction","0.75",0.563659611992945
"paclitaxel","classification","rf",2,2,6,"max.depth","0",0.563659611992945
"paclitaxel","classification","rf",2,2,6,"num.trees","500",0.563659611992945
"paclitaxel","classification","rf",2,2,7,"mtry","50",0.555740740740741
"paclitaxel","classification","rf",2,2,7,"min.node.size","5",0.555740740740741
"paclitaxel","classification","rf",2,2,7,"sample.fraction","0.55",0.555740740740741
"paclitaxel","classification","rf",2,2,7,"max.depth","20",0.555740740740741
"paclitaxel","classification","rf",2,2,7,"num.trees","500",0.555740740740741
"paclitaxel","classification","rf",2,2,8,"mtry","50",0.557366255144033
"paclitaxel","classification","rf",2,2,8,"min.node.size","10",0.557366255144033
"paclitaxel","classification","rf",2,2,8,"sample.fraction","0.55",0.557366255144033
"paclitaxel","classification","rf",2,2,8,"max.depth","20",0.557366255144033
"paclitaxel","classification","rf",2,2,8,"num.trees","500",0.557366255144033
"paclitaxel","classification","rf",2,2,9,"mtry","10",0.551540270429159
"paclitaxel","classification","rf",2,2,9,"min.node.size","10",0.551540270429159
"paclitaxel","classification","rf",2,2,9,"sample.fraction","0.75",0.551540270429159
"paclitaxel","classification","rf",2,2,9,"max.depth","20",0.551540270429159
"paclitaxel","classification","rf",2,2,9,"num.trees","500",0.551540270429159
"paclitaxel","classification","rf",2,2,10,"mtry","20",0.569491475602587
"paclitaxel","classification","rf",2,2,10,"min.node.size","5",0.569491475602587
"paclitaxel","classification","rf",2,2,10,"sample.fraction","0.55",0.569491475602587
"paclitaxel","classification","rf",2,2,10,"max.depth","30",0.569491475602587
"paclitaxel","classification","rf",2,2,10,"num.trees","500",0.569491475602587
"paclitaxel","classification","rf",2,2,11,"mtry","50",0.576300705467372
"paclitaxel","classification","rf",2,2,11,"min.node.size","1",0.576300705467372
"paclitaxel","classification","rf",2,2,11,"sample.fraction","0.632",0.576300705467372
"paclitaxel","classification","rf",2,2,11,"max.depth","40",0.576300705467372
"paclitaxel","classification","rf",2,2,11,"num.trees","500",0.576300705467372
"paclitaxel","classification","rf",2,2,12,"mtry","14",0.558877131099353
"paclitaxel","classification","rf",2,2,12,"min.node.size","5",0.558877131099353
"paclitaxel","classification","rf",2,2,12,"sample.fraction","0.75",0.558877131099353
"paclitaxel","classification","rf",2,2,12,"max.depth","40",0.558877131099353
"paclitaxel","classification","rf",2,2,12,"num.trees","500",0.558877131099353
"paclitaxel","classification","ridge",2,2,1,"alpha","0",0.619513799513799
"paclitaxel","classification","ridge",2,2,1,"lambda","1.474648171",0.619513799513799
"paclitaxel","classification","ridge",2,2,1,"measure","auc",0.619513799513799
"paclitaxel","classification","lasso",2,2,1,"alpha","1",0.624508794508794
"paclitaxel","classification","lasso",2,2,1,"lambda","0.01581216898",0.624508794508794
"paclitaxel","classification","lasso",2,2,1,"measure","auc",0.624508794508794
"paclitaxel","classification","enet",2,2,1,"alpha","0.1",0.653626483626484
"paclitaxel","classification","enet",2,2,1,"lambda","0.2517744459",0.653626483626484
"paclitaxel","classification","enet",2,2,1,"measure","auc",0.653626483626484
"paclitaxel","classification","enet",2,2,2,"alpha","0.2",0.644617474617475
"paclitaxel","classification","enet",2,2,2,"lambda","0.09976347132",0.644617474617475
"paclitaxel","classification","enet",2,2,2,"measure","auc",0.644617474617475
"paclitaxel","classification","enet",2,2,3,"alpha","0.3",0.646310596310596
"paclitaxel","classification","enet",2,2,3,"lambda","0.06967585607",0.646310596310596
"paclitaxel","classification","enet",2,2,3,"measure","auc",0.646310596310596
"paclitaxel","classification","enet",2,2,4,"alpha","0.4",0.643778063778064
"paclitaxel","classification","enet",2,2,4,"lambda","0.03281885119",0.643778063778064
"paclitaxel","classification","enet",2,2,4,"measure","auc",0.643778063778064
"paclitaxel","classification","enet",2,2,5,"alpha","0.5",0.640875160875161
"paclitaxel","classification","enet",2,2,5,"lambda","0.03470767187",0.640875160875161
"paclitaxel","classification","enet",2,2,5,"measure","auc",0.640875160875161
"paclitaxel","classification","enet",2,2,6,"alpha","0.6",0.637005577005577
"paclitaxel","classification","enet",2,2,6,"lambda","0.03030025316",0.637005577005577
"paclitaxel","classification","enet",2,2,6,"measure","auc",0.637005577005577
"paclitaxel","classification","enet",2,2,7,"alpha","0.7",0.633785213785214
"paclitaxel","classification","enet",2,2,7,"lambda","0.02479119419",0.633785213785214
"paclitaxel","classification","enet",2,2,7,"measure","auc",0.633785213785214
"paclitaxel","classification","enet",2,2,8,"alpha","0.8",0.63006435006435
"paclitaxel","classification","enet",2,2,8,"lambda","0.01800932433",0.63006435006435
"paclitaxel","classification","enet",2,2,8,"measure","auc",0.63006435006435
"paclitaxel","classification","enet",2,2,9,"alpha","0.9",0.626776776776777
"paclitaxel","classification","enet",2,2,9,"lambda","0.01756907664",0.626776776776777
"paclitaxel","classification","enet",2,2,9,"measure","auc",0.626776776776777
"paclitaxel","classification","svm_linear",2,2,1,"cost","0.01",0.593941798941799
"paclitaxel","classification","svm_linear",2,2,2,"cost","0.1",0.576155202821869
"paclitaxel","classification","svm_linear",2,2,3,"cost","1",0.556484420928865
"paclitaxel","classification","svm_linear",2,2,4,"cost","10",0.556484420928865
"paclitaxel","classification","svm_linear",2,2,5,"cost","100",0.556484420928865
"paclitaxel","classification","rf",2,3,1,"mtry","35",0.579382716049383
"paclitaxel","classification","rf",2,3,1,"min.node.size","1",0.579382716049383
"paclitaxel","classification","rf",2,3,1,"sample.fraction","0.55",0.579382716049383
"paclitaxel","classification","rf",2,3,1,"max.depth","0",0.579382716049383
"paclitaxel","classification","rf",2,3,1,"num.trees","500",0.579382716049383
"paclitaxel","classification","rf",2,3,2,"mtry","50",0.566390358612581
"paclitaxel","classification","rf",2,3,2,"min.node.size","5",0.566390358612581
"paclitaxel","classification","rf",2,3,2,"sample.fraction","0.632",0.566390358612581
"paclitaxel","classification","rf",2,3,2,"max.depth","0",0.566390358612581
"paclitaxel","classification","rf",2,3,2,"num.trees","500",0.566390358612581
"paclitaxel","classification","rf",2,3,3,"mtry","14",0.584482657260435
"paclitaxel","classification","rf",2,3,3,"min.node.size","10",0.584482657260435
"paclitaxel","classification","rf",2,3,3,"sample.fraction","0.632",0.584482657260435
"paclitaxel","classification","rf",2,3,3,"max.depth","0",0.584482657260435
"paclitaxel","classification","rf",2,3,3,"num.trees","500",0.584482657260435
"paclitaxel","classification","rf",2,3,4,"mtry","20",0.579758965314521
"paclitaxel","classification","rf",2,3,4,"min.node.size","3",0.579758965314521
"paclitaxel","classification","rf",2,3,4,"sample.fraction","0.75",0.579758965314521
"paclitaxel","classification","rf",2,3,4,"max.depth","0",0.579758965314521
"paclitaxel","classification","rf",2,3,4,"num.trees","500",0.579758965314521
"paclitaxel","classification","rf",2,3,5,"mtry","35",0.584758965314521
"paclitaxel","classification","rf",2,3,5,"min.node.size","3",0.584758965314521
"paclitaxel","classification","rf",2,3,5,"sample.fraction","0.55",0.584758965314521
"paclitaxel","classification","rf",2,3,5,"max.depth","20",0.584758965314521
"paclitaxel","classification","rf",2,3,5,"num.trees","500",0.584758965314521
"paclitaxel","classification","rf",2,3,6,"mtry","35",0.571657848324515
"paclitaxel","classification","rf",2,3,6,"min.node.size","10",0.571657848324515
"paclitaxel","classification","rf",2,3,6,"sample.fraction","0.55",0.571657848324515
"paclitaxel","classification","rf",2,3,6,"max.depth","20",0.571657848324515
"paclitaxel","classification","rf",2,3,6,"num.trees","500",0.571657848324515
"paclitaxel","classification","rf",2,3,7,"mtry","20",0.564053497942387
"paclitaxel","classification","rf",2,3,7,"min.node.size","10",0.564053497942387
"paclitaxel","classification","rf",2,3,7,"sample.fraction","0.632",0.564053497942387
"paclitaxel","classification","rf",2,3,7,"max.depth","20",0.564053497942387
"paclitaxel","classification","rf",2,3,7,"num.trees","500",0.564053497942387
"paclitaxel","classification","rf",2,3,8,"mtry","50",0.571754850088183
"paclitaxel","classification","rf",2,3,8,"min.node.size","3",0.571754850088183
"paclitaxel","classification","rf",2,3,8,"sample.fraction","0.75",0.571754850088183
"paclitaxel","classification","rf",2,3,8,"max.depth","20",0.571754850088183
"paclitaxel","classification","rf",2,3,8,"num.trees","500",0.571754850088183
"paclitaxel","classification","rf",2,3,9,"mtry","50",0.568768371546149
"paclitaxel","classification","rf",2,3,9,"min.node.size","5",0.568768371546149
"paclitaxel","classification","rf",2,3,9,"sample.fraction","0.75",0.568768371546149
"paclitaxel","classification","rf",2,3,9,"max.depth","20",0.568768371546149
"paclitaxel","classification","rf",2,3,9,"num.trees","500",0.568768371546149
"paclitaxel","classification","rf",2,3,10,"mtry","20",0.582407407407407
"paclitaxel","classification","rf",2,3,10,"min.node.size","10",0.582407407407407
"paclitaxel","classification","rf",2,3,10,"sample.fraction","0.75",0.582407407407407
"paclitaxel","classification","rf",2,3,10,"max.depth","30",0.582407407407407
"paclitaxel","classification","rf",2,3,10,"num.trees","500",0.582407407407407
"paclitaxel","classification","rf",2,3,11,"mtry","20",0.567233980011758
"paclitaxel","classification","rf",2,3,11,"min.node.size","10",0.567233980011758
"paclitaxel","classification","rf",2,3,11,"sample.fraction","0.55",0.567233980011758
"paclitaxel","classification","rf",2,3,11,"max.depth","40",0.567233980011758
"paclitaxel","classification","rf",2,3,11,"num.trees","500",0.567233980011758
"paclitaxel","classification","rf",2,3,12,"mtry","10",0.577918871252205
"paclitaxel","classification","rf",2,3,12,"min.node.size","10",0.577918871252205
"paclitaxel","classification","rf",2,3,12,"sample.fraction","0.75",0.577918871252205
"paclitaxel","classification","rf",2,3,12,"max.depth","40",0.577918871252205
"paclitaxel","classification","rf",2,3,12,"num.trees","500",0.577918871252205
"paclitaxel","classification","ridge",2,3,1,"alpha","0",0.598083094804406
"paclitaxel","classification","ridge",2,3,1,"lambda","1.172654366",0.598083094804406
"paclitaxel","classification","ridge",2,3,1,"measure","auc",0.598083094804406
"paclitaxel","classification","lasso",2,3,1,"alpha","1",0.632283806054298
"paclitaxel","classification","lasso",2,3,1,"lambda","0.002356135853",0.632283806054298
"paclitaxel","classification","lasso",2,3,1,"measure","auc",0.632283806054298
"paclitaxel","classification","enet",2,3,1,"alpha","0.1",0.621505189811201
"paclitaxel","classification","enet",2,3,1,"lambda","0.01172654366",0.621505189811201
"paclitaxel","classification","enet",2,3,1,"measure","auc",0.621505189811201
"paclitaxel","classification","enet",2,3,2,"alpha","0.2",0.626900280452193
"paclitaxel","classification","enet",2,3,2,"lambda","0.006741337802",0.626900280452193
"paclitaxel","classification","enet",2,3,2,"measure","auc",0.626900280452193
"paclitaxel","classification","enet",2,3,3,"alpha","0.3",0.62708242981467
"paclitaxel","classification","enet",2,3,3,"lambda","0.00493240661",0.62708242981467
"paclitaxel","classification","enet",2,3,3,"measure","auc",0.62708242981467
"paclitaxel","classification","enet",2,3,4,"alpha","0.4",0.633537167143725
"paclitaxel","classification","enet",2,3,4,"lambda","0.003531165838",0.633537167143725
"paclitaxel","classification","enet",2,3,4,"measure","auc",0.633537167143725
"paclitaxel","classification","enet",2,3,5,"alpha","0.5",0.636836094486368
"paclitaxel","classification","enet",2,3,5,"lambda","0.002345308732",0.636836094486368
"paclitaxel","classification","enet",2,3,5,"measure","auc",0.636836094486368
"paclitaxel","classification","enet",2,3,6,"alpha","0.6",0.628435539364501
"paclitaxel","classification","enet",2,3,6,"lambda","0.003578038729",0.628435539364501
"paclitaxel","classification","enet",2,3,6,"measure","auc",0.628435539364501
"paclitaxel","classification","enet",2,3,7,"alpha","0.7",0.626770173764709
"paclitaxel","classification","enet",2,3,7,"lambda","0.003869976684",0.626770173764709
"paclitaxel","classification","enet",2,3,7,"measure","auc",0.626770173764709
"paclitaxel","classification","enet",2,3,8,"alpha","0.8",0.629976580796253
"paclitaxel","classification","enet",2,3,8,"lambda","0.003893341169",0.629976580796253
"paclitaxel","classification","enet",2,3,8,"measure","auc",0.629976580796253
"paclitaxel","classification","enet",2,3,9,"alpha","0.9",0.631595686240495
"paclitaxel","classification","enet",2,3,9,"lambda","0.003153304417",0.631595686240495
"paclitaxel","classification","enet",2,3,9,"measure","auc",0.631595686240495
"paclitaxel","classification","svm_linear",2,3,1,"cost","0.01",0.586787184009406
"paclitaxel","classification","svm_linear",2,3,2,"cost","0.1",0.628048206937096
"paclitaxel","classification","svm_linear",2,3,3,"cost","1",0.630114638447972
"paclitaxel","classification","svm_linear",2,3,4,"cost","10",0.630114638447972
"paclitaxel","classification","svm_linear",2,3,5,"cost","100",0.630114638447972
"paclitaxel","classification","rf",2,4,1,"mtry","5",0.619672251616696
"paclitaxel","classification","rf",2,4,1,"min.node.size","1",0.619672251616696
"paclitaxel","classification","rf",2,4,1,"sample.fraction","0.55",0.619672251616696
"paclitaxel","classification","rf",2,4,1,"max.depth","0",0.619672251616696
"paclitaxel","classification","rf",2,4,1,"num.trees","500",0.619672251616696
"paclitaxel","classification","rf",2,4,2,"mtry","20",0.606831275720165
"paclitaxel","classification","rf",2,4,2,"min.node.size","3",0.606831275720165
"paclitaxel","classification","rf",2,4,2,"sample.fraction","0.55",0.606831275720165
"paclitaxel","classification","rf",2,4,2,"max.depth","0",0.606831275720165
"paclitaxel","classification","rf",2,4,2,"num.trees","500",0.606831275720165
"paclitaxel","classification","rf",2,4,3,"mtry","20",0.608515579071135
"paclitaxel","classification","rf",2,4,3,"min.node.size","10",0.608515579071135
"paclitaxel","classification","rf",2,4,3,"sample.fraction","0.75",0.608515579071135
"paclitaxel","classification","rf",2,4,3,"max.depth","0",0.608515579071135
"paclitaxel","classification","rf",2,4,3,"num.trees","500",0.608515579071135
"paclitaxel","classification","rf",2,4,4,"mtry","35",0.601169900058789
"paclitaxel","classification","rf",2,4,4,"min.node.size","1",0.601169900058789
"paclitaxel","classification","rf",2,4,4,"sample.fraction","0.55",0.601169900058789
"paclitaxel","classification","rf",2,4,4,"max.depth","20",0.601169900058789
"paclitaxel","classification","rf",2,4,4,"num.trees","500",0.601169900058789
"paclitaxel","classification","rf",2,4,5,"mtry","14",0.605552616108172
"paclitaxel","classification","rf",2,4,5,"min.node.size","3",0.605552616108172
"paclitaxel","classification","rf",2,4,5,"sample.fraction","0.55",0.605552616108172
"paclitaxel","classification","rf",2,4,5,"max.depth","20",0.605552616108172
"paclitaxel","classification","rf",2,4,5,"num.trees","500",0.605552616108172
"paclitaxel","classification","rf",2,4,6,"mtry","10",0.610849500293945
"paclitaxel","classification","rf",2,4,6,"min.node.size","10",0.610849500293945
"paclitaxel","classification","rf",2,4,6,"sample.fraction","0.632",0.610849500293945
"paclitaxel","classification","rf",2,4,6,"max.depth","20",0.610849500293945
"paclitaxel","classification","rf",2,4,6,"num.trees","500",0.610849500293945
"paclitaxel","classification","rf",2,4,7,"mtry","35",0.59978835978836
"paclitaxel","classification","rf",2,4,7,"min.node.size","5",0.59978835978836
"paclitaxel","classification","rf",2,4,7,"sample.fraction","0.75",0.59978835978836
"paclitaxel","classification","rf",2,4,7,"max.depth","20",0.59978835978836
"paclitaxel","classification","rf",2,4,7,"num.trees","500",0.59978835978836
"paclitaxel","classification","rf",2,4,8,"mtry","5",0.634929453262787
"paclitaxel","classification","rf",2,4,8,"min.node.size","5",0.634929453262787
"paclitaxel","classification","rf",2,4,8,"sample.fraction","0.75",0.634929453262787
"paclitaxel","classification","rf",2,4,8,"max.depth","30",0.634929453262787
"paclitaxel","classification","rf",2,4,8,"num.trees","500",0.634929453262787
"paclitaxel","classification","rf",2,4,9,"mtry","10",0.621164021164021
"paclitaxel","classification","rf",2,4,9,"min.node.size","10",0.621164021164021
"paclitaxel","classification","rf",2,4,9,"sample.fraction","0.75",0.621164021164021
"paclitaxel","classification","rf",2,4,9,"max.depth","30",0.621164021164021
"paclitaxel","classification","rf",2,4,9,"num.trees","500",0.621164021164021
"paclitaxel","classification","rf",2,4,10,"mtry","5",0.619672251616696
"paclitaxel","classification","rf",2,4,10,"min.node.size","1",0.619672251616696
"paclitaxel","classification","rf",2,4,10,"sample.fraction","0.55",0.619672251616696
"paclitaxel","classification","rf",2,4,10,"max.depth","40",0.619672251616696
"paclitaxel","classification","rf",2,4,10,"num.trees","500",0.619672251616696
"paclitaxel","classification","rf",2,4,11,"mtry","35",0.620144032921811
"paclitaxel","classification","rf",2,4,11,"min.node.size","3",0.620144032921811
"paclitaxel","classification","rf",2,4,11,"sample.fraction","0.632",0.620144032921811
"paclitaxel","classification","rf",2,4,11,"max.depth","40",0.620144032921811
"paclitaxel","classification","rf",2,4,11,"num.trees","500",0.620144032921811
"paclitaxel","classification","rf",2,4,12,"mtry","10",0.628853615520282
"paclitaxel","classification","rf",2,4,12,"min.node.size","5",0.628853615520282
"paclitaxel","classification","rf",2,4,12,"sample.fraction","0.75",0.628853615520282
"paclitaxel","classification","rf",2,4,12,"max.depth","40",0.628853615520282
"paclitaxel","classification","rf",2,4,12,"num.trees","500",0.628853615520282
"paclitaxel","classification","ridge",2,4,1,"alpha","0",0.661617207269381
"paclitaxel","classification","ridge",2,4,1,"lambda","1.16744839",0.661617207269381
"paclitaxel","classification","ridge",2,4,1,"measure","auc",0.661617207269381
"paclitaxel","classification","lasso",2,4,1,"alpha","1",0.674462272831838
"paclitaxel","classification","lasso",2,4,1,"lambda","0.03173811467",0.674462272831838
"paclitaxel","classification","lasso",2,4,1,"measure","auc",0.674462272831838
"paclitaxel","classification","enet",2,4,1,"alpha","0.1",0.686050724637681
"paclitaxel","classification","enet",2,4,1,"lambda","0.1373867219",0.686050724637681
"paclitaxel","classification","enet",2,4,1,"measure","auc",0.686050724637681
"paclitaxel","classification","enet",2,4,2,"alpha","0.2",0.691899585921325
"paclitaxel","classification","enet",2,4,2,"lambda","0.07196424705",0.691899585921325
"paclitaxel","classification","enet",2,4,2,"measure","auc",0.691899585921325
"paclitaxel","classification","enet",2,4,3,"alpha","0.3",0.68373878536922
"paclitaxel","classification","enet",2,4,3,"lambda","0.05516093097",0.68373878536922
"paclitaxel","classification","enet",2,4,3,"measure","auc",0.68373878536922
"paclitaxel","classification","enet",2,4,4,"alpha","0.4",0.68129169542213
"paclitaxel","classification","enet",2,4,4,"lambda","0.04334059517",0.68129169542213
"paclitaxel","classification","enet",2,4,4,"measure","auc",0.68129169542213
"paclitaxel","classification","enet",2,4,5,"alpha","0.5",0.677429836668967
"paclitaxel","classification","enet",2,4,5,"lambda","0.03467247614",0.677429836668967
"paclitaxel","classification","enet",2,4,5,"measure","auc",0.677429836668967
"paclitaxel","classification","enet",2,4,6,"alpha","0.6",0.672762824936738
"paclitaxel","classification","enet",2,4,6,"lambda","0.03026952682",0.672762824936738
"paclitaxel","classification","enet",2,4,6,"measure","auc",0.672762824936738
"paclitaxel","classification","enet",2,4,7,"alpha","0.7",0.673237290085116
"paclitaxel","classification","enet",2,4,7,"lambda","0.02718071411",0.673237290085116
"paclitaxel","classification","enet",2,4,7,"measure","auc",0.673237290085116
"paclitaxel","classification","enet",2,4,8,"alpha","0.8",0.672979928686451
"paclitaxel","classification","enet",2,4,8,"lambda","0.03967264333",0.672979928686451
"paclitaxel","classification","enet",2,4,8,"measure","auc",0.672979928686451
"paclitaxel","classification","enet",2,4,9,"alpha","0.9",0.675178283873936
"paclitaxel","classification","enet",2,4,9,"lambda","0.03366174264",0.675178283873936
"paclitaxel","classification","enet",2,4,9,"measure","auc",0.675178283873936
"paclitaxel","classification","svm_linear",2,4,1,"cost","0.01",0.587815990593768
"paclitaxel","classification","svm_linear",2,4,2,"cost","0.1",0.616596119929453
"paclitaxel","classification","svm_linear",2,4,3,"cost","1",0.628856554967666
"paclitaxel","classification","svm_linear",2,4,4,"cost","10",0.628856554967666
"paclitaxel","classification","svm_linear",2,4,5,"cost","100",0.628856554967666
"paclitaxel","classification","rf",2,5,1,"mtry","10",0.564309229864785
"paclitaxel","classification","rf",2,5,1,"min.node.size","3",0.564309229864785
"paclitaxel","classification","rf",2,5,1,"sample.fraction","0.632",0.564309229864785
"paclitaxel","classification","rf",2,5,1,"max.depth","0",0.564309229864785
"paclitaxel","classification","rf",2,5,1,"num.trees","500",0.564309229864785
"paclitaxel","classification","rf",2,5,2,"mtry","20",0.552245737801293
"paclitaxel","classification","rf",2,5,2,"min.node.size","5",0.552245737801293
"paclitaxel","classification","rf",2,5,2,"sample.fraction","0.632",0.552245737801293
"paclitaxel","classification","rf",2,5,2,"max.depth","0",0.552245737801293
"paclitaxel","classification","rf",2,5,2,"num.trees","500",0.552245737801293
"paclitaxel","classification","rf",2,5,3,"mtry","5",0.573480305702528
"paclitaxel","classification","rf",2,5,3,"min.node.size","5",0.573480305702528
"paclitaxel","classification","rf",2,5,3,"sample.fraction","0.632",0.573480305702528
"paclitaxel","classification","rf",2,5,3,"max.depth","20",0.573480305702528
"paclitaxel","classification","rf",2,5,3,"num.trees","500",0.573480305702528
"paclitaxel","classification","rf",2,5,4,"mtry","35",0.557789535567313
"paclitaxel","classification","rf",2,5,4,"min.node.size","5",0.557789535567313
"paclitaxel","classification","rf",2,5,4,"sample.fraction","0.632",0.557789535567313
"paclitaxel","classification","rf",2,5,4,"max.depth","20",0.557789535567313
"paclitaxel","classification","rf",2,5,4,"num.trees","500",0.557789535567313
"paclitaxel","classification","rf",2,5,5,"mtry","50",0.552627865961199
"paclitaxel","classification","rf",2,5,5,"min.node.size","3",0.552627865961199
"paclitaxel","classification","rf",2,5,5,"sample.fraction","0.75",0.552627865961199
"paclitaxel","classification","rf",2,5,5,"max.depth","20",0.552627865961199
"paclitaxel","classification","rf",2,5,5,"num.trees","500",0.552627865961199
"paclitaxel","classification","rf",2,5,6,"mtry","50",0.558277483833039
"paclitaxel","classification","rf",2,5,6,"min.node.size","10",0.558277483833039
"paclitaxel","classification","rf",2,5,6,"sample.fraction","0.632",0.558277483833039
"paclitaxel","classification","rf",2,5,6,"max.depth","30",0.558277483833039
"paclitaxel","classification","rf",2,5,6,"num.trees","500",0.558277483833039
"paclitaxel","classification","rf",2,5,7,"mtry","20",0.558174603174603
"paclitaxel","classification","rf",2,5,7,"min.node.size","1",0.558174603174603
"paclitaxel","classification","rf",2,5,7,"sample.fraction","0.55",0.558174603174603
"paclitaxel","classification","rf",2,5,7,"max.depth","40",0.558174603174603
"paclitaxel","classification","rf",2,5,7,"num.trees","500",0.558174603174603
"paclitaxel","classification","rf",2,5,8,"mtry","50",0.572363315696649
"paclitaxel","classification","rf",2,5,8,"min.node.size","5",0.572363315696649
"paclitaxel","classification","rf",2,5,8,"sample.fraction","0.55",0.572363315696649
"paclitaxel","classification","rf",2,5,8,"max.depth","40",0.572363315696649
"paclitaxel","classification","rf",2,5,8,"num.trees","500",0.572363315696649
"paclitaxel","classification","rf",2,5,9,"mtry","20",0.553680188124632
"paclitaxel","classification","rf",2,5,9,"min.node.size","10",0.553680188124632
"paclitaxel","classification","rf",2,5,9,"sample.fraction","0.632",0.553680188124632
"paclitaxel","classification","rf",2,5,9,"max.depth","40",0.553680188124632
"paclitaxel","classification","rf",2,5,9,"num.trees","500",0.553680188124632
"paclitaxel","classification","rf",2,5,10,"mtry","20",0.566175778953557
"paclitaxel","classification","rf",2,5,10,"min.node.size","1",0.566175778953557
"paclitaxel","classification","rf",2,5,10,"sample.fraction","0.75",0.566175778953557
"paclitaxel","classification","rf",2,5,10,"max.depth","40",0.566175778953557
"paclitaxel","classification","rf",2,5,10,"num.trees","500",0.566175778953557
"paclitaxel","classification","rf",2,5,11,"mtry","35",0.561387419165197
"paclitaxel","classification","rf",2,5,11,"min.node.size","3",0.561387419165197
"paclitaxel","classification","rf",2,5,11,"sample.fraction","0.75",0.561387419165197
"paclitaxel","classification","rf",2,5,11,"max.depth","40",0.561387419165197
"paclitaxel","classification","rf",2,5,11,"num.trees","500",0.561387419165197
"paclitaxel","classification","rf",2,5,12,"mtry","5",0.576490299823633
"paclitaxel","classification","rf",2,5,12,"min.node.size","5",0.576490299823633
"paclitaxel","classification","rf",2,5,12,"sample.fraction","0.75",0.576490299823633
"paclitaxel","classification","rf",2,5,12,"max.depth","40",0.576490299823633
"paclitaxel","classification","rf",2,5,12,"num.trees","500",0.576490299823633
"paclitaxel","classification","ridge",2,5,1,"alpha","0",0.622427501662474
"paclitaxel","classification","ridge",2,5,1,"lambda","106.4680598",0.622427501662474
"paclitaxel","classification","ridge",2,5,1,"measure","auc",0.622427501662474
"paclitaxel","classification","lasso",2,5,1,"alpha","1",0.545060282765201
"paclitaxel","classification","lasso",2,5,1,"lambda","0.05058095406",0.545060282765201
"paclitaxel","classification","lasso",2,5,1,"measure","auc",0.545060282765201
"paclitaxel","classification","enet",2,5,1,"alpha","0.1",0.557352473472692
"paclitaxel","classification","enet",2,5,1,"lambda","0.5815580576",0.557352473472692
"paclitaxel","classification","enet",2,5,1,"measure","auc",0.557352473472692
"paclitaxel","classification","enet",2,5,2,"alpha","0.2",0.551069766097088
"paclitaxel","classification","enet",2,5,2,"lambda","0.2907790288",0.551069766097088
"paclitaxel","classification","enet",2,5,2,"measure","auc",0.551069766097088
"paclitaxel","classification","enet",2,5,3,"alpha","0.3",0.546915025876775
"paclitaxel","classification","enet",2,5,3,"lambda","0.1850417821",0.546915025876775
"paclitaxel","classification","enet",2,5,3,"measure","auc",0.546915025876775
"paclitaxel","classification","enet",2,5,4,"alpha","0.4",0.545777315176222
"paclitaxel","classification","enet",2,5,4,"lambda","0.1387813366",0.545777315176222
"paclitaxel","classification","enet",2,5,4,"measure","auc",0.545777315176222
"paclitaxel","classification","enet",2,5,5,"alpha","0.5",0.547428224477405
"paclitaxel","classification","enet",2,5,5,"lambda","0.1011619081",0.547428224477405
"paclitaxel","classification","enet",2,5,5,"measure","auc",0.547428224477405
"paclitaxel","classification","enet",2,5,6,"alpha","0.6",0.548872408708474
"paclitaxel","classification","enet",2,5,6,"lambda","0.08831567377",0.548872408708474
"paclitaxel","classification","enet",2,5,6,"measure","auc",0.548872408708474
"paclitaxel","classification","enet",2,5,7,"alpha","0.7",0.54737473617255
"paclitaxel","classification","enet",2,5,7,"lambda","0.07569914894",0.54737473617255
"paclitaxel","classification","enet",2,5,7,"measure","auc",0.54737473617255
"paclitaxel","classification","enet",2,5,8,"alpha","0.8",0.547199814959378
"paclitaxel","classification","enet",2,5,8,"lambda","0.06939066829",0.547199814959378
"paclitaxel","classification","enet",2,5,8,"measure","auc",0.547199814959378
"paclitaxel","classification","enet",2,5,9,"alpha","0.9",0.546397490386561
"paclitaxel","classification","enet",2,5,9,"lambda","0.06168059404",0.546397490386561
"paclitaxel","classification","enet",2,5,9,"measure","auc",0.546397490386561
"paclitaxel","classification","svm_linear",2,5,1,"cost","0.01",0.508212815990594
"paclitaxel","classification","svm_linear",2,5,2,"cost","0.1",0.492422104644327
"paclitaxel","classification","svm_linear",2,5,3,"cost","1",0.50626102292769
"paclitaxel","classification","svm_linear",2,5,4,"cost","10",0.50626102292769
"paclitaxel","classification","svm_linear",2,5,5,"cost","100",0.50626102292769
"paclitaxel","classification","rf",3,1,1,"mtry","5",0.727889476778366
"paclitaxel","classification","rf",3,1,1,"min.node.size","3",0.727889476778366
"paclitaxel","classification","rf",3,1,1,"sample.fraction","0.632",0.727889476778366
"paclitaxel","classification","rf",3,1,1,"max.depth","0",0.727889476778366
"paclitaxel","classification","rf",3,1,1,"num.trees","500",0.727889476778366
"paclitaxel","classification","rf",3,1,2,"mtry","10",0.712269253380365
"paclitaxel","classification","rf",3,1,2,"min.node.size","1",0.712269253380365
"paclitaxel","classification","rf",3,1,2,"sample.fraction","0.75",0.712269253380365
"paclitaxel","classification","rf",3,1,2,"max.depth","0",0.712269253380365
"paclitaxel","classification","rf",3,1,2,"num.trees","500",0.712269253380365
"paclitaxel","classification","rf",3,1,3,"mtry","20",0.699823633156966
"paclitaxel","classification","rf",3,1,3,"min.node.size","5",0.699823633156966
"paclitaxel","classification","rf",3,1,3,"sample.fraction","0.55",0.699823633156966
"paclitaxel","classification","rf",3,1,3,"max.depth","20",0.699823633156966
"paclitaxel","classification","rf",3,1,3,"num.trees","500",0.699823633156966
"paclitaxel","classification","rf",3,1,4,"mtry","35",0.679320987654321
"paclitaxel","classification","rf",3,1,4,"min.node.size","5",0.679320987654321
"paclitaxel","classification","rf",3,1,4,"sample.fraction","0.55",0.679320987654321
"paclitaxel","classification","rf",3,1,4,"max.depth","20",0.679320987654321
"paclitaxel","classification","rf",3,1,4,"num.trees","500",0.679320987654321
"paclitaxel","classification","rf",3,1,5,"mtry","50",0.688086419753086
"paclitaxel","classification","rf",3,1,5,"min.node.size","10",0.688086419753086
"paclitaxel","classification","rf",3,1,5,"sample.fraction","0.55",0.688086419753086
"paclitaxel","classification","rf",3,1,5,"max.depth","20",0.688086419753086
"paclitaxel","classification","rf",3,1,5,"num.trees","500",0.688086419753086
"paclitaxel","classification","rf",3,1,6,"mtry","14",0.696540270429159
"paclitaxel","classification","rf",3,1,6,"min.node.size","10",0.696540270429159
"paclitaxel","classification","rf",3,1,6,"sample.fraction","0.75",0.696540270429159
"paclitaxel","classification","rf",3,1,6,"max.depth","20",0.696540270429159
"paclitaxel","classification","rf",3,1,6,"num.trees","500",0.696540270429159
"paclitaxel","classification","rf",3,1,7,"mtry","14",0.69560405643739
"paclitaxel","classification","rf",3,1,7,"min.node.size","1",0.69560405643739
"paclitaxel","classification","rf",3,1,7,"sample.fraction","0.632",0.69560405643739
"paclitaxel","classification","rf",3,1,7,"max.depth","30",0.69560405643739
"paclitaxel","classification","rf",3,1,7,"num.trees","500",0.69560405643739
"paclitaxel","classification","rf",3,1,8,"mtry","35",0.677708700764256
"paclitaxel","classification","rf",3,1,8,"min.node.size","1",0.677708700764256
"paclitaxel","classification","rf",3,1,8,"sample.fraction","0.632",0.677708700764256
"paclitaxel","classification","rf",3,1,8,"max.depth","30",0.677708700764256
"paclitaxel","classification","rf",3,1,8,"num.trees","500",0.677708700764256
"paclitaxel","classification","rf",3,1,9,"mtry","10",0.709610523221634
"paclitaxel","classification","rf",3,1,9,"min.node.size","3",0.709610523221634
"paclitaxel","classification","rf",3,1,9,"sample.fraction","0.632",0.709610523221634
"paclitaxel","classification","rf",3,1,9,"max.depth","30",0.709610523221634
"paclitaxel","classification","rf",3,1,9,"num.trees","500",0.709610523221634
"paclitaxel","classification","rf",3,1,10,"mtry","14",0.700146972369195
"paclitaxel","classification","rf",3,1,10,"min.node.size","5",0.700146972369195
"paclitaxel","classification","rf",3,1,10,"sample.fraction","0.632",0.700146972369195
"paclitaxel","classification","rf",3,1,10,"max.depth","30",0.700146972369195
"paclitaxel","classification","rf",3,1,10,"num.trees","500",0.700146972369195
"paclitaxel","classification","rf",3,1,11,"mtry","35",0.687616108171664
"paclitaxel","classification","rf",3,1,11,"min.node.size","1",0.687616108171664
"paclitaxel","classification","rf",3,1,11,"sample.fraction","0.75",0.687616108171664
"paclitaxel","classification","rf",3,1,11,"max.depth","30",0.687616108171664
"paclitaxel","classification","rf",3,1,11,"num.trees","500",0.687616108171664
"paclitaxel","classification","rf",3,1,12,"mtry","20",0.696549088771311
"paclitaxel","classification","rf",3,1,12,"min.node.size","3",0.696549088771311
"paclitaxel","classification","rf",3,1,12,"sample.fraction","0.55",0.696549088771311
"paclitaxel","classification","rf",3,1,12,"max.depth","40",0.696549088771311
"paclitaxel","classification","rf",3,1,12,"num.trees","500",0.696549088771311
"paclitaxel","classification","ridge",3,1,1,"alpha","0",0.699291177823787
"paclitaxel","classification","ridge",3,1,1,"lambda","1.290579701",0.699291177823787
"paclitaxel","classification","ridge",3,1,1,"measure","auc",0.699291177823787
"paclitaxel","classification","lasso",3,1,1,"alpha","1",0.713875948930297
"paclitaxel","classification","lasso",3,1,1,"lambda","0.03349085572",0.713875948930297
"paclitaxel","classification","lasso",3,1,1,"measure","auc",0.713875948930297
"paclitaxel","classification","enet",3,1,1,"alpha","0.1",0.714475500345065
"paclitaxel","classification","enet",3,1,1,"lambda","0.2533460416",0.714475500345065
"paclitaxel","classification","enet",3,1,1,"measure","auc",0.714475500345065
"paclitaxel","classification","enet",3,1,2,"alpha","0.2",0.715401426270992
"paclitaxel","classification","enet",3,1,2,"lambda","0.132704652",0.715401426270992
"paclitaxel","classification","enet",3,1,2,"measure","auc",0.715401426270992
"paclitaxel","classification","enet",3,1,3,"alpha","0.3",0.709907694962043
"paclitaxel","classification","enet",3,1,3,"lambda","0.0970954612",0.709907694962043
"paclitaxel","classification","enet",3,1,3,"measure","auc",0.709907694962043
"paclitaxel","classification","enet",3,1,4,"alpha","0.4",0.710074476650564
"paclitaxel","classification","enet",3,1,4,"lambda","0.06951174198",0.710074476650564
"paclitaxel","classification","enet",3,1,4,"measure","auc",0.710074476650564
"paclitaxel","classification","enet",3,1,5,"alpha","0.5",0.71296440073614
"paclitaxel","classification","enet",3,1,5,"lambda","0.06393728928",0.71296440073614
"paclitaxel","classification","enet",3,1,5,"measure","auc",0.71296440073614
"paclitaxel","classification","enet",3,1,6,"alpha","0.6",0.712896825396825
"paclitaxel","classification","enet",3,1,6,"lambda","0.05581809287",0.712896825396825
"paclitaxel","classification","enet",3,1,6,"measure","auc",0.712896825396825
"paclitaxel","classification","enet",3,1,7,"alpha","0.7",0.716698297676559
"paclitaxel","classification","enet",3,1,7,"lambda","0.0478440796",0.716698297676559
"paclitaxel","classification","enet",3,1,7,"measure","auc",0.716698297676559
"paclitaxel","classification","enet",3,1,8,"alpha","0.8",0.714613526570048
"paclitaxel","classification","enet",3,1,8,"lambda","0.0399608058",0.714613526570048
"paclitaxel","classification","enet",3,1,8,"measure","auc",0.714613526570048
"paclitaxel","classification","enet",3,1,9,"alpha","0.9",0.713198757763975
"paclitaxel","classification","enet",3,1,9,"lambda","0.03552071627",0.713198757763975
"paclitaxel","classification","enet",3,1,9,"measure","auc",0.713198757763975
"paclitaxel","classification","svm_linear",3,1,1,"cost","0.01",0.633600823045268
"paclitaxel","classification","svm_linear",3,1,2,"cost","0.1",0.625044091710758
"paclitaxel","classification","svm_linear",3,1,3,"cost","1",0.605335097001764
"paclitaxel","classification","svm_linear",3,1,4,"cost","10",0.605335097001764
"paclitaxel","classification","svm_linear",3,1,5,"cost","100",0.605335097001764
"paclitaxel","classification","rf",3,2,1,"mtry","14",0.587830687830688
"paclitaxel","classification","rf",3,2,1,"min.node.size","3",0.587830687830688
"paclitaxel","classification","rf",3,2,1,"sample.fraction","0.55",0.587830687830688
"paclitaxel","classification","rf",3,2,1,"max.depth","0",0.587830687830688
"paclitaxel","classification","rf",3,2,1,"num.trees","500",0.587830687830688
"paclitaxel","classification","rf",3,2,2,"mtry","50",0.566455026455026
"paclitaxel","classification","rf",3,2,2,"min.node.size","5",0.566455026455026
"paclitaxel","classification","rf",3,2,2,"sample.fraction","0.75",0.566455026455026
"paclitaxel","classification","rf",3,2,2,"max.depth","0",0.566455026455026
"paclitaxel","classification","rf",3,2,2,"num.trees","500",0.566455026455026
"paclitaxel","classification","rf",3,2,3,"mtry","20",0.579800117577895
"paclitaxel","classification","rf",3,2,3,"min.node.size","1",0.579800117577895
"paclitaxel","classification","rf",3,2,3,"sample.fraction","0.55",0.579800117577895
"paclitaxel","classification","rf",3,2,3,"max.depth","20",0.579800117577895
"paclitaxel","classification","rf",3,2,3,"num.trees","500",0.579800117577895
"paclitaxel","classification","rf",3,2,4,"mtry","10",0.575217519106408
"paclitaxel","classification","rf",3,2,4,"min.node.size","3",0.575217519106408
"paclitaxel","classification","rf",3,2,4,"sample.fraction","0.55",0.575217519106408
"paclitaxel","classification","rf",3,2,4,"max.depth","20",0.575217519106408
"paclitaxel","classification","rf",3,2,4,"num.trees","500",0.575217519106408
"paclitaxel","classification","rf",3,2,5,"mtry","10",0.56477366255144
"paclitaxel","classification","rf",3,2,5,"min.node.size","3",0.56477366255144
"paclitaxel","classification","rf",3,2,5,"sample.fraction","0.632",0.56477366255144
"paclitaxel","classification","rf",3,2,5,"max.depth","20",0.56477366255144
"paclitaxel","classification","rf",3,2,5,"num.trees","500",0.56477366255144
"paclitaxel","classification","rf",3,2,6,"mtry","50",0.55907113462669
"paclitaxel","classification","rf",3,2,6,"min.node.size","3",0.55907113462669
"paclitaxel","classification","rf",3,2,6,"sample.fraction","0.632",0.55907113462669
"paclitaxel","classification","rf",3,2,6,"max.depth","20",0.55907113462669
"paclitaxel","classification","rf",3,2,6,"num.trees","500",0.55907113462669
"paclitaxel","classification","rf",3,2,7,"mtry","35",0.574938271604938
"paclitaxel","classification","rf",3,2,7,"min.node.size","10",0.574938271604938
"paclitaxel","classification","rf",3,2,7,"sample.fraction","0.75",0.574938271604938
"paclitaxel","classification","rf",3,2,7,"max.depth","20",0.574938271604938
"paclitaxel","classification","rf",3,2,7,"num.trees","500",0.574938271604938
"paclitaxel","classification","rf",3,2,8,"mtry","10",0.582627865961199
"paclitaxel","classification","rf",3,2,8,"min.node.size","5",0.582627865961199
"paclitaxel","classification","rf",3,2,8,"sample.fraction","0.55",0.582627865961199
"paclitaxel","classification","rf",3,2,8,"max.depth","30",0.582627865961199
"paclitaxel","classification","rf",3,2,8,"num.trees","500",0.582627865961199
"paclitaxel","classification","rf",3,2,9,"mtry","5",0.585405643738977
"paclitaxel","classification","rf",3,2,9,"min.node.size","1",0.585405643738977
"paclitaxel","classification","rf",3,2,9,"sample.fraction","0.75",0.585405643738977
"paclitaxel","classification","rf",3,2,9,"max.depth","30",0.585405643738977
"paclitaxel","classification","rf",3,2,9,"num.trees","500",0.585405643738977
"paclitaxel","classification","rf",3,2,10,"mtry","10",0.577736625514403
"paclitaxel","classification","rf",3,2,10,"min.node.size","1",0.577736625514403
"paclitaxel","classification","rf",3,2,10,"sample.fraction","0.75",0.577736625514403
"paclitaxel","classification","rf",3,2,10,"max.depth","30",0.577736625514403
"paclitaxel","classification","rf",3,2,10,"num.trees","500",0.577736625514403
"paclitaxel","classification","rf",3,2,11,"mtry","5",0.580652557319224
"paclitaxel","classification","rf",3,2,11,"min.node.size","3",0.580652557319224
"paclitaxel","classification","rf",3,2,11,"sample.fraction","0.75",0.580652557319224
"paclitaxel","classification","rf",3,2,11,"max.depth","30",0.580652557319224
"paclitaxel","classification","rf",3,2,11,"num.trees","500",0.580652557319224
"paclitaxel","classification","rf",3,2,12,"mtry","14",0.586237507348618
"paclitaxel","classification","rf",3,2,12,"min.node.size","5",0.586237507348618
"paclitaxel","classification","rf",3,2,12,"sample.fraction","0.55",0.586237507348618
"paclitaxel","classification","rf",3,2,12,"max.depth","40",0.586237507348618
"paclitaxel","classification","rf",3,2,12,"num.trees","500",0.586237507348618
"paclitaxel","classification","ridge",3,2,1,"alpha","0",0.620084253508167
"paclitaxel","classification","ridge",3,2,1,"lambda","2.322927895",0.620084253508167
"paclitaxel","classification","ridge",3,2,1,"measure","auc",0.620084253508167
"paclitaxel","classification","lasso",3,2,1,"alpha","1",0.625333563377042
"paclitaxel","classification","lasso",3,2,1,"lambda","0.0197391596",0.625333563377042
"paclitaxel","classification","lasso",3,2,1,"measure","auc",0.625333563377042
"paclitaxel","classification","enet",3,2,1,"alpha","0.1",0.60442977915804
"paclitaxel","classification","enet",3,2,1,"lambda","0.8745674408",0.60442977915804
"paclitaxel","classification","enet",3,2,1,"measure","auc",0.60442977915804
"paclitaxel","classification","enet",3,2,2,"alpha","0.2",0.614853634690591
"paclitaxel","classification","enet",3,2,2,"lambda","0.07821473205",0.614853634690591
"paclitaxel","classification","enet",3,2,2,"measure","auc",0.614853634690591
"paclitaxel","classification","enet",3,2,3,"alpha","0.3",0.615598401196227
"paclitaxel","classification","enet",3,2,3,"lambda","0.05462599027",0.615598401196227
"paclitaxel","classification","enet",3,2,3,"measure","auc",0.615598401196227
"paclitaxel","classification","enet",3,2,4,"alpha","0.4",0.620552967563837
"paclitaxel","classification","enet",3,2,4,"lambda","0.04496396766",0.620552967563837
"paclitaxel","classification","enet",3,2,4,"measure","auc",0.620552967563837
"paclitaxel","classification","enet",3,2,5,"alpha","0.5",0.620538589832068
"paclitaxel","classification","enet",3,2,5,"lambda","0.03597117413",0.620538589832068
"paclitaxel","classification","enet",3,2,5,"measure","auc",0.620538589832068
"paclitaxel","classification","enet",3,2,6,"alpha","0.6",0.618988670347366
"paclitaxel","classification","enet",3,2,6,"lambda","0.03140330722",0.618988670347366
"paclitaxel","classification","enet",3,2,6,"measure","auc",0.618988670347366
"paclitaxel","classification","enet",3,2,7,"alpha","0.7",0.621322176213481
"paclitaxel","classification","enet",3,2,7,"lambda","0.02819879943",0.621322176213481
"paclitaxel","classification","enet",3,2,7,"measure","auc",0.621322176213481
"paclitaxel","classification","enet",3,2,8,"alpha","0.8",0.625048884288015
"paclitaxel","classification","enet",3,2,8,"lambda","0.02707962912",0.625048884288015
"paclitaxel","classification","enet",3,2,8,"measure","auc",0.625048884288015
"paclitaxel","classification","enet",3,2,9,"alpha","0.9",0.62459598573729
"paclitaxel","classification","enet",3,2,9,"lambda","0.02093553815",0.62459598573729
"paclitaxel","classification","enet",3,2,9,"measure","auc",0.62459598573729
"paclitaxel","classification","svm_linear",3,2,1,"cost","0.01",0.548312757201646
"paclitaxel","classification","svm_linear",3,2,2,"cost","0.1",0.518001175778954
"paclitaxel","classification","svm_linear",3,2,3,"cost","1",0.51435038212816
"paclitaxel","classification","svm_linear",3,2,4,"cost","10",0.51435038212816
"paclitaxel","classification","svm_linear",3,2,5,"cost","100",0.51435038212816
"paclitaxel","classification","rf",3,3,1,"mtry","10",0.687410346854791
"paclitaxel","classification","rf",3,3,1,"min.node.size","1",0.687410346854791
"paclitaxel","classification","rf",3,3,1,"sample.fraction","0.632",0.687410346854791
"paclitaxel","classification","rf",3,3,1,"max.depth","0",0.687410346854791
"paclitaxel","classification","rf",3,3,1,"num.trees","500",0.687410346854791
"paclitaxel","classification","rf",3,3,2,"mtry","14",0.670820105820106
"paclitaxel","classification","rf",3,3,2,"min.node.size","10",0.670820105820106
"paclitaxel","classification","rf",3,3,2,"sample.fraction","0.632",0.670820105820106
"paclitaxel","classification","rf",3,3,2,"max.depth","0",0.670820105820106
"paclitaxel","classification","rf",3,3,2,"num.trees","500",0.670820105820106
"paclitaxel","classification","rf",3,3,3,"mtry","14",0.666418283362728
"paclitaxel","classification","rf",3,3,3,"min.node.size","1",0.666418283362728
"paclitaxel","classification","rf",3,3,3,"sample.fraction","0.55",0.666418283362728
"paclitaxel","classification","rf",3,3,3,"max.depth","20",0.666418283362728
"paclitaxel","classification","rf",3,3,3,"num.trees","500",0.666418283362728
"paclitaxel","classification","rf",3,3,4,"mtry","10",0.693736037624927
"paclitaxel","classification","rf",3,3,4,"min.node.size","3",0.693736037624927
"paclitaxel","classification","rf",3,3,4,"sample.fraction","0.55",0.693736037624927
"paclitaxel","classification","rf",3,3,4,"max.depth","20",0.693736037624927
"paclitaxel","classification","rf",3,3,4,"num.trees","500",0.693736037624927
"paclitaxel","classification","rf",3,3,5,"mtry","50",0.65645796590241
"paclitaxel","classification","rf",3,3,5,"min.node.size","10",0.65645796590241
"paclitaxel","classification","rf",3,3,5,"sample.fraction","0.55",0.65645796590241
"paclitaxel","classification","rf",3,3,5,"max.depth","20",0.65645796590241
"paclitaxel","classification","rf",3,3,5,"num.trees","500",0.65645796590241
"paclitaxel","classification","rf",3,3,6,"mtry","10",0.687410346854791
"paclitaxel","classification","rf",3,3,6,"min.node.size","1",0.687410346854791
"paclitaxel","classification","rf",3,3,6,"sample.fraction","0.632",0.687410346854791
"paclitaxel","classification","rf",3,3,6,"max.depth","20",0.687410346854791
"paclitaxel","classification","rf",3,3,6,"num.trees","500",0.687410346854791
"paclitaxel","classification","rf",3,3,7,"mtry","50",0.647669018224574
"paclitaxel","classification","rf",3,3,7,"min.node.size","5",0.647669018224574
"paclitaxel","classification","rf",3,3,7,"sample.fraction","0.632",0.647669018224574
"paclitaxel","classification","rf",3,3,7,"max.depth","20",0.647669018224574
"paclitaxel","classification","rf",3,3,7,"num.trees","500",0.647669018224574
"paclitaxel","classification","rf",3,3,8,"mtry","10",0.673756613756614
"paclitaxel","classification","rf",3,3,8,"min.node.size","3",0.673756613756614
"paclitaxel","classification","rf",3,3,8,"sample.fraction","0.75",0.673756613756614
"paclitaxel","classification","rf",3,3,8,"max.depth","20",0.673756613756614
"paclitaxel","classification","rf",3,3,8,"num.trees","500",0.673756613756614
"paclitaxel","classification","rf",3,3,9,"mtry","35",0.661516754850088
"paclitaxel","classification","rf",3,3,9,"min.node.size","5",0.661516754850088
"paclitaxel","classification","rf",3,3,9,"sample.fraction","0.55",0.661516754850088
"paclitaxel","classification","rf",3,3,9,"max.depth","30",0.661516754850088
"paclitaxel","classification","rf",3,3,9,"num.trees","500",0.661516754850088
"paclitaxel","classification","rf",3,3,10,"mtry","14",0.687207524985303
"paclitaxel","classification","rf",3,3,10,"min.node.size","3",0.687207524985303
"paclitaxel","classification","rf",3,3,10,"sample.fraction","0.75",0.687207524985303
"paclitaxel","classification","rf",3,3,10,"max.depth","30",0.687207524985303
"paclitaxel","classification","rf",3,3,10,"num.trees","500",0.687207524985303
"paclitaxel","classification","rf",3,3,11,"mtry","14",0.685920047031158
"paclitaxel","classification","rf",3,3,11,"min.node.size","1",0.685920047031158
"paclitaxel","classification","rf",3,3,11,"sample.fraction","0.632",0.685920047031158
"paclitaxel","classification","rf",3,3,11,"max.depth","40",0.685920047031158
"paclitaxel","classification","rf",3,3,11,"num.trees","500",0.685920047031158
"paclitaxel","classification","rf",3,3,12,"mtry","35",0.676743092298648
"paclitaxel","classification","rf",3,3,12,"min.node.size","5",0.676743092298648
"paclitaxel","classification","rf",3,3,12,"sample.fraction","0.632",0.676743092298648
"paclitaxel","classification","rf",3,3,12,"max.depth","40",0.676743092298648
"paclitaxel","classification","rf",3,3,12,"num.trees","500",0.676743092298648
"paclitaxel","classification","ridge",3,3,1,"alpha","0",0.658572858572859
"paclitaxel","classification","ridge",3,3,1,"lambda","1.43760841",0.658572858572859
"paclitaxel","classification","ridge",3,3,1,"measure","auc",0.658572858572859
"paclitaxel","classification","lasso",3,3,1,"alpha","1",0.667388817388817
"paclitaxel","classification","lasso",3,3,1,"lambda","0.007672083694",0.667388817388817
"paclitaxel","classification","lasso",3,3,1,"measure","auc",0.667388817388817
"paclitaxel","classification","enet",3,3,1,"alpha","0.1",0.677390247390247
"paclitaxel","classification","enet",3,3,1,"lambda","0.06079995123",0.677390247390247
"paclitaxel","classification","enet",3,3,1,"measure","auc",0.677390247390247
"paclitaxel","classification","enet",3,3,2,"alpha","0.2",0.679223509223509
"paclitaxel","classification","enet",3,3,2,"lambda","0.04210051192",0.679223509223509
"paclitaxel","classification","enet",3,3,2,"measure","auc",0.679223509223509
"paclitaxel","classification","enet",3,3,3,"alpha","0.3",0.683124553124553
"paclitaxel","classification","enet",3,3,3,"lambda","0.02806700794",0.683124553124553
"paclitaxel","classification","enet",3,3,3,"measure","auc",0.683124553124553
"paclitaxel","classification","enet",3,3,4,"alpha","0.4",0.67988273988274
"paclitaxel","classification","enet",3,3,4,"lambda","0.02420267904",0.67988273988274
"paclitaxel","classification","enet",3,3,4,"measure","auc",0.67988273988274
"paclitaxel","classification","enet",3,3,5,"alpha","0.5",0.678235378235378
"paclitaxel","classification","enet",3,3,5,"lambda","0.01334557428",0.678235378235378
"paclitaxel","classification","enet",3,3,5,"measure","auc",0.678235378235378
"paclitaxel","classification","enet",3,3,6,"alpha","0.6",0.677480337480338
"paclitaxel","classification","enet",3,3,6,"lambda","0.01540175328",0.677480337480338
"paclitaxel","classification","enet",3,3,6,"measure","auc",0.677480337480338
"paclitaxel","classification","enet",3,3,7,"alpha","0.7",0.675025025025025
"paclitaxel","classification","enet",3,3,7,"lambda","0.008290928515",0.675025025025025
"paclitaxel","classification","enet",3,3,7,"measure","auc",0.675025025025025
"paclitaxel","classification","enet",3,3,8,"alpha","0.8",0.671498641498641
"paclitaxel","classification","enet",3,3,8,"lambda","0.01210133952",0.671498641498641
"paclitaxel","classification","enet",3,3,8,"measure","auc",0.671498641498641
"paclitaxel","classification","enet",3,3,9,"alpha","0.9",0.66973830973831
"paclitaxel","classification","enet",3,3,9,"lambda","0.01126893681",0.66973830973831
"paclitaxel","classification","enet",3,3,9,"measure","auc",0.66973830973831
"paclitaxel","classification","svm_linear",3,3,1,"cost","0.01",0.607757201646091
"paclitaxel","classification","svm_linear",3,3,2,"cost","0.1",0.61506760728983
"paclitaxel","classification","svm_linear",3,3,3,"cost","1",0.620652557319224
"paclitaxel","classification","svm_linear",3,3,4,"cost","10",0.620652557319224
"paclitaxel","classification","svm_linear",3,3,5,"cost","100",0.620652557319224
"paclitaxel","classification","rf",3,4,1,"mtry","35",0.559271017048795
"paclitaxel","classification","rf",3,4,1,"min.node.size","3",0.559271017048795
"paclitaxel","classification","rf",3,4,1,"sample.fraction","0.632",0.559271017048795
"paclitaxel","classification","rf",3,4,1,"max.depth","0",0.559271017048795
"paclitaxel","classification","rf",3,4,1,"num.trees","500",0.559271017048795
"paclitaxel","classification","rf",3,4,2,"mtry","14",0.556255144032922
"paclitaxel","classification","rf",3,4,2,"min.node.size","3",0.556255144032922
"paclitaxel","classification","rf",3,4,2,"sample.fraction","0.75",0.556255144032922
"paclitaxel","classification","rf",3,4,2,"max.depth","0",0.556255144032922
"paclitaxel","classification","rf",3,4,2,"num.trees","500",0.556255144032922
"paclitaxel","classification","rf",3,4,3,"mtry","10",0.578189300411523
"paclitaxel","classification","rf",3,4,3,"min.node.size","3",0.578189300411523
"paclitaxel","classification","rf",3,4,3,"sample.fraction","0.55",0.578189300411523
"paclitaxel","classification","rf",3,4,3,"max.depth","20",0.578189300411523
"paclitaxel","classification","rf",3,4,3,"num.trees","500",0.578189300411523
"paclitaxel","classification","rf",3,4,4,"mtry","5",0.597425044091711
"paclitaxel","classification","rf",3,4,4,"min.node.size","5",0.597425044091711
"paclitaxel","classification","rf",3,4,4,"sample.fraction","0.75",0.597425044091711
"paclitaxel","classification","rf",3,4,4,"max.depth","20",0.597425044091711
"paclitaxel","classification","rf",3,4,4,"num.trees","500",0.597425044091711
"paclitaxel","classification","rf",3,4,5,"mtry","20",0.544556143445032
"paclitaxel","classification","rf",3,4,5,"min.node.size","10",0.544556143445032
"paclitaxel","classification","rf",3,4,5,"sample.fraction","0.75",0.544556143445032
"paclitaxel","classification","rf",3,4,5,"max.depth","20",0.544556143445032
"paclitaxel","classification","rf",3,4,5,"num.trees","500",0.544556143445032
"paclitaxel","classification","rf",3,4,6,"mtry","14",0.564935332157554
"paclitaxel","classification","rf",3,4,6,"min.node.size","1",0.564935332157554
"paclitaxel","classification","rf",3,4,6,"sample.fraction","0.632",0.564935332157554
"paclitaxel","classification","rf",3,4,6,"max.depth","30",0.564935332157554
"paclitaxel","classification","rf",3,4,6,"num.trees","500",0.564935332157554
"paclitaxel","classification","rf",3,4,7,"mtry","35",0.548759553203998
"paclitaxel","classification","rf",3,4,7,"min.node.size","3",0.548759553203998
"paclitaxel","classification","rf",3,4,7,"sample.fraction","0.55",0.548759553203998
"paclitaxel","classification","rf",3,4,7,"max.depth","40",0.548759553203998
"paclitaxel","classification","rf",3,4,7,"num.trees","500",0.548759553203998
"paclitaxel","classification","rf",3,4,8,"mtry","50",0.550570252792475
"paclitaxel","classification","rf",3,4,8,"min.node.size","3",0.550570252792475
"paclitaxel","classification","rf",3,4,8,"sample.fraction","0.55",0.550570252792475
"paclitaxel","classification","rf",3,4,8,"max.depth","40",0.550570252792475
"paclitaxel","classification","rf",3,4,8,"num.trees","500",0.550570252792475
"paclitaxel","classification","rf",3,4,9,"mtry","14",0.564935332157554
"paclitaxel","classification","rf",3,4,9,"min.node.size","1",0.564935332157554
"paclitaxel","classification","rf",3,4,9,"sample.fraction","0.632",0.564935332157554
"paclitaxel","classification","rf",3,4,9,"max.depth","40",0.564935332157554
"paclitaxel","classification","rf",3,4,9,"num.trees","500",0.564935332157554
"paclitaxel","classification","rf",3,4,10,"mtry","50",0.542554379776602
"paclitaxel","classification","rf",3,4,10,"min.node.size","1",0.542554379776602
"paclitaxel","classification","rf",3,4,10,"sample.fraction","0.632",0.542554379776602
"paclitaxel","classification","rf",3,4,10,"max.depth","40",0.542554379776602
"paclitaxel","classification","rf",3,4,10,"num.trees","500",0.542554379776602
"paclitaxel","classification","rf",3,4,11,"mtry","10",0.556014109347443
"paclitaxel","classification","rf",3,4,11,"min.node.size","10",0.556014109347443
"paclitaxel","classification","rf",3,4,11,"sample.fraction","0.632",0.556014109347443
"paclitaxel","classification","rf",3,4,11,"max.depth","40",0.556014109347443
"paclitaxel","classification","rf",3,4,11,"num.trees","500",0.556014109347443
"paclitaxel","classification","rf",3,4,12,"mtry","35",0.539606114050558
"paclitaxel","classification","rf",3,4,12,"min.node.size","10",0.539606114050558
"paclitaxel","classification","rf",3,4,12,"sample.fraction","0.632",0.539606114050558
"paclitaxel","classification","rf",3,4,12,"max.depth","40",0.539606114050558
"paclitaxel","classification","rf",3,4,12,"num.trees","500",0.539606114050558
"paclitaxel","classification","ridge",3,4,1,"alpha","0",0.626217793880837
"paclitaxel","classification","ridge",3,4,1,"lambda","2.441217216",0.626217793880837
"paclitaxel","classification","ridge",3,4,1,"measure","auc",0.626217793880837
"paclitaxel","classification","lasso",3,4,1,"alpha","1",0.60890125373821
"paclitaxel","classification","lasso",3,4,1,"lambda","0.01497908247",0.60890125373821
"paclitaxel","classification","lasso",3,4,1,"measure","auc",0.60890125373821
"paclitaxel","classification","enet",3,4,1,"alpha","0.1",0.61160858063032
"paclitaxel","classification","enet",3,4,1,"lambda","0.1187066669",0.61160858063032
"paclitaxel","classification","enet",3,4,1,"measure","auc",0.61160858063032
"paclitaxel","classification","enet",3,4,2,"alpha","0.2",0.611101046698873
"paclitaxel","classification","enet",3,4,2,"lambda","0.03558138861",0.611101046698873
"paclitaxel","classification","enet",3,4,2,"measure","auc",0.611101046698873
"paclitaxel","classification","enet",3,4,3,"alpha","0.3",0.611795491143317
"paclitaxel","classification","enet",3,4,3,"lambda","0.02857193903",0.611795491143317
"paclitaxel","classification","enet",3,4,3,"measure","auc",0.611795491143317
"paclitaxel","classification","enet",3,4,4,"alpha","0.4",0.608620887968714
"paclitaxel","classification","enet",3,4,4,"lambda","0.02581125129",0.608620887968714
"paclitaxel","classification","enet",3,4,4,"measure","auc",0.608620887968714
"paclitaxel","classification","enet",3,4,5,"alpha","0.5",0.610330400276052
"paclitaxel","classification","enet",3,4,5,"lambda","0.01881460069",0.610330400276052
"paclitaxel","classification","enet",3,4,5,"measure","auc",0.610330400276052
"paclitaxel","classification","enet",3,4,6,"alpha","0.6",0.608826489533011
"paclitaxel","classification","enet",3,4,6,"lambda","0.01802684896",0.608826489533011
"paclitaxel","classification","enet",3,4,6,"measure","auc",0.608826489533011
"paclitaxel","classification","enet",3,4,7,"alpha","0.7",0.60884086726478
"paclitaxel","classification","enet",3,4,7,"lambda","0.01618732367",0.60884086726478
"paclitaxel","classification","enet",3,4,7,"measure","auc",0.60884086726478
"paclitaxel","classification","enet",3,4,8,"alpha","0.8",0.609738037727168
"paclitaxel","classification","enet",3,4,8,"lambda","0.01787282507",0.609738037727168
"paclitaxel","classification","enet",3,4,8,"measure","auc",0.609738037727168
"paclitaxel","classification","enet",3,4,9,"alpha","0.9",0.610376409017713
"paclitaxel","classification","enet",3,4,9,"lambda","0.01588695562",0.610376409017713
"paclitaxel","classification","enet",3,4,9,"measure","auc",0.610376409017713
"paclitaxel","classification","svm_linear",3,4,1,"cost","0.01",0.521728395061728
"paclitaxel","classification","svm_linear",3,4,2,"cost","0.1",0.513821281599059
"paclitaxel","classification","svm_linear",3,4,3,"cost","1",0.524791299235744
"paclitaxel","classification","svm_linear",3,4,4,"cost","10",0.524791299235744
"paclitaxel","classification","svm_linear",3,4,5,"cost","100",0.524791299235744
"paclitaxel","classification","rf",3,5,1,"mtry","5",0.492104644326867
"paclitaxel","classification","rf",3,5,1,"min.node.size","3",0.492104644326867
"paclitaxel","classification","rf",3,5,1,"sample.fraction","0.55",0.492104644326867
"paclitaxel","classification","rf",3,5,1,"max.depth","0",0.492104644326867
"paclitaxel","classification","rf",3,5,1,"num.trees","500",0.492104644326867
"paclitaxel","classification","rf",3,5,2,"mtry","5",0.491840094062316
"paclitaxel","classification","rf",3,5,2,"min.node.size","3",0.491840094062316
"paclitaxel","classification","rf",3,5,2,"sample.fraction","0.632",0.491840094062316
"paclitaxel","classification","rf",3,5,2,"max.depth","0",0.491840094062316
"paclitaxel","classification","rf",3,5,2,"num.trees","500",0.491840094062316
"paclitaxel","classification","rf",3,5,3,"mtry","10",0.490482069370958
"paclitaxel","classification","rf",3,5,3,"min.node.size","5",0.490482069370958
"paclitaxel","classification","rf",3,5,3,"sample.fraction","0.632",0.490482069370958
"paclitaxel","classification","rf",3,5,3,"max.depth","0",0.490482069370958
"paclitaxel","classification","rf",3,5,3,"num.trees","500",0.490482069370958
"paclitaxel","classification","rf",3,5,4,"mtry","5",0.514591416813639
"paclitaxel","classification","rf",3,5,4,"min.node.size","10",0.514591416813639
"paclitaxel","classification","rf",3,5,4,"sample.fraction","0.632",0.514591416813639
"paclitaxel","classification","rf",3,5,4,"max.depth","0",0.514591416813639
"paclitaxel","classification","rf",3,5,4,"num.trees","500",0.514591416813639
"paclitaxel","classification","rf",3,5,5,"mtry","35",0.509165196942975
"paclitaxel","classification","rf",3,5,5,"min.node.size","10",0.509165196942975
"paclitaxel","classification","rf",3,5,5,"sample.fraction","0.75",0.509165196942975
"paclitaxel","classification","rf",3,5,5,"max.depth","20",0.509165196942975
"paclitaxel","classification","rf",3,5,5,"num.trees","500",0.509165196942975
"paclitaxel","classification","rf",3,5,6,"mtry","14",0.494726631393298
"paclitaxel","classification","rf",3,5,6,"min.node.size","3",0.494726631393298
"paclitaxel","classification","rf",3,5,6,"sample.fraction","0.75",0.494726631393298
"paclitaxel","classification","rf",3,5,6,"max.depth","30",0.494726631393298
"paclitaxel","classification","rf",3,5,6,"num.trees","500",0.494726631393298
"paclitaxel","classification","rf",3,5,7,"mtry","14",0.493486184597296
"paclitaxel","classification","rf",3,5,7,"min.node.size","5",0.493486184597296
"paclitaxel","classification","rf",3,5,7,"sample.fraction","0.75",0.493486184597296
"paclitaxel","classification","rf",3,5,7,"max.depth","30",0.493486184597296
"paclitaxel","classification","rf",3,5,7,"num.trees","500",0.493486184597296
"paclitaxel","classification","rf",3,5,8,"mtry","10",0.509382716049383
"paclitaxel","classification","rf",3,5,8,"min.node.size","10",0.509382716049383
"paclitaxel","classification","rf",3,5,8,"sample.fraction","0.75",0.509382716049383
"paclitaxel","classification","rf",3,5,8,"max.depth","30",0.509382716049383
"paclitaxel","classification","rf",3,5,8,"num.trees","500",0.509382716049383
"paclitaxel","classification","rf",3,5,9,"mtry","35",0.506566725455614
"paclitaxel","classification","rf",3,5,9,"min.node.size","5",0.506566725455614
"paclitaxel","classification","rf",3,5,9,"sample.fraction","0.55",0.506566725455614
"paclitaxel","classification","rf",3,5,9,"max.depth","40",0.506566725455614
"paclitaxel","classification","rf",3,5,9,"num.trees","500",0.506566725455614
"paclitaxel","classification","rf",3,5,10,"mtry","50",0.518189300411523
"paclitaxel","classification","rf",3,5,10,"min.node.size","3",0.518189300411523
"paclitaxel","classification","rf",3,5,10,"sample.fraction","0.632",0.518189300411523
"paclitaxel","classification","rf",3,5,10,"max.depth","40",0.518189300411523
"paclitaxel","classification","rf",3,5,10,"num.trees","500",0.518189300411523
"paclitaxel","classification","rf",3,5,11,"mtry","50",0.508736037624926
"paclitaxel","classification","rf",3,5,11,"min.node.size","10",0.508736037624926
"paclitaxel","classification","rf",3,5,11,"sample.fraction","0.632",0.508736037624926
"paclitaxel","classification","rf",3,5,11,"max.depth","40",0.508736037624926
"paclitaxel","classification","rf",3,5,11,"num.trees","500",0.508736037624926
"paclitaxel","classification","rf",3,5,12,"mtry","35",0.509165196942975
"paclitaxel","classification","rf",3,5,12,"min.node.size","10",0.509165196942975
"paclitaxel","classification","rf",3,5,12,"sample.fraction","0.75",0.509165196942975
"paclitaxel","classification","rf",3,5,12,"max.depth","40",0.509165196942975
"paclitaxel","classification","rf",3,5,12,"num.trees","500",0.509165196942975
"paclitaxel","classification","ridge",3,5,1,"alpha","0",0.588304854425073
"paclitaxel","classification","ridge",3,5,1,"lambda","18.14676242",0.588304854425073
"paclitaxel","classification","ridge",3,5,1,"measure","auc",0.588304854425073
"paclitaxel","classification","lasso",3,5,1,"alpha","1",0.598839159221673
"paclitaxel","classification","lasso",3,5,1,"lambda","0.02185783958",0.598839159221673
"paclitaxel","classification","lasso",3,5,1,"measure","auc",0.598839159221673
"paclitaxel","classification","enet",3,5,1,"alpha","0.1",0.554880446410501
"paclitaxel","classification","enet",3,5,1,"lambda","0.03245819806",0.554880446410501
"paclitaxel","classification","enet",3,5,1,"measure","auc",0.554880446410501
"paclitaxel","classification","enet",3,5,2,"alpha","0.2",0.574604620233035
"paclitaxel","classification","enet",3,5,2,"lambda","0.09073381211",0.574604620233035
"paclitaxel","classification","enet",3,5,2,"measure","auc",0.574604620233035
"paclitaxel","classification","enet",3,5,3,"alpha","0.3",0.57835602972215
"paclitaxel","classification","enet",3,5,3,"lambda","0.06336944725",0.57835602972215
"paclitaxel","classification","enet",3,5,3,"measure","auc",0.57835602972215
"paclitaxel","classification","enet",3,5,4,"alpha","0.4",0.584713909850522
"paclitaxel","classification","enet",3,5,4,"lambda","0.05724654267",0.584713909850522
"paclitaxel","classification","enet",3,5,4,"measure","auc",0.584713909850522
"paclitaxel","classification","enet",3,5,5,"alpha","0.5",0.591810506837829
"paclitaxel","classification","enet",3,5,5,"lambda","0.04371567916",0.591810506837829
"paclitaxel","classification","enet",3,5,5,"measure","auc",0.591810506837829
"paclitaxel","classification","enet",3,5,6,"alpha","0.6",0.595707924942898
"paclitaxel","classification","enet",3,5,6,"lambda","0.03816436178",0.595707924942898
"paclitaxel","classification","enet",3,5,6,"measure","auc",0.595707924942898
"paclitaxel","classification","enet",3,5,7,"alpha","0.7",0.595829357851216
"paclitaxel","classification","enet",3,5,7,"lambda","0.03122548512",0.595829357851216
"paclitaxel","classification","enet",3,5,7,"measure","auc",0.595829357851216
"paclitaxel","classification","enet",3,5,8,"alpha","0.8",0.595661664787348
"paclitaxel","classification","enet",3,5,8,"lambda","0.02862327133",0.595661664787348
"paclitaxel","classification","enet",3,5,8,"measure","auc",0.595661664787348
"paclitaxel","classification","enet",3,5,9,"alpha","0.9",0.598136583109261
"paclitaxel","classification","enet",3,5,9,"lambda","0.02318263004",0.598136583109261
"paclitaxel","classification","enet",3,5,9,"measure","auc",0.598136583109261
"paclitaxel","classification","svm_linear",3,5,1,"cost","0.01",0.506378600823045
"paclitaxel","classification","svm_linear",3,5,2,"cost","0.1",0.526696061140506
"paclitaxel","classification","svm_linear",3,5,3,"cost","1",0.524079952968842
"paclitaxel","classification","svm_linear",3,5,4,"cost","10",0.524079952968842
"paclitaxel","classification","svm_linear",3,5,5,"cost","100",0.524079952968842
